fold,cutoff,date,sku,horizon,actual,prediction,model
0,2010-11-30,2010-12-01,17003,1,39.0,1584.0,seasonal_naive_7d
0,2010-11-30,2010-12-01,20725,1,78.0,49.0,seasonal_naive_7d
0,2010-11-30,2010-12-01,21212,1,241.0,239.0,seasonal_naive_7d
0,2010-11-30,2010-12-01,21213,1,51.0,62.0,seasonal_naive_7d
0,2010-11-30,2010-12-01,21232,1,549.0,47.0,seasonal_naive_7d
0,2010-11-30,2010-12-01,21977,1,122.0,11.0,seasonal_naive_7d
0,2010-11-30,2010-12-01,21980,1,85.0,1.0,seasonal_naive_7d
0,2010-11-30,2010-12-01,21982,1,75.0,19.0,seasonal_naive_7d
0,2010-11-30,2010-12-01,21984,1,49.0,0.0,seasonal_naive_7d
0,2010-11-30,2010-12-01,22197,1,271.0,1307.0,seasonal_naive_7d
0,2010-11-30,2010-12-01,84077,1,0.0,192.0,seasonal_naive_7d
0,2010-11-30,2010-12-01,84270,1,0.0,0.0,seasonal_naive_7d
0,2010-11-30,2010-12-01,84347,1,34.0,152.0,seasonal_naive_7d
0,2010-11-30,2010-12-01,84568,1,0.0,0.0,seasonal_naive_7d
0,2010-11-30,2010-12-01,84755,1,68.0,0.0,seasonal_naive_7d
0,2010-11-30,2010-12-01,84879,1,224.0,43.0,seasonal_naive_7d
0,2010-11-30,2010-12-01,84991,1,78.0,17.0,seasonal_naive_7d
0,2010-11-30,2010-12-01,84992,1,74.0,66.0,seasonal_naive_7d
0,2010-11-30,2010-12-01,85099B,1,556.0,230.0,seasonal_naive_7d
0,2010-11-30,2010-12-01,85123A,1,454.0,250.0,seasonal_naive_7d
0,2010-11-30,2010-12-02,17003,2,36.0,25.0,seasonal_naive_7d
0,2010-11-30,2010-12-02,20725,2,11.0,178.0,seasonal_naive_7d
0,2010-11-30,2010-12-02,21212,2,459.0,766.0,seasonal_naive_7d
0,2010-11-30,2010-12-02,21213,2,49.0,280.0,seasonal_naive_7d
0,2010-11-30,2010-12-02,21232,2,44.0,219.0,seasonal_naive_7d
0,2010-11-30,2010-12-02,21977,2,144.0,805.0,seasonal_naive_7d
0,2010-11-30,2010-12-02,21980,2,12.0,504.0,seasonal_naive_7d
0,2010-11-30,2010-12-02,21982,2,26.0,474.0,seasonal_naive_7d
0,2010-11-30,2010-12-02,21984,2,1.0,12.0,seasonal_naive_7d
0,2010-11-30,2010-12-02,22197,2,74.0,477.0,seasonal_naive_7d
0,2010-11-30,2010-12-02,84077,2,3264.0,240.0,seasonal_naive_7d
0,2010-11-30,2010-12-02,84270,2,0.0,0.0,seasonal_naive_7d
0,2010-11-30,2010-12-02,84347,2,386.0,93.0,seasonal_naive_7d
0,2010-11-30,2010-12-02,84568,2,0.0,0.0,seasonal_naive_7d
0,2010-11-30,2010-12-02,84755,2,72.0,0.0,seasonal_naive_7d
0,2010-11-30,2010-12-02,84879,2,503.0,160.0,seasonal_naive_7d
0,2010-11-30,2010-12-02,84991,2,168.0,125.0,seasonal_naive_7d
0,2010-11-30,2010-12-02,84992,2,24.0,126.0,seasonal_naive_7d
0,2010-11-30,2010-12-02,85099B,2,48.0,456.0,seasonal_naive_7d
0,2010-11-30,2010-12-02,85123A,2,309.0,896.0,seasonal_naive_7d
0,2010-11-30,2010-12-03,17003,3,0.0,0.0,seasonal_naive_7d
0,2010-11-30,2010-12-03,20725,3,93.0,41.0,seasonal_naive_7d
0,2010-11-30,2010-12-03,21212,3,254.0,56.0,seasonal_naive_7d
0,2010-11-30,2010-12-03,21213,3,30.0,44.0,seasonal_naive_7d
0,2010-11-30,2010-12-03,21232,3,117.0,112.0,seasonal_naive_7d
0,2010-11-30,2010-12-03,21977,3,133.0,15.0,seasonal_naive_7d
0,2010-11-30,2010-12-03,21980,3,0.0,37.0,seasonal_naive_7d
0,2010-11-30,2010-12-03,21982,3,6.0,21.0,seasonal_naive_7d
0,2010-11-30,2010-12-03,21984,3,2.0,48.0,seasonal_naive_7d
0,2010-11-30,2010-12-03,22197,3,67.0,173.0,seasonal_naive_7d
0,2010-11-30,2010-12-03,84077,3,49.0,49.0,seasonal_naive_7d
0,2010-11-30,2010-12-03,84270,3,3.0,0.0,seasonal_naive_7d
0,2010-11-30,2010-12-03,84347,3,154.0,211.0,seasonal_naive_7d
0,2010-11-30,2010-12-03,84568,3,0.0,2.0,seasonal_naive_7d
0,2010-11-30,2010-12-03,84755,3,0.0,0.0,seasonal_naive_7d
0,2010-11-30,2010-12-03,84879,3,48.0,81.0,seasonal_naive_7d
0,2010-11-30,2010-12-03,84991,3,30.0,8.0,seasonal_naive_7d
0,2010-11-30,2010-12-03,84992,3,51.0,7.0,seasonal_naive_7d
0,2010-11-30,2010-12-03,85099B,3,49.0,113.0,seasonal_naive_7d
0,2010-11-30,2010-12-03,85123A,3,60.0,121.0,seasonal_naive_7d
0,2010-11-30,2010-12-04,17003,4,0.0,0.0,seasonal_naive_7d
0,2010-11-30,2010-12-04,20725,4,0.0,0.0,seasonal_naive_7d
0,2010-11-30,2010-12-04,21212,4,0.0,0.0,seasonal_naive_7d
0,2010-11-30,2010-12-04,21213,4,0.0,0.0,seasonal_naive_7d
0,2010-11-30,2010-12-04,21232,4,0.0,0.0,seasonal_naive_7d
0,2010-11-30,2010-12-04,21977,4,0.0,0.0,seasonal_naive_7d
0,2010-11-30,2010-12-04,21980,4,0.0,0.0,seasonal_naive_7d
0,2010-11-30,2010-12-04,21982,4,0.0,0.0,seasonal_naive_7d
0,2010-11-30,2010-12-04,21984,4,0.0,0.0,seasonal_naive_7d
0,2010-11-30,2010-12-04,22197,4,0.0,0.0,seasonal_naive_7d
0,2010-11-30,2010-12-04,84077,4,0.0,0.0,seasonal_naive_7d
0,2010-11-30,2010-12-04,84270,4,0.0,0.0,seasonal_naive_7d
0,2010-11-30,2010-12-04,84347,4,0.0,0.0,seasonal_naive_7d
0,2010-11-30,2010-12-04,84568,4,0.0,0.0,seasonal_naive_7d
0,2010-11-30,2010-12-04,84755,4,0.0,0.0,seasonal_naive_7d
0,2010-11-30,2010-12-04,84879,4,0.0,0.0,seasonal_naive_7d
0,2010-11-30,2010-12-04,84991,4,0.0,0.0,seasonal_naive_7d
0,2010-11-30,2010-12-04,84992,4,0.0,0.0,seasonal_naive_7d
0,2010-11-30,2010-12-04,85099B,4,0.0,0.0,seasonal_naive_7d
0,2010-11-30,2010-12-04,85123A,4,0.0,0.0,seasonal_naive_7d
0,2010-11-30,2010-12-05,17003,5,723.0,108.0,seasonal_naive_7d
0,2010-11-30,2010-12-05,20725,5,36.0,5.0,seasonal_naive_7d
0,2010-11-30,2010-12-05,21212,5,21.0,36.0,seasonal_naive_7d
0,2010-11-30,2010-12-05,21213,5,3.0,150.0,seasonal_naive_7d
0,2010-11-30,2010-12-05,21232,5,4.0,27.0,seasonal_naive_7d
0,2010-11-30,2010-12-05,21977,5,10.0,5.0,seasonal_naive_7d
0,2010-11-30,2010-12-05,21980,5,48.0,24.0,seasonal_naive_7d
0,2010-11-30,2010-12-05,21982,5,51.0,452.0,seasonal_naive_7d
0,2010-11-30,2010-12-05,21984,5,24.0,0.0,seasonal_naive_7d
0,2010-11-30,2010-12-05,22197,5,81.0,16.0,seasonal_naive_7d
0,2010-11-30,2010-12-05,84077,5,96.0,48.0,seasonal_naive_7d
0,2010-11-30,2010-12-05,84270,5,0.0,0.0,seasonal_naive_7d
0,2010-11-30,2010-12-05,84347,5,124.0,34.0,seasonal_naive_7d
0,2010-11-30,2010-12-05,84568,5,0.0,1440.0,seasonal_naive_7d
0,2010-11-30,2010-12-05,84755,5,0.0,40.0,seasonal_naive_7d
0,2010-11-30,2010-12-05,84879,5,129.0,67.0,seasonal_naive_7d
0,2010-11-30,2010-12-05,84991,5,9.0,24.0,seasonal_naive_7d
0,2010-11-30,2010-12-05,84992,5,19.0,4.0,seasonal_naive_7d
0,2010-11-30,2010-12-05,85099B,5,39.0,6.0,seasonal_naive_7d
0,2010-11-30,2010-12-05,85123A,5,198.0,127.0,seasonal_naive_7d
0,2010-11-30,2010-12-06,17003,6,185.0,0.0,seasonal_naive_7d
0,2010-11-30,2010-12-06,20725,6,34.0,34.0,seasonal_naive_7d
0,2010-11-30,2010-12-06,21212,6,141.0,594.0,seasonal_naive_7d
0,2010-11-30,2010-12-06,21213,6,58.0,2.0,seasonal_naive_7d
0,2010-11-30,2010-12-06,21232,6,35.0,88.0,seasonal_naive_7d
0,2010-11-30,2010-12-06,21977,6,56.0,53.0,seasonal_naive_7d
0,2010-11-30,2010-12-06,21980,6,2.0,24.0,seasonal_naive_7d
0,2010-11-30,2010-12-06,21982,6,38.0,67.0,seasonal_naive_7d
0,2010-11-30,2010-12-06,21984,6,5.0,40.0,seasonal_naive_7d
0,2010-11-30,2010-12-06,22197,6,265.0,143.0,seasonal_naive_7d
0,2010-11-30,2010-12-06,84077,6,8.0,53.0,seasonal_naive_7d
0,2010-11-30,2010-12-06,84270,6,14.0,30.0,seasonal_naive_7d
0,2010-11-30,2010-12-06,84347,6,27.0,79.0,seasonal_naive_7d
0,2010-11-30,2010-12-06,84568,6,58.0,0.0,seasonal_naive_7d
0,2010-11-30,2010-12-06,84755,6,48.0,32.0,seasonal_naive_7d
0,2010-11-30,2010-12-06,84879,6,130.0,160.0,seasonal_naive_7d
0,2010-11-30,2010-12-06,84991,6,57.0,79.0,seasonal_naive_7d
0,2010-11-30,2010-12-06,84992,6,1.0,28.0,seasonal_naive_7d
0,2010-11-30,2010-12-06,85099B,6,157.0,280.0,seasonal_naive_7d
0,2010-11-30,2010-12-06,85123A,6,161.0,341.0,seasonal_naive_7d
0,2010-11-30,2010-12-07,17003,7,3.0,0.0,seasonal_naive_7d
0,2010-11-30,2010-12-07,20725,7,33.0,41.0,seasonal_naive_7d
0,2010-11-30,2010-12-07,21212,7,261.0,270.0,seasonal_naive_7d
0,2010-11-30,2010-12-07,21213,7,34.0,50.0,seasonal_naive_7d
0,2010-11-30,2010-12-07,21232,7,76.0,164.0,seasonal_naive_7d
0,2010-11-30,2010-12-07,21977,7,9.0,206.0,seasonal_naive_7d
0,2010-11-30,2010-12-07,21980,7,1.0,12.0,seasonal_naive_7d
0,2010-11-30,2010-12-07,21982,7,7.0,60.0,seasonal_naive_7d
0,2010-11-30,2010-12-07,21984,7,2.0,0.0,seasonal_naive_7d
0,2010-11-30,2010-12-07,22197,7,130.0,47.0,seasonal_naive_7d
0,2010-11-30,2010-12-07,84077,7,50.0,192.0,seasonal_naive_7d
0,2010-11-30,2010-12-07,84270,7,0.0,0.0,seasonal_naive_7d
0,2010-11-30,2010-12-07,84347,7,169.0,161.0,seasonal_naive_7d
0,2010-11-30,2010-12-07,84568,7,10.0,0.0,seasonal_naive_7d
0,2010-11-30,2010-12-07,84755,7,12.0,112.0,seasonal_naive_7d
0,2010-11-30,2010-12-07,84879,7,271.0,128.0,seasonal_naive_7d
0,2010-11-30,2010-12-07,84991,7,30.0,42.0,seasonal_naive_7d
0,2010-11-30,2010-12-07,84992,7,28.0,38.0,seasonal_naive_7d
0,2010-11-30,2010-12-07,85099B,7,343.0,795.0,seasonal_naive_7d
0,2010-11-30,2010-12-07,85123A,7,377.0,287.0,seasonal_naive_7d
0,2010-11-30,2010-12-08,17003,8,0.0,1584.0,seasonal_naive_7d
0,2010-11-30,2010-12-08,20725,8,117.0,49.0,seasonal_naive_7d
0,2010-11-30,2010-12-08,21212,8,134.0,239.0,seasonal_naive_7d
0,2010-11-30,2010-12-08,21213,8,73.0,62.0,seasonal_naive_7d
0,2010-11-30,2010-12-08,21232,8,68.0,47.0,seasonal_naive_7d
0,2010-11-30,2010-12-08,21977,8,57.0,11.0,seasonal_naive_7d
0,2010-11-30,2010-12-08,21980,8,48.0,1.0,seasonal_naive_7d
0,2010-11-30,2010-12-08,21982,8,78.0,19.0,seasonal_naive_7d
0,2010-11-30,2010-12-08,21984,8,51.0,0.0,seasonal_naive_7d
0,2010-11-30,2010-12-08,22197,8,213.0,1307.0,seasonal_naive_7d
0,2010-11-30,2010-12-08,84077,8,240.0,192.0,seasonal_naive_7d
0,2010-11-30,2010-12-08,84270,8,0.0,0.0,seasonal_naive_7d
0,2010-11-30,2010-12-08,84347,8,99.0,152.0,seasonal_naive_7d
0,2010-11-30,2010-12-08,84568,8,0.0,0.0,seasonal_naive_7d
0,2010-11-30,2010-12-08,84755,8,48.0,0.0,seasonal_naive_7d
0,2010-11-30,2010-12-08,84879,8,91.0,43.0,seasonal_naive_7d
0,2010-11-30,2010-12-08,84991,8,77.0,17.0,seasonal_naive_7d
0,2010-11-30,2010-12-08,84992,8,82.0,66.0,seasonal_naive_7d
0,2010-11-30,2010-12-08,85099B,8,205.0,230.0,seasonal_naive_7d
0,2010-11-30,2010-12-08,85123A,8,151.0,250.0,seasonal_naive_7d
0,2010-11-30,2010-12-09,17003,9,39.0,25.0,seasonal_naive_7d
0,2010-11-30,2010-12-09,20725,9,34.0,178.0,seasonal_naive_7d
0,2010-11-30,2010-12-09,21212,9,77.0,766.0,seasonal_naive_7d
0,2010-11-30,2010-12-09,21213,9,2.0,280.0,seasonal_naive_7d
0,2010-11-30,2010-12-09,21232,9,11.0,219.0,seasonal_naive_7d
0,2010-11-30,2010-12-09,21977,9,33.0,805.0,seasonal_naive_7d
0,2010-11-30,2010-12-09,21980,9,13.0,504.0,seasonal_naive_7d
0,2010-11-30,2010-12-09,21982,9,5.0,474.0,seasonal_naive_7d
0,2010-11-30,2010-12-09,21984,9,2.0,12.0,seasonal_naive_7d
0,2010-11-30,2010-12-09,22197,9,260.0,477.0,seasonal_naive_7d
0,2010-11-30,2010-12-09,84077,9,52.0,240.0,seasonal_naive_7d
0,2010-11-30,2010-12-09,84270,9,0.0,0.0,seasonal_naive_7d
0,2010-11-30,2010-12-09,84347,9,99.0,93.0,seasonal_naive_7d
0,2010-11-30,2010-12-09,84568,9,0.0,0.0,seasonal_naive_7d
0,2010-11-30,2010-12-09,84755,9,16.0,0.0,seasonal_naive_7d
0,2010-11-30,2010-12-09,84879,9,120.0,160.0,seasonal_naive_7d
0,2010-11-30,2010-12-09,84991,9,61.0,125.0,seasonal_naive_7d
0,2010-11-30,2010-12-09,84992,9,33.0,126.0,seasonal_naive_7d
0,2010-11-30,2010-12-09,85099B,9,21.0,456.0,seasonal_naive_7d
0,2010-11-30,2010-12-09,85123A,9,195.0,896.0,seasonal_naive_7d
0,2010-11-30,2010-12-10,17003,10,36.0,0.0,seasonal_naive_7d
0,2010-11-30,2010-12-10,20725,10,47.0,41.0,seasonal_naive_7d
0,2010-11-30,2010-12-10,21212,10,486.0,56.0,seasonal_naive_7d
0,2010-11-30,2010-12-10,21213,10,69.0,44.0,seasonal_naive_7d
0,2010-11-30,2010-12-10,21232,10,204.0,112.0,seasonal_naive_7d
0,2010-11-30,2010-12-10,21977,10,75.0,15.0,seasonal_naive_7d
0,2010-11-30,2010-12-10,21980,10,6.0,37.0,seasonal_naive_7d
0,2010-11-30,2010-12-10,21982,10,32.0,21.0,seasonal_naive_7d
0,2010-11-30,2010-12-10,21984,10,2.0,48.0,seasonal_naive_7d
0,2010-11-30,2010-12-10,22197,10,95.0,173.0,seasonal_naive_7d
0,2010-11-30,2010-12-10,84077,10,67.0,49.0,seasonal_naive_7d
0,2010-11-30,2010-12-10,84270,10,0.0,0.0,seasonal_naive_7d
0,2010-11-30,2010-12-10,84347,10,262.0,211.0,seasonal_naive_7d
0,2010-11-30,2010-12-10,84568,10,0.0,2.0,seasonal_naive_7d
0,2010-11-30,2010-12-10,84755,10,4.0,0.0,seasonal_naive_7d
0,2010-11-30,2010-12-10,84879,10,152.0,81.0,seasonal_naive_7d
0,2010-11-30,2010-12-10,84991,10,34.0,8.0,seasonal_naive_7d
0,2010-11-30,2010-12-10,84992,10,1.0,7.0,seasonal_naive_7d
0,2010-11-30,2010-12-10,85099B,10,125.0,113.0,seasonal_naive_7d
0,2010-11-30,2010-12-10,85123A,10,196.0,121.0,seasonal_naive_7d
0,2010-11-30,2010-12-11,17003,11,0.0,0.0,seasonal_naive_7d
0,2010-11-30,2010-12-11,20725,11,0.0,0.0,seasonal_naive_7d
0,2010-11-30,2010-12-11,21212,11,0.0,0.0,seasonal_naive_7d
0,2010-11-30,2010-12-11,21213,11,0.0,0.0,seasonal_naive_7d
0,2010-11-30,2010-12-11,21232,11,0.0,0.0,seasonal_naive_7d
0,2010-11-30,2010-12-11,21977,11,0.0,0.0,seasonal_naive_7d
0,2010-11-30,2010-12-11,21980,11,0.0,0.0,seasonal_naive_7d
0,2010-11-30,2010-12-11,21982,11,0.0,0.0,seasonal_naive_7d
0,2010-11-30,2010-12-11,21984,11,0.0,0.0,seasonal_naive_7d
0,2010-11-30,2010-12-11,22197,11,0.0,0.0,seasonal_naive_7d
0,2010-11-30,2010-12-11,84077,11,0.0,0.0,seasonal_naive_7d
0,2010-11-30,2010-12-11,84270,11,0.0,0.0,seasonal_naive_7d
0,2010-11-30,2010-12-11,84347,11,0.0,0.0,seasonal_naive_7d
0,2010-11-30,2010-12-11,84568,11,0.0,0.0,seasonal_naive_7d
0,2010-11-30,2010-12-11,84755,11,0.0,0.0,seasonal_naive_7d
0,2010-11-30,2010-12-11,84879,11,0.0,0.0,seasonal_naive_7d
0,2010-11-30,2010-12-11,84991,11,0.0,0.0,seasonal_naive_7d
0,2010-11-30,2010-12-11,84992,11,0.0,0.0,seasonal_naive_7d
0,2010-11-30,2010-12-11,85099B,11,0.0,0.0,seasonal_naive_7d
0,2010-11-30,2010-12-11,85123A,11,0.0,0.0,seasonal_naive_7d
0,2010-11-30,2010-12-12,17003,12,0.0,108.0,seasonal_naive_7d
0,2010-11-30,2010-12-12,20725,12,18.0,5.0,seasonal_naive_7d
0,2010-11-30,2010-12-12,21212,12,5.0,36.0,seasonal_naive_7d
0,2010-11-30,2010-12-12,21213,12,2.0,150.0,seasonal_naive_7d
0,2010-11-30,2010-12-12,21232,12,19.0,27.0,seasonal_naive_7d
0,2010-11-30,2010-12-12,21977,12,2.0,5.0,seasonal_naive_7d
0,2010-11-30,2010-12-12,21980,12,0.0,24.0,seasonal_naive_7d
0,2010-11-30,2010-12-12,21982,12,4.0,452.0,seasonal_naive_7d
0,2010-11-30,2010-12-12,21984,12,4.0,0.0,seasonal_naive_7d
0,2010-11-30,2010-12-12,22197,12,49.0,16.0,seasonal_naive_7d
0,2010-11-30,2010-12-12,84077,12,96.0,48.0,seasonal_naive_7d
0,2010-11-30,2010-12-12,84270,12,0.0,0.0,seasonal_naive_7d
0,2010-11-30,2010-12-12,84347,12,5.0,34.0,seasonal_naive_7d
0,2010-11-30,2010-12-12,84568,12,0.0,1440.0,seasonal_naive_7d
0,2010-11-30,2010-12-12,84755,12,16.0,40.0,seasonal_naive_7d
0,2010-11-30,2010-12-12,84879,12,25.0,67.0,seasonal_naive_7d
0,2010-11-30,2010-12-12,84991,12,7.0,24.0,seasonal_naive_7d
0,2010-11-30,2010-12-12,84992,12,2.0,4.0,seasonal_naive_7d
0,2010-11-30,2010-12-12,85099B,12,1.0,6.0,seasonal_naive_7d
0,2010-11-30,2010-12-12,85123A,12,42.0,127.0,seasonal_naive_7d
0,2010-11-30,2010-12-13,17003,13,17.0,0.0,seasonal_naive_7d
0,2010-11-30,2010-12-13,20725,13,24.0,34.0,seasonal_naive_7d
0,2010-11-30,2010-12-13,21212,13,33.0,594.0,seasonal_naive_7d
0,2010-11-30,2010-12-13,21213,13,2.0,2.0,seasonal_naive_7d
0,2010-11-30,2010-12-13,21232,13,132.0,88.0,seasonal_naive_7d
0,2010-11-30,2010-12-13,21977,13,36.0,53.0,seasonal_naive_7d
0,2010-11-30,2010-12-13,21980,13,39.0,24.0,seasonal_naive_7d
0,2010-11-30,2010-12-13,21982,13,4.0,67.0,seasonal_naive_7d
0,2010-11-30,2010-12-13,21984,13,51.0,40.0,seasonal_naive_7d
0,2010-11-30,2010-12-13,22197,13,45.0,143.0,seasonal_naive_7d
0,2010-11-30,2010-12-13,84077,13,242.0,53.0,seasonal_naive_7d
0,2010-11-30,2010-12-13,84270,13,0.0,30.0,seasonal_naive_7d
0,2010-11-30,2010-12-13,84347,13,51.0,79.0,seasonal_naive_7d
0,2010-11-30,2010-12-13,84568,13,0.0,0.0,seasonal_naive_7d
0,2010-11-30,2010-12-13,84755,13,32.0,32.0,seasonal_naive_7d
0,2010-11-30,2010-12-13,84879,13,82.0,160.0,seasonal_naive_7d
0,2010-11-30,2010-12-13,84991,13,43.0,79.0,seasonal_naive_7d
0,2010-11-30,2010-12-13,84992,13,32.0,28.0,seasonal_naive_7d
0,2010-11-30,2010-12-13,85099B,13,28.0,280.0,seasonal_naive_7d
0,2010-11-30,2010-12-13,85123A,13,337.0,341.0,seasonal_naive_7d
0,2010-11-30,2010-12-14,17003,14,0.0,0.0,seasonal_naive_7d
0,2010-11-30,2010-12-14,20725,14,36.0,41.0,seasonal_naive_7d
0,2010-11-30,2010-12-14,21212,14,188.0,270.0,seasonal_naive_7d
0,2010-11-30,2010-12-14,21213,14,69.0,50.0,seasonal_naive_7d
0,2010-11-30,2010-12-14,21232,14,23.0,164.0,seasonal_naive_7d
0,2010-11-30,2010-12-14,21977,14,53.0,206.0,seasonal_naive_7d
0,2010-11-30,2010-12-14,21980,14,24.0,12.0,seasonal_naive_7d
0,2010-11-30,2010-12-14,21982,14,24.0,60.0,seasonal_naive_7d
0,2010-11-30,2010-12-14,21984,14,0.0,0.0,seasonal_naive_7d
0,2010-11-30,2010-12-14,22197,14,282.0,47.0,seasonal_naive_7d
0,2010-11-30,2010-12-14,84077,14,144.0,192.0,seasonal_naive_7d
0,2010-11-30,2010-12-14,84270,14,0.0,0.0,seasonal_naive_7d
0,2010-11-30,2010-12-14,84347,14,137.0,161.0,seasonal_naive_7d
0,2010-11-30,2010-12-14,84568,14,0.0,0.0,seasonal_naive_7d
0,2010-11-30,2010-12-14,84755,14,48.0,112.0,seasonal_naive_7d
0,2010-11-30,2010-12-14,84879,14,228.0,128.0,seasonal_naive_7d
0,2010-11-30,2010-12-14,84991,14,128.0,42.0,seasonal_naive_7d
0,2010-11-30,2010-12-14,84992,14,5.0,38.0,seasonal_naive_7d
0,2010-11-30,2010-12-14,85099B,14,63.0,795.0,seasonal_naive_7d
0,2010-11-30,2010-12-14,85123A,14,190.0,287.0,seasonal_naive_7d
1,2010-12-14,2010-12-15,17003,1,36.0,0.0,seasonal_naive_7d
1,2010-12-14,2010-12-15,20725,1,59.0,117.0,seasonal_naive_7d
1,2010-12-14,2010-12-15,21212,1,194.0,134.0,seasonal_naive_7d
1,2010-12-14,2010-12-15,21213,1,24.0,73.0,seasonal_naive_7d
1,2010-12-14,2010-12-15,21232,1,37.0,68.0,seasonal_naive_7d
1,2010-12-14,2010-12-15,21977,1,24.0,57.0,seasonal_naive_7d
1,2010-12-14,2010-12-15,21980,1,1.0,48.0,seasonal_naive_7d
1,2010-12-14,2010-12-15,21982,1,14.0,78.0,seasonal_naive_7d
1,2010-12-14,2010-12-15,21984,1,12.0,51.0,seasonal_naive_7d
1,2010-12-14,2010-12-15,22197,1,355.0,213.0,seasonal_naive_7d
1,2010-12-14,2010-12-15,84077,1,0.0,240.0,seasonal_naive_7d
1,2010-12-14,2010-12-15,84270,1,0.0,0.0,seasonal_naive_7d
1,2010-12-14,2010-12-15,84347,1,528.0,99.0,seasonal_naive_7d
1,2010-12-14,2010-12-15,84568,1,0.0,0.0,seasonal_naive_7d
1,2010-12-14,2010-12-15,84755,1,0.0,48.0,seasonal_naive_7d
1,2010-12-14,2010-12-15,84879,1,120.0,91.0,seasonal_naive_7d
1,2010-12-14,2010-12-15,84991,1,24.0,77.0,seasonal_naive_7d
1,2010-12-14,2010-12-15,84992,1,0.0,82.0,seasonal_naive_7d
1,2010-12-14,2010-12-15,85099B,1,80.0,205.0,seasonal_naive_7d
1,2010-12-14,2010-12-15,85123A,1,112.0,151.0,seasonal_naive_7d
1,2010-12-14,2010-12-16,17003,2,36.0,39.0,seasonal_naive_7d
1,2010-12-14,2010-12-16,20725,2,51.0,34.0,seasonal_naive_7d
1,2010-12-14,2010-12-16,21212,2,0.0,77.0,seasonal_naive_7d
1,2010-12-14,2010-12-16,21213,2,168.0,2.0,seasonal_naive_7d
1,2010-12-14,2010-12-16,21232,2,64.0,11.0,seasonal_naive_7d
1,2010-12-14,2010-12-16,21977,2,168.0,33.0,seasonal_naive_7d
1,2010-12-14,2010-12-16,21980,2,12.0,13.0,seasonal_naive_7d
1,2010-12-14,2010-12-16,21982,2,144.0,5.0,seasonal_naive_7d
1,2010-12-14,2010-12-16,21984,2,0.0,2.0,seasonal_naive_7d
1,2010-12-14,2010-12-16,22197,2,19.0,260.0,seasonal_naive_7d
1,2010-12-14,2010-12-16,84077,2,51.0,52.0,seasonal_naive_7d
1,2010-12-14,2010-12-16,84270,2,0.0,0.0,seasonal_naive_7d
1,2010-12-14,2010-12-16,84347,2,60.0,99.0,seasonal_naive_7d
1,2010-12-14,2010-12-16,84568,2,0.0,0.0,seasonal_naive_7d
1,2010-12-14,2010-12-16,84755,2,48.0,16.0,seasonal_naive_7d
1,2010-12-14,2010-12-16,84879,2,160.0,120.0,seasonal_naive_7d
1,2010-12-14,2010-12-16,84991,2,232.0,61.0,seasonal_naive_7d
1,2010-12-14,2010-12-16,84992,2,120.0,33.0,seasonal_naive_7d
1,2010-12-14,2010-12-16,85099B,2,210.0,21.0,seasonal_naive_7d
1,2010-12-14,2010-12-16,85123A,2,790.0,195.0,seasonal_naive_7d
1,2010-12-14,2010-12-17,17003,3,1.0,36.0,seasonal_naive_7d
1,2010-12-14,2010-12-17,20725,3,15.0,47.0,seasonal_naive_7d
1,2010-12-14,2010-12-17,21212,3,249.0,486.0,seasonal_naive_7d
1,2010-12-14,2010-12-17,21213,3,0.0,69.0,seasonal_naive_7d
1,2010-12-14,2010-12-17,21232,3,81.0,204.0,seasonal_naive_7d
1,2010-12-14,2010-12-17,21977,3,267.0,75.0,seasonal_naive_7d
1,2010-12-14,2010-12-17,21980,3,2.0,6.0,seasonal_naive_7d
1,2010-12-14,2010-12-17,21982,3,4.0,32.0,seasonal_naive_7d
1,2010-12-14,2010-12-17,21984,3,32.0,2.0,seasonal_naive_7d
1,2010-12-14,2010-12-17,22197,3,272.0,95.0,seasonal_naive_7d
1,2010-12-14,2010-12-17,84077,3,637.0,67.0,seasonal_naive_7d
1,2010-12-14,2010-12-17,84270,3,0.0,0.0,seasonal_naive_7d
1,2010-12-14,2010-12-17,84347,3,25.0,262.0,seasonal_naive_7d
1,2010-12-14,2010-12-17,84568,3,57.0,0.0,seasonal_naive_7d
1,2010-12-14,2010-12-17,84755,3,32.0,4.0,seasonal_naive_7d
1,2010-12-14,2010-12-17,84879,3,40.0,152.0,seasonal_naive_7d
1,2010-12-14,2010-12-17,84991,3,1.0,34.0,seasonal_naive_7d
1,2010-12-14,2010-12-17,84992,3,247.0,1.0,seasonal_naive_7d
1,2010-12-14,2010-12-17,85099B,3,45.0,125.0,seasonal_naive_7d
1,2010-12-14,2010-12-17,85123A,3,58.0,196.0,seasonal_naive_7d
1,2010-12-14,2010-12-18,17003,4,0.0,0.0,seasonal_naive_7d
1,2010-12-14,2010-12-18,20725,4,0.0,0.0,seasonal_naive_7d
1,2010-12-14,2010-12-18,21212,4,0.0,0.0,seasonal_naive_7d
1,2010-12-14,2010-12-18,21213,4,0.0,0.0,seasonal_naive_7d
1,2010-12-14,2010-12-18,21232,4,0.0,0.0,seasonal_naive_7d
1,2010-12-14,2010-12-18,21977,4,0.0,0.0,seasonal_naive_7d
1,2010-12-14,2010-12-18,21980,4,0.0,0.0,seasonal_naive_7d
1,2010-12-14,2010-12-18,21982,4,0.0,0.0,seasonal_naive_7d
1,2010-12-14,2010-12-18,21984,4,0.0,0.0,seasonal_naive_7d
1,2010-12-14,2010-12-18,22197,4,0.0,0.0,seasonal_naive_7d
1,2010-12-14,2010-12-18,84077,4,0.0,0.0,seasonal_naive_7d
1,2010-12-14,2010-12-18,84270,4,0.0,0.0,seasonal_naive_7d
1,2010-12-14,2010-12-18,84347,4,0.0,0.0,seasonal_naive_7d
1,2010-12-14,2010-12-18,84568,4,0.0,0.0,seasonal_naive_7d
1,2010-12-14,2010-12-18,84755,4,0.0,0.0,seasonal_naive_7d
1,2010-12-14,2010-12-18,84879,4,0.0,0.0,seasonal_naive_7d
1,2010-12-14,2010-12-18,84991,4,0.0,0.0,seasonal_naive_7d
1,2010-12-14,2010-12-18,84992,4,0.0,0.0,seasonal_naive_7d
1,2010-12-14,2010-12-18,85099B,4,0.0,0.0,seasonal_naive_7d
1,2010-12-14,2010-12-18,85123A,4,0.0,0.0,seasonal_naive_7d
1,2010-12-14,2010-12-19,17003,5,0.0,0.0,seasonal_naive_7d
1,2010-12-14,2010-12-19,20725,5,2.0,18.0,seasonal_naive_7d
1,2010-12-14,2010-12-19,21212,5,0.0,5.0,seasonal_naive_7d
1,2010-12-14,2010-12-19,21213,5,12.0,2.0,seasonal_naive_7d
1,2010-12-14,2010-12-19,21232,5,29.0,19.0,seasonal_naive_7d
1,2010-12-14,2010-12-19,21977,5,1.0,2.0,seasonal_naive_7d
1,2010-12-14,2010-12-19,21980,5,0.0,0.0,seasonal_naive_7d
1,2010-12-14,2010-12-19,21982,5,0.0,4.0,seasonal_naive_7d
1,2010-12-14,2010-12-19,21984,5,0.0,4.0,seasonal_naive_7d
1,2010-12-14,2010-12-19,22197,5,8.0,49.0,seasonal_naive_7d
1,2010-12-14,2010-12-19,84077,5,99.0,96.0,seasonal_naive_7d
1,2010-12-14,2010-12-19,84270,5,0.0,0.0,seasonal_naive_7d
1,2010-12-14,2010-12-19,84347,5,0.0,5.0,seasonal_naive_7d
1,2010-12-14,2010-12-19,84568,5,0.0,0.0,seasonal_naive_7d
1,2010-12-14,2010-12-19,84755,5,0.0,16.0,seasonal_naive_7d
1,2010-12-14,2010-12-19,84879,5,8.0,25.0,seasonal_naive_7d
1,2010-12-14,2010-12-19,84991,5,1.0,7.0,seasonal_naive_7d
1,2010-12-14,2010-12-19,84992,5,27.0,2.0,seasonal_naive_7d
1,2010-12-14,2010-12-19,85099B,5,1.0,1.0,seasonal_naive_7d
1,2010-12-14,2010-12-19,85123A,5,42.0,42.0,seasonal_naive_7d
1,2010-12-14,2010-12-20,17003,6,0.0,17.0,seasonal_naive_7d
1,2010-12-14,2010-12-20,20725,6,12.0,24.0,seasonal_naive_7d
1,2010-12-14,2010-12-20,21212,6,991.0,33.0,seasonal_naive_7d
1,2010-12-14,2010-12-20,21213,6,505.0,2.0,seasonal_naive_7d
1,2010-12-14,2010-12-20,21232,6,45.0,132.0,seasonal_naive_7d
1,2010-12-14,2010-12-20,21977,6,507.0,36.0,seasonal_naive_7d
1,2010-12-14,2010-12-20,21980,6,0.0,39.0,seasonal_naive_7d
1,2010-12-14,2010-12-20,21982,6,50.0,4.0,seasonal_naive_7d
1,2010-12-14,2010-12-20,21984,6,5.0,51.0,seasonal_naive_7d
1,2010-12-14,2010-12-20,22197,6,169.0,45.0,seasonal_naive_7d
1,2010-12-14,2010-12-20,84077,6,52.0,242.0,seasonal_naive_7d
1,2010-12-14,2010-12-20,84270,6,0.0,0.0,seasonal_naive_7d
1,2010-12-14,2010-12-20,84347,6,46.0,51.0,seasonal_naive_7d
1,2010-12-14,2010-12-20,84568,6,0.0,0.0,seasonal_naive_7d
1,2010-12-14,2010-12-20,84755,6,0.0,32.0,seasonal_naive_7d
1,2010-12-14,2010-12-20,84879,6,0.0,82.0,seasonal_naive_7d
1,2010-12-14,2010-12-20,84991,6,482.0,43.0,seasonal_naive_7d
1,2010-12-14,2010-12-20,84992,6,721.0,32.0,seasonal_naive_7d
1,2010-12-14,2010-12-20,85099B,6,47.0,28.0,seasonal_naive_7d
1,2010-12-14,2010-12-20,85123A,6,85.0,337.0,seasonal_naive_7d
1,2010-12-14,2010-12-21,17003,7,0.0,0.0,seasonal_naive_7d
1,2010-12-14,2010-12-21,20725,7,21.0,36.0,seasonal_naive_7d
1,2010-12-14,2010-12-21,21212,7,300.0,188.0,seasonal_naive_7d
1,2010-12-14,2010-12-21,21213,7,127.0,69.0,seasonal_naive_7d
1,2010-12-14,2010-12-21,21232,7,2.0,23.0,seasonal_naive_7d
1,2010-12-14,2010-12-21,21977,7,27.0,53.0,seasonal_naive_7d
1,2010-12-14,2010-12-21,21980,7,0.0,24.0,seasonal_naive_7d
1,2010-12-14,2010-12-21,21982,7,1.0,24.0,seasonal_naive_7d
1,2010-12-14,2010-12-21,21984,7,0.0,0.0,seasonal_naive_7d
1,2010-12-14,2010-12-21,22197,7,75.0,282.0,seasonal_naive_7d
1,2010-12-14,2010-12-21,84077,7,48.0,144.0,seasonal_naive_7d
1,2010-12-14,2010-12-21,84270,7,0.0,0.0,seasonal_naive_7d
1,2010-12-14,2010-12-21,84347,7,138.0,137.0,seasonal_naive_7d
1,2010-12-14,2010-12-21,84568,7,0.0,0.0,seasonal_naive_7d
1,2010-12-14,2010-12-21,84755,7,0.0,48.0,seasonal_naive_7d
1,2010-12-14,2010-12-21,84879,7,24.0,228.0,seasonal_naive_7d
1,2010-12-14,2010-12-21,84991,7,77.0,128.0,seasonal_naive_7d
1,2010-12-14,2010-12-21,84992,7,2.0,5.0,seasonal_naive_7d
1,2010-12-14,2010-12-21,85099B,7,122.0,63.0,seasonal_naive_7d
1,2010-12-14,2010-12-21,85123A,7,42.0,190.0,seasonal_naive_7d
1,2010-12-14,2010-12-22,17003,8,0.0,0.0,seasonal_naive_7d
1,2010-12-14,2010-12-22,20725,8,10.0,117.0,seasonal_naive_7d
1,2010-12-14,2010-12-22,21212,8,24.0,134.0,seasonal_naive_7d
1,2010-12-14,2010-12-22,21213,8,24.0,73.0,seasonal_naive_7d
1,2010-12-14,2010-12-22,21232,8,0.0,68.0,seasonal_naive_7d
1,2010-12-14,2010-12-22,21977,8,0.0,57.0,seasonal_naive_7d
1,2010-12-14,2010-12-22,21980,8,0.0,48.0,seasonal_naive_7d
1,2010-12-14,2010-12-22,21982,8,0.0,78.0,seasonal_naive_7d
1,2010-12-14,2010-12-22,21984,8,0.0,51.0,seasonal_naive_7d
1,2010-12-14,2010-12-22,22197,8,0.0,213.0,seasonal_naive_7d
1,2010-12-14,2010-12-22,84077,8,0.0,240.0,seasonal_naive_7d
1,2010-12-14,2010-12-22,84270,8,0.0,0.0,seasonal_naive_7d
1,2010-12-14,2010-12-22,84347,8,0.0,99.0,seasonal_naive_7d
1,2010-12-14,2010-12-22,84568,8,0.0,0.0,seasonal_naive_7d
1,2010-12-14,2010-12-22,84755,8,0.0,48.0,seasonal_naive_7d
1,2010-12-14,2010-12-22,84879,8,0.0,91.0,seasonal_naive_7d
1,2010-12-14,2010-12-22,84991,8,0.0,77.0,seasonal_naive_7d
1,2010-12-14,2010-12-22,84992,8,0.0,82.0,seasonal_naive_7d
1,2010-12-14,2010-12-22,85099B,8,0.0,205.0,seasonal_naive_7d
1,2010-12-14,2010-12-22,85123A,8,24.0,151.0,seasonal_naive_7d
1,2010-12-14,2010-12-23,17003,9,0.0,39.0,seasonal_naive_7d
1,2010-12-14,2010-12-23,20725,9,1.0,34.0,seasonal_naive_7d
1,2010-12-14,2010-12-23,21212,9,48.0,77.0,seasonal_naive_7d
1,2010-12-14,2010-12-23,21213,9,49.0,2.0,seasonal_naive_7d
1,2010-12-14,2010-12-23,21232,9,0.0,11.0,seasonal_naive_7d
1,2010-12-14,2010-12-23,21977,9,0.0,33.0,seasonal_naive_7d
1,2010-12-14,2010-12-23,21980,9,0.0,13.0,seasonal_naive_7d
1,2010-12-14,2010-12-23,21982,9,24.0,5.0,seasonal_naive_7d
1,2010-12-14,2010-12-23,21984,9,0.0,2.0,seasonal_naive_7d
1,2010-12-14,2010-12-23,22197,9,8.0,260.0,seasonal_naive_7d
1,2010-12-14,2010-12-23,84077,9,0.0,52.0,seasonal_naive_7d
1,2010-12-14,2010-12-23,84270,9,0.0,0.0,seasonal_naive_7d
1,2010-12-14,2010-12-23,84347,9,0.0,99.0,seasonal_naive_7d
1,2010-12-14,2010-12-23,84568,9,0.0,0.0,seasonal_naive_7d
1,2010-12-14,2010-12-23,84755,9,8.0,16.0,seasonal_naive_7d
1,2010-12-14,2010-12-23,84879,9,16.0,120.0,seasonal_naive_7d
1,2010-12-14,2010-12-23,84991,9,48.0,61.0,seasonal_naive_7d
1,2010-12-14,2010-12-23,84992,9,0.0,33.0,seasonal_naive_7d
1,2010-12-14,2010-12-23,85099B,9,11.0,21.0,seasonal_naive_7d
1,2010-12-14,2010-12-23,85123A,9,47.0,195.0,seasonal_naive_7d
1,2010-12-14,2010-12-24,17003,10,0.0,36.0,seasonal_naive_7d
1,2010-12-14,2010-12-24,20725,10,0.0,47.0,seasonal_naive_7d
1,2010-12-14,2010-12-24,21212,10,0.0,486.0,seasonal_naive_7d
1,2010-12-14,2010-12-24,21213,10,0.0,69.0,seasonal_naive_7d
1,2010-12-14,2010-12-24,21232,10,0.0,204.0,seasonal_naive_7d
1,2010-12-14,2010-12-24,21977,10,0.0,75.0,seasonal_naive_7d
1,2010-12-14,2010-12-24,21980,10,0.0,6.0,seasonal_naive_7d
1,2010-12-14,2010-12-24,21982,10,0.0,32.0,seasonal_naive_7d
1,2010-12-14,2010-12-24,21984,10,0.0,2.0,seasonal_naive_7d
1,2010-12-14,2010-12-24,22197,10,0.0,95.0,seasonal_naive_7d
1,2010-12-14,2010-12-24,84077,10,0.0,67.0,seasonal_naive_7d
1,2010-12-14,2010-12-24,84270,10,0.0,0.0,seasonal_naive_7d
1,2010-12-14,2010-12-24,84347,10,0.0,262.0,seasonal_naive_7d
1,2010-12-14,2010-12-24,84568,10,0.0,0.0,seasonal_naive_7d
1,2010-12-14,2010-12-24,84755,10,0.0,4.0,seasonal_naive_7d
1,2010-12-14,2010-12-24,84879,10,0.0,152.0,seasonal_naive_7d
1,2010-12-14,2010-12-24,84991,10,0.0,34.0,seasonal_naive_7d
1,2010-12-14,2010-12-24,84992,10,0.0,1.0,seasonal_naive_7d
1,2010-12-14,2010-12-24,85099B,10,0.0,125.0,seasonal_naive_7d
1,2010-12-14,2010-12-24,85123A,10,0.0,196.0,seasonal_naive_7d
1,2010-12-14,2010-12-25,17003,11,0.0,0.0,seasonal_naive_7d
1,2010-12-14,2010-12-25,20725,11,0.0,0.0,seasonal_naive_7d
1,2010-12-14,2010-12-25,21212,11,0.0,0.0,seasonal_naive_7d
1,2010-12-14,2010-12-25,21213,11,0.0,0.0,seasonal_naive_7d
1,2010-12-14,2010-12-25,21232,11,0.0,0.0,seasonal_naive_7d
1,2010-12-14,2010-12-25,21977,11,0.0,0.0,seasonal_naive_7d
1,2010-12-14,2010-12-25,21980,11,0.0,0.0,seasonal_naive_7d
1,2010-12-14,2010-12-25,21982,11,0.0,0.0,seasonal_naive_7d
1,2010-12-14,2010-12-25,21984,11,0.0,0.0,seasonal_naive_7d
1,2010-12-14,2010-12-25,22197,11,0.0,0.0,seasonal_naive_7d
1,2010-12-14,2010-12-25,84077,11,0.0,0.0,seasonal_naive_7d
1,2010-12-14,2010-12-25,84270,11,0.0,0.0,seasonal_naive_7d
1,2010-12-14,2010-12-25,84347,11,0.0,0.0,seasonal_naive_7d
1,2010-12-14,2010-12-25,84568,11,0.0,0.0,seasonal_naive_7d
1,2010-12-14,2010-12-25,84755,11,0.0,0.0,seasonal_naive_7d
1,2010-12-14,2010-12-25,84879,11,0.0,0.0,seasonal_naive_7d
1,2010-12-14,2010-12-25,84991,11,0.0,0.0,seasonal_naive_7d
1,2010-12-14,2010-12-25,84992,11,0.0,0.0,seasonal_naive_7d
1,2010-12-14,2010-12-25,85099B,11,0.0,0.0,seasonal_naive_7d
1,2010-12-14,2010-12-25,85123A,11,0.0,0.0,seasonal_naive_7d
1,2010-12-14,2010-12-26,17003,12,0.0,0.0,seasonal_naive_7d
1,2010-12-14,2010-12-26,20725,12,0.0,18.0,seasonal_naive_7d
1,2010-12-14,2010-12-26,21212,12,0.0,5.0,seasonal_naive_7d
1,2010-12-14,2010-12-26,21213,12,0.0,2.0,seasonal_naive_7d
1,2010-12-14,2010-12-26,21232,12,0.0,19.0,seasonal_naive_7d
1,2010-12-14,2010-12-26,21977,12,0.0,2.0,seasonal_naive_7d
1,2010-12-14,2010-12-26,21980,12,0.0,0.0,seasonal_naive_7d
1,2010-12-14,2010-12-26,21982,12,0.0,4.0,seasonal_naive_7d
1,2010-12-14,2010-12-26,21984,12,0.0,4.0,seasonal_naive_7d
1,2010-12-14,2010-12-26,22197,12,0.0,49.0,seasonal_naive_7d
1,2010-12-14,2010-12-26,84077,12,0.0,96.0,seasonal_naive_7d
1,2010-12-14,2010-12-26,84270,12,0.0,0.0,seasonal_naive_7d
1,2010-12-14,2010-12-26,84347,12,0.0,5.0,seasonal_naive_7d
1,2010-12-14,2010-12-26,84568,12,0.0,0.0,seasonal_naive_7d
1,2010-12-14,2010-12-26,84755,12,0.0,16.0,seasonal_naive_7d
1,2010-12-14,2010-12-26,84879,12,0.0,25.0,seasonal_naive_7d
1,2010-12-14,2010-12-26,84991,12,0.0,7.0,seasonal_naive_7d
1,2010-12-14,2010-12-26,84992,12,0.0,2.0,seasonal_naive_7d
1,2010-12-14,2010-12-26,85099B,12,0.0,1.0,seasonal_naive_7d
1,2010-12-14,2010-12-26,85123A,12,0.0,42.0,seasonal_naive_7d
1,2010-12-14,2010-12-27,17003,13,0.0,17.0,seasonal_naive_7d
1,2010-12-14,2010-12-27,20725,13,0.0,24.0,seasonal_naive_7d
1,2010-12-14,2010-12-27,21212,13,0.0,33.0,seasonal_naive_7d
1,2010-12-14,2010-12-27,21213,13,0.0,2.0,seasonal_naive_7d
1,2010-12-14,2010-12-27,21232,13,0.0,132.0,seasonal_naive_7d
1,2010-12-14,2010-12-27,21977,13,0.0,36.0,seasonal_naive_7d
1,2010-12-14,2010-12-27,21980,13,0.0,39.0,seasonal_naive_7d
1,2010-12-14,2010-12-27,21982,13,0.0,4.0,seasonal_naive_7d
1,2010-12-14,2010-12-27,21984,13,0.0,51.0,seasonal_naive_7d
1,2010-12-14,2010-12-27,22197,13,0.0,45.0,seasonal_naive_7d
1,2010-12-14,2010-12-27,84077,13,0.0,242.0,seasonal_naive_7d
1,2010-12-14,2010-12-27,84270,13,0.0,0.0,seasonal_naive_7d
1,2010-12-14,2010-12-27,84347,13,0.0,51.0,seasonal_naive_7d
1,2010-12-14,2010-12-27,84568,13,0.0,0.0,seasonal_naive_7d
1,2010-12-14,2010-12-27,84755,13,0.0,32.0,seasonal_naive_7d
1,2010-12-14,2010-12-27,84879,13,0.0,82.0,seasonal_naive_7d
1,2010-12-14,2010-12-27,84991,13,0.0,43.0,seasonal_naive_7d
1,2010-12-14,2010-12-27,84992,13,0.0,32.0,seasonal_naive_7d
1,2010-12-14,2010-12-27,85099B,13,0.0,28.0,seasonal_naive_7d
1,2010-12-14,2010-12-27,85123A,13,0.0,337.0,seasonal_naive_7d
1,2010-12-14,2010-12-28,17003,14,0.0,0.0,seasonal_naive_7d
1,2010-12-14,2010-12-28,20725,14,0.0,36.0,seasonal_naive_7d
1,2010-12-14,2010-12-28,21212,14,0.0,188.0,seasonal_naive_7d
1,2010-12-14,2010-12-28,21213,14,0.0,69.0,seasonal_naive_7d
1,2010-12-14,2010-12-28,21232,14,0.0,23.0,seasonal_naive_7d
1,2010-12-14,2010-12-28,21977,14,0.0,53.0,seasonal_naive_7d
1,2010-12-14,2010-12-28,21980,14,0.0,24.0,seasonal_naive_7d
1,2010-12-14,2010-12-28,21982,14,0.0,24.0,seasonal_naive_7d
1,2010-12-14,2010-12-28,21984,14,0.0,0.0,seasonal_naive_7d
1,2010-12-14,2010-12-28,22197,14,0.0,282.0,seasonal_naive_7d
1,2010-12-14,2010-12-28,84077,14,0.0,144.0,seasonal_naive_7d
1,2010-12-14,2010-12-28,84270,14,0.0,0.0,seasonal_naive_7d
1,2010-12-14,2010-12-28,84347,14,0.0,137.0,seasonal_naive_7d
1,2010-12-14,2010-12-28,84568,14,0.0,0.0,seasonal_naive_7d
1,2010-12-14,2010-12-28,84755,14,0.0,48.0,seasonal_naive_7d
1,2010-12-14,2010-12-28,84879,14,0.0,228.0,seasonal_naive_7d
1,2010-12-14,2010-12-28,84991,14,0.0,128.0,seasonal_naive_7d
1,2010-12-14,2010-12-28,84992,14,0.0,5.0,seasonal_naive_7d
1,2010-12-14,2010-12-28,85099B,14,0.0,63.0,seasonal_naive_7d
1,2010-12-14,2010-12-28,85123A,14,0.0,190.0,seasonal_naive_7d
2,2010-12-28,2010-12-29,17003,1,0.0,0.0,seasonal_naive_7d
2,2010-12-28,2010-12-29,20725,1,0.0,10.0,seasonal_naive_7d
2,2010-12-28,2010-12-29,21212,1,0.0,24.0,seasonal_naive_7d
2,2010-12-28,2010-12-29,21213,1,0.0,24.0,seasonal_naive_7d
2,2010-12-28,2010-12-29,21232,1,0.0,0.0,seasonal_naive_7d
2,2010-12-28,2010-12-29,21977,1,0.0,0.0,seasonal_naive_7d
2,2010-12-28,2010-12-29,21980,1,0.0,0.0,seasonal_naive_7d
2,2010-12-28,2010-12-29,21982,1,0.0,0.0,seasonal_naive_7d
2,2010-12-28,2010-12-29,21984,1,0.0,0.0,seasonal_naive_7d
2,2010-12-28,2010-12-29,22197,1,0.0,0.0,seasonal_naive_7d
2,2010-12-28,2010-12-29,84077,1,0.0,0.0,seasonal_naive_7d
2,2010-12-28,2010-12-29,84270,1,0.0,0.0,seasonal_naive_7d
2,2010-12-28,2010-12-29,84347,1,0.0,0.0,seasonal_naive_7d
2,2010-12-28,2010-12-29,84568,1,0.0,0.0,seasonal_naive_7d
2,2010-12-28,2010-12-29,84755,1,0.0,0.0,seasonal_naive_7d
2,2010-12-28,2010-12-29,84879,1,0.0,0.0,seasonal_naive_7d
2,2010-12-28,2010-12-29,84991,1,0.0,0.0,seasonal_naive_7d
2,2010-12-28,2010-12-29,84992,1,0.0,0.0,seasonal_naive_7d
2,2010-12-28,2010-12-29,85099B,1,0.0,0.0,seasonal_naive_7d
2,2010-12-28,2010-12-29,85123A,1,0.0,24.0,seasonal_naive_7d
2,2010-12-28,2010-12-30,17003,2,0.0,0.0,seasonal_naive_7d
2,2010-12-28,2010-12-30,20725,2,0.0,1.0,seasonal_naive_7d
2,2010-12-28,2010-12-30,21212,2,0.0,48.0,seasonal_naive_7d
2,2010-12-28,2010-12-30,21213,2,0.0,49.0,seasonal_naive_7d
2,2010-12-28,2010-12-30,21232,2,0.0,0.0,seasonal_naive_7d
2,2010-12-28,2010-12-30,21977,2,0.0,0.0,seasonal_naive_7d
2,2010-12-28,2010-12-30,21980,2,0.0,0.0,seasonal_naive_7d
2,2010-12-28,2010-12-30,21982,2,0.0,24.0,seasonal_naive_7d
2,2010-12-28,2010-12-30,21984,2,0.0,0.0,seasonal_naive_7d
2,2010-12-28,2010-12-30,22197,2,0.0,8.0,seasonal_naive_7d
2,2010-12-28,2010-12-30,84077,2,0.0,0.0,seasonal_naive_7d
2,2010-12-28,2010-12-30,84270,2,0.0,0.0,seasonal_naive_7d
2,2010-12-28,2010-12-30,84347,2,0.0,0.0,seasonal_naive_7d
2,2010-12-28,2010-12-30,84568,2,0.0,0.0,seasonal_naive_7d
2,2010-12-28,2010-12-30,84755,2,0.0,8.0,seasonal_naive_7d
2,2010-12-28,2010-12-30,84879,2,0.0,16.0,seasonal_naive_7d
2,2010-12-28,2010-12-30,84991,2,0.0,48.0,seasonal_naive_7d
2,2010-12-28,2010-12-30,84992,2,0.0,0.0,seasonal_naive_7d
2,2010-12-28,2010-12-30,85099B,2,0.0,11.0,seasonal_naive_7d
2,2010-12-28,2010-12-30,85123A,2,0.0,47.0,seasonal_naive_7d
2,2010-12-28,2010-12-31,17003,3,0.0,0.0,seasonal_naive_7d
2,2010-12-28,2010-12-31,20725,3,0.0,0.0,seasonal_naive_7d
2,2010-12-28,2010-12-31,21212,3,0.0,0.0,seasonal_naive_7d
2,2010-12-28,2010-12-31,21213,3,0.0,0.0,seasonal_naive_7d
2,2010-12-28,2010-12-31,21232,3,0.0,0.0,seasonal_naive_7d
2,2010-12-28,2010-12-31,21977,3,0.0,0.0,seasonal_naive_7d
2,2010-12-28,2010-12-31,21980,3,0.0,0.0,seasonal_naive_7d
2,2010-12-28,2010-12-31,21982,3,0.0,0.0,seasonal_naive_7d
2,2010-12-28,2010-12-31,21984,3,0.0,0.0,seasonal_naive_7d
2,2010-12-28,2010-12-31,22197,3,0.0,0.0,seasonal_naive_7d
2,2010-12-28,2010-12-31,84077,3,0.0,0.0,seasonal_naive_7d
2,2010-12-28,2010-12-31,84270,3,0.0,0.0,seasonal_naive_7d
2,2010-12-28,2010-12-31,84347,3,0.0,0.0,seasonal_naive_7d
2,2010-12-28,2010-12-31,84568,3,0.0,0.0,seasonal_naive_7d
2,2010-12-28,2010-12-31,84755,3,0.0,0.0,seasonal_naive_7d
2,2010-12-28,2010-12-31,84879,3,0.0,0.0,seasonal_naive_7d
2,2010-12-28,2010-12-31,84991,3,0.0,0.0,seasonal_naive_7d
2,2010-12-28,2010-12-31,84992,3,0.0,0.0,seasonal_naive_7d
2,2010-12-28,2010-12-31,85099B,3,0.0,0.0,seasonal_naive_7d
2,2010-12-28,2010-12-31,85123A,3,0.0,0.0,seasonal_naive_7d
2,2010-12-28,2011-01-01,17003,4,0.0,0.0,seasonal_naive_7d
2,2010-12-28,2011-01-01,20725,4,0.0,0.0,seasonal_naive_7d
2,2010-12-28,2011-01-01,21212,4,0.0,0.0,seasonal_naive_7d
2,2010-12-28,2011-01-01,21213,4,0.0,0.0,seasonal_naive_7d
2,2010-12-28,2011-01-01,21232,4,0.0,0.0,seasonal_naive_7d
2,2010-12-28,2011-01-01,21977,4,0.0,0.0,seasonal_naive_7d
2,2010-12-28,2011-01-01,21980,4,0.0,0.0,seasonal_naive_7d
2,2010-12-28,2011-01-01,21982,4,0.0,0.0,seasonal_naive_7d
2,2010-12-28,2011-01-01,21984,4,0.0,0.0,seasonal_naive_7d
2,2010-12-28,2011-01-01,22197,4,0.0,0.0,seasonal_naive_7d
2,2010-12-28,2011-01-01,84077,4,0.0,0.0,seasonal_naive_7d
2,2010-12-28,2011-01-01,84270,4,0.0,0.0,seasonal_naive_7d
2,2010-12-28,2011-01-01,84347,4,0.0,0.0,seasonal_naive_7d
2,2010-12-28,2011-01-01,84568,4,0.0,0.0,seasonal_naive_7d
2,2010-12-28,2011-01-01,84755,4,0.0,0.0,seasonal_naive_7d
2,2010-12-28,2011-01-01,84879,4,0.0,0.0,seasonal_naive_7d
2,2010-12-28,2011-01-01,84991,4,0.0,0.0,seasonal_naive_7d
2,2010-12-28,2011-01-01,84992,4,0.0,0.0,seasonal_naive_7d
2,2010-12-28,2011-01-01,85099B,4,0.0,0.0,seasonal_naive_7d
2,2010-12-28,2011-01-01,85123A,4,0.0,0.0,seasonal_naive_7d
2,2010-12-28,2011-01-02,17003,5,0.0,0.0,seasonal_naive_7d
2,2010-12-28,2011-01-02,20725,5,0.0,0.0,seasonal_naive_7d
2,2010-12-28,2011-01-02,21212,5,0.0,0.0,seasonal_naive_7d
2,2010-12-28,2011-01-02,21213,5,0.0,0.0,seasonal_naive_7d
2,2010-12-28,2011-01-02,21232,5,0.0,0.0,seasonal_naive_7d
2,2010-12-28,2011-01-02,21977,5,0.0,0.0,seasonal_naive_7d
2,2010-12-28,2011-01-02,21980,5,0.0,0.0,seasonal_naive_7d
2,2010-12-28,2011-01-02,21982,5,0.0,0.0,seasonal_naive_7d
2,2010-12-28,2011-01-02,21984,5,0.0,0.0,seasonal_naive_7d
2,2010-12-28,2011-01-02,22197,5,0.0,0.0,seasonal_naive_7d
2,2010-12-28,2011-01-02,84077,5,0.0,0.0,seasonal_naive_7d
2,2010-12-28,2011-01-02,84270,5,0.0,0.0,seasonal_naive_7d
2,2010-12-28,2011-01-02,84347,5,0.0,0.0,seasonal_naive_7d
2,2010-12-28,2011-01-02,84568,5,0.0,0.0,seasonal_naive_7d
2,2010-12-28,2011-01-02,84755,5,0.0,0.0,seasonal_naive_7d
2,2010-12-28,2011-01-02,84879,5,0.0,0.0,seasonal_naive_7d
2,2010-12-28,2011-01-02,84991,5,0.0,0.0,seasonal_naive_7d
2,2010-12-28,2011-01-02,84992,5,0.0,0.0,seasonal_naive_7d
2,2010-12-28,2011-01-02,85099B,5,0.0,0.0,seasonal_naive_7d
2,2010-12-28,2011-01-02,85123A,5,0.0,0.0,seasonal_naive_7d
2,2010-12-28,2011-01-03,17003,6,0.0,0.0,seasonal_naive_7d
2,2010-12-28,2011-01-03,20725,6,0.0,0.0,seasonal_naive_7d
2,2010-12-28,2011-01-03,21212,6,0.0,0.0,seasonal_naive_7d
2,2010-12-28,2011-01-03,21213,6,0.0,0.0,seasonal_naive_7d
2,2010-12-28,2011-01-03,21232,6,0.0,0.0,seasonal_naive_7d
2,2010-12-28,2011-01-03,21977,6,0.0,0.0,seasonal_naive_7d
2,2010-12-28,2011-01-03,21980,6,0.0,0.0,seasonal_naive_7d
2,2010-12-28,2011-01-03,21982,6,0.0,0.0,seasonal_naive_7d
2,2010-12-28,2011-01-03,21984,6,0.0,0.0,seasonal_naive_7d
2,2010-12-28,2011-01-03,22197,6,0.0,0.0,seasonal_naive_7d
2,2010-12-28,2011-01-03,84077,6,0.0,0.0,seasonal_naive_7d
2,2010-12-28,2011-01-03,84270,6,0.0,0.0,seasonal_naive_7d
2,2010-12-28,2011-01-03,84347,6,0.0,0.0,seasonal_naive_7d
2,2010-12-28,2011-01-03,84568,6,0.0,0.0,seasonal_naive_7d
2,2010-12-28,2011-01-03,84755,6,0.0,0.0,seasonal_naive_7d
2,2010-12-28,2011-01-03,84879,6,0.0,0.0,seasonal_naive_7d
2,2010-12-28,2011-01-03,84991,6,0.0,0.0,seasonal_naive_7d
2,2010-12-28,2011-01-03,84992,6,0.0,0.0,seasonal_naive_7d
2,2010-12-28,2011-01-03,85099B,6,0.0,0.0,seasonal_naive_7d
2,2010-12-28,2011-01-03,85123A,6,0.0,0.0,seasonal_naive_7d
2,2010-12-28,2011-01-04,17003,7,0.0,0.0,seasonal_naive_7d
2,2010-12-28,2011-01-04,20725,7,20.0,0.0,seasonal_naive_7d
2,2010-12-28,2011-01-04,21212,7,25.0,0.0,seasonal_naive_7d
2,2010-12-28,2011-01-04,21213,7,3.0,0.0,seasonal_naive_7d
2,2010-12-28,2011-01-04,21232,7,1.0,0.0,seasonal_naive_7d
2,2010-12-28,2011-01-04,21977,7,3.0,0.0,seasonal_naive_7d
2,2010-12-28,2011-01-04,21980,7,0.0,0.0,seasonal_naive_7d
2,2010-12-28,2011-01-04,21982,7,0.0,0.0,seasonal_naive_7d
2,2010-12-28,2011-01-04,21984,7,0.0,0.0,seasonal_naive_7d
2,2010-12-28,2011-01-04,22197,7,23.0,0.0,seasonal_naive_7d
2,2010-12-28,2011-01-04,84077,7,1.0,0.0,seasonal_naive_7d
2,2010-12-28,2011-01-04,84270,7,0.0,0.0,seasonal_naive_7d
2,2010-12-28,2011-01-04,84347,7,0.0,0.0,seasonal_naive_7d
2,2010-12-28,2011-01-04,84568,7,0.0,0.0,seasonal_naive_7d
2,2010-12-28,2011-01-04,84755,7,0.0,0.0,seasonal_naive_7d
2,2010-12-28,2011-01-04,84879,7,72.0,0.0,seasonal_naive_7d
2,2010-12-28,2011-01-04,84991,7,6.0,0.0,seasonal_naive_7d
2,2010-12-28,2011-01-04,84992,7,26.0,0.0,seasonal_naive_7d
2,2010-12-28,2011-01-04,85099B,7,27.0,0.0,seasonal_naive_7d
2,2010-12-28,2011-01-04,85123A,7,67.0,0.0,seasonal_naive_7d
2,2010-12-28,2011-01-05,17003,8,828.0,0.0,seasonal_naive_7d
2,2010-12-28,2011-01-05,20725,8,100.0,10.0,seasonal_naive_7d
2,2010-12-28,2011-01-05,21212,8,24.0,24.0,seasonal_naive_7d
2,2010-12-28,2011-01-05,21213,8,24.0,24.0,seasonal_naive_7d
2,2010-12-28,2011-01-05,21232,8,16.0,0.0,seasonal_naive_7d
2,2010-12-28,2011-01-05,21977,8,74.0,0.0,seasonal_naive_7d
2,2010-12-28,2011-01-05,21980,8,49.0,0.0,seasonal_naive_7d
2,2010-12-28,2011-01-05,21982,8,144.0,0.0,seasonal_naive_7d
2,2010-12-28,2011-01-05,21984,8,0.0,0.0,seasonal_naive_7d
2,2010-12-28,2011-01-05,22197,8,3.0,0.0,seasonal_naive_7d
2,2010-12-28,2011-01-05,84077,8,624.0,0.0,seasonal_naive_7d
2,2010-12-28,2011-01-05,84270,8,0.0,0.0,seasonal_naive_7d
2,2010-12-28,2011-01-05,84347,8,2.0,0.0,seasonal_naive_7d
2,2010-12-28,2011-01-05,84568,8,0.0,0.0,seasonal_naive_7d
2,2010-12-28,2011-01-05,84755,8,0.0,0.0,seasonal_naive_7d
2,2010-12-28,2011-01-05,84879,8,232.0,0.0,seasonal_naive_7d
2,2010-12-28,2011-01-05,84991,8,29.0,0.0,seasonal_naive_7d
2,2010-12-28,2011-01-05,84992,8,53.0,0.0,seasonal_naive_7d
2,2010-12-28,2011-01-05,85099B,8,436.0,0.0,seasonal_naive_7d
2,2010-12-28,2011-01-05,85123A,8,304.0,24.0,seasonal_naive_7d
2,2010-12-28,2011-01-06,17003,9,0.0,0.0,seasonal_naive_7d
2,2010-12-28,2011-01-06,20725,9,294.0,1.0,seasonal_naive_7d
2,2010-12-28,2011-01-06,21212,9,80.0,48.0,seasonal_naive_7d
2,2010-12-28,2011-01-06,21213,9,49.0,49.0,seasonal_naive_7d
2,2010-12-28,2011-01-06,21232,9,89.0,0.0,seasonal_naive_7d
2,2010-12-28,2011-01-06,21977,9,26.0,0.0,seasonal_naive_7d
2,2010-12-28,2011-01-06,21980,9,48.0,0.0,seasonal_naive_7d
2,2010-12-28,2011-01-06,21982,9,48.0,24.0,seasonal_naive_7d
2,2010-12-28,2011-01-06,21984,9,24.0,0.0,seasonal_naive_7d
2,2010-12-28,2011-01-06,22197,9,736.0,8.0,seasonal_naive_7d
2,2010-12-28,2011-01-06,84077,9,0.0,0.0,seasonal_naive_7d
2,2010-12-28,2011-01-06,84270,9,0.0,0.0,seasonal_naive_7d
2,2010-12-28,2011-01-06,84347,9,7.0,0.0,seasonal_naive_7d
2,2010-12-28,2011-01-06,84568,9,0.0,0.0,seasonal_naive_7d
2,2010-12-28,2011-01-06,84755,9,144.0,8.0,seasonal_naive_7d
2,2010-12-28,2011-01-06,84879,9,88.0,16.0,seasonal_naive_7d
2,2010-12-28,2011-01-06,84991,9,81.0,48.0,seasonal_naive_7d
2,2010-12-28,2011-01-06,84992,9,28.0,0.0,seasonal_naive_7d
2,2010-12-28,2011-01-06,85099B,9,354.0,11.0,seasonal_naive_7d
2,2010-12-28,2011-01-06,85123A,9,171.0,47.0,seasonal_naive_7d
2,2010-12-28,2011-01-07,17003,10,0.0,0.0,seasonal_naive_7d
2,2010-12-28,2011-01-07,20725,10,25.0,0.0,seasonal_naive_7d
2,2010-12-28,2011-01-07,21212,10,171.0,0.0,seasonal_naive_7d
2,2010-12-28,2011-01-07,21213,10,51.0,0.0,seasonal_naive_7d
2,2010-12-28,2011-01-07,21232,10,17.0,0.0,seasonal_naive_7d
2,2010-12-28,2011-01-07,21977,10,28.0,0.0,seasonal_naive_7d
2,2010-12-28,2011-01-07,21980,10,36.0,0.0,seasonal_naive_7d
2,2010-12-28,2011-01-07,21982,10,13.0,0.0,seasonal_naive_7d
2,2010-12-28,2011-01-07,21984,10,0.0,0.0,seasonal_naive_7d
2,2010-12-28,2011-01-07,22197,10,36.0,0.0,seasonal_naive_7d
2,2010-12-28,2011-01-07,84077,10,0.0,0.0,seasonal_naive_7d
2,2010-12-28,2011-01-07,84270,10,0.0,0.0,seasonal_naive_7d
2,2010-12-28,2011-01-07,84347,10,0.0,0.0,seasonal_naive_7d
2,2010-12-28,2011-01-07,84568,10,0.0,0.0,seasonal_naive_7d
2,2010-12-28,2011-01-07,84755,10,56.0,0.0,seasonal_naive_7d
2,2010-12-28,2011-01-07,84879,10,24.0,0.0,seasonal_naive_7d
2,2010-12-28,2011-01-07,84991,10,24.0,0.0,seasonal_naive_7d
2,2010-12-28,2011-01-07,84992,10,52.0,0.0,seasonal_naive_7d
2,2010-12-28,2011-01-07,85099B,10,514.0,0.0,seasonal_naive_7d
2,2010-12-28,2011-01-07,85123A,10,334.0,0.0,seasonal_naive_7d
2,2010-12-28,2011-01-08,17003,11,0.0,0.0,seasonal_naive_7d
2,2010-12-28,2011-01-08,20725,11,0.0,0.0,seasonal_naive_7d
2,2010-12-28,2011-01-08,21212,11,0.0,0.0,seasonal_naive_7d
2,2010-12-28,2011-01-08,21213,11,0.0,0.0,seasonal_naive_7d
2,2010-12-28,2011-01-08,21232,11,0.0,0.0,seasonal_naive_7d
2,2010-12-28,2011-01-08,21977,11,0.0,0.0,seasonal_naive_7d
2,2010-12-28,2011-01-08,21980,11,0.0,0.0,seasonal_naive_7d
2,2010-12-28,2011-01-08,21982,11,0.0,0.0,seasonal_naive_7d
2,2010-12-28,2011-01-08,21984,11,0.0,0.0,seasonal_naive_7d
2,2010-12-28,2011-01-08,22197,11,0.0,0.0,seasonal_naive_7d
2,2010-12-28,2011-01-08,84077,11,0.0,0.0,seasonal_naive_7d
2,2010-12-28,2011-01-08,84270,11,0.0,0.0,seasonal_naive_7d
2,2010-12-28,2011-01-08,84347,11,0.0,0.0,seasonal_naive_7d
2,2010-12-28,2011-01-08,84568,11,0.0,0.0,seasonal_naive_7d
2,2010-12-28,2011-01-08,84755,11,0.0,0.0,seasonal_naive_7d
2,2010-12-28,2011-01-08,84879,11,0.0,0.0,seasonal_naive_7d
2,2010-12-28,2011-01-08,84991,11,0.0,0.0,seasonal_naive_7d
2,2010-12-28,2011-01-08,84992,11,0.0,0.0,seasonal_naive_7d
2,2010-12-28,2011-01-08,85099B,11,0.0,0.0,seasonal_naive_7d
2,2010-12-28,2011-01-08,85123A,11,0.0,0.0,seasonal_naive_7d
2,2010-12-28,2011-01-09,17003,12,36.0,0.0,seasonal_naive_7d
2,2010-12-28,2011-01-09,20725,12,23.0,0.0,seasonal_naive_7d
2,2010-12-28,2011-01-09,21212,12,24.0,0.0,seasonal_naive_7d
2,2010-12-28,2011-01-09,21213,12,0.0,0.0,seasonal_naive_7d
2,2010-12-28,2011-01-09,21232,12,17.0,0.0,seasonal_naive_7d
2,2010-12-28,2011-01-09,21977,12,48.0,0.0,seasonal_naive_7d
2,2010-12-28,2011-01-09,21980,12,0.0,0.0,seasonal_naive_7d
2,2010-12-28,2011-01-09,21982,12,0.0,0.0,seasonal_naive_7d
2,2010-12-28,2011-01-09,21984,12,0.0,0.0,seasonal_naive_7d
2,2010-12-28,2011-01-09,22197,12,9.0,0.0,seasonal_naive_7d
2,2010-12-28,2011-01-09,84077,12,0.0,0.0,seasonal_naive_7d
2,2010-12-28,2011-01-09,84270,12,0.0,0.0,seasonal_naive_7d
2,2010-12-28,2011-01-09,84347,12,0.0,0.0,seasonal_naive_7d
2,2010-12-28,2011-01-09,84568,12,0.0,0.0,seasonal_naive_7d
2,2010-12-28,2011-01-09,84755,12,32.0,0.0,seasonal_naive_7d
2,2010-12-28,2011-01-09,84879,12,64.0,0.0,seasonal_naive_7d
2,2010-12-28,2011-01-09,84991,12,30.0,0.0,seasonal_naive_7d
2,2010-12-28,2011-01-09,84992,12,78.0,0.0,seasonal_naive_7d
2,2010-12-28,2011-01-09,85099B,12,43.0,0.0,seasonal_naive_7d
2,2010-12-28,2011-01-09,85123A,12,97.0,0.0,seasonal_naive_7d
2,2010-12-28,2011-01-10,17003,13,2.0,0.0,seasonal_naive_7d
2,2010-12-28,2011-01-10,20725,13,30.0,0.0,seasonal_naive_7d
2,2010-12-28,2011-01-10,21212,13,28.0,0.0,seasonal_naive_7d
2,2010-12-28,2011-01-10,21213,13,0.0,0.0,seasonal_naive_7d
2,2010-12-28,2011-01-10,21232,13,15.0,0.0,seasonal_naive_7d
2,2010-12-28,2011-01-10,21977,13,77.0,0.0,seasonal_naive_7d
2,2010-12-28,2011-01-10,21980,13,1.0,0.0,seasonal_naive_7d
2,2010-12-28,2011-01-10,21982,13,0.0,0.0,seasonal_naive_7d
2,2010-12-28,2011-01-10,21984,13,1.0,0.0,seasonal_naive_7d
2,2010-12-28,2011-01-10,22197,13,7.0,0.0,seasonal_naive_7d
2,2010-12-28,2011-01-10,84077,13,48.0,0.0,seasonal_naive_7d
2,2010-12-28,2011-01-10,84270,13,0.0,0.0,seasonal_naive_7d
2,2010-12-28,2011-01-10,84347,13,6.0,0.0,seasonal_naive_7d
2,2010-12-28,2011-01-10,84568,13,9.0,0.0,seasonal_naive_7d
2,2010-12-28,2011-01-10,84755,13,8.0,0.0,seasonal_naive_7d
2,2010-12-28,2011-01-10,84879,13,88.0,0.0,seasonal_naive_7d
2,2010-12-28,2011-01-10,84991,13,38.0,0.0,seasonal_naive_7d
2,2010-12-28,2011-01-10,84992,13,55.0,0.0,seasonal_naive_7d
2,2010-12-28,2011-01-10,85099B,13,57.0,0.0,seasonal_naive_7d
2,2010-12-28,2011-01-10,85123A,13,12.0,0.0,seasonal_naive_7d
2,2010-12-28,2011-01-11,17003,14,0.0,0.0,seasonal_naive_7d
2,2010-12-28,2011-01-11,20725,14,21.0,0.0,seasonal_naive_7d
2,2010-12-28,2011-01-11,21212,14,169.0,0.0,seasonal_naive_7d
2,2010-12-28,2011-01-11,21213,14,0.0,0.0,seasonal_naive_7d
2,2010-12-28,2011-01-11,21232,14,0.0,0.0,seasonal_naive_7d
2,2010-12-28,2011-01-11,21977,14,0.0,0.0,seasonal_naive_7d
2,2010-12-28,2011-01-11,21980,14,1.0,0.0,seasonal_naive_7d
2,2010-12-28,2011-01-11,21982,14,0.0,0.0,seasonal_naive_7d
2,2010-12-28,2011-01-11,21984,14,13.0,0.0,seasonal_naive_7d
2,2010-12-28,2011-01-11,22197,14,20.0,0.0,seasonal_naive_7d
2,2010-12-28,2011-01-11,84077,14,144.0,0.0,seasonal_naive_7d
2,2010-12-28,2011-01-11,84270,14,0.0,0.0,seasonal_naive_7d
2,2010-12-28,2011-01-11,84347,14,0.0,0.0,seasonal_naive_7d
2,2010-12-28,2011-01-11,84568,14,5.0,0.0,seasonal_naive_7d
2,2010-12-28,2011-01-11,84755,14,16.0,0.0,seasonal_naive_7d
2,2010-12-28,2011-01-11,84879,14,256.0,0.0,seasonal_naive_7d
2,2010-12-28,2011-01-11,84991,14,31.0,0.0,seasonal_naive_7d
2,2010-12-28,2011-01-11,84992,14,24.0,0.0,seasonal_naive_7d
2,2010-12-28,2011-01-11,85099B,14,1.0,0.0,seasonal_naive_7d
2,2010-12-28,2011-01-11,85123A,14,3114.0,0.0,seasonal_naive_7d
3,2011-01-11,2011-01-12,17003,1,6.0,828.0,seasonal_naive_7d
3,2011-01-11,2011-01-12,20725,1,4.0,100.0,seasonal_naive_7d
3,2011-01-11,2011-01-12,21212,1,179.0,24.0,seasonal_naive_7d
3,2011-01-11,2011-01-12,21213,1,3.0,24.0,seasonal_naive_7d
3,2011-01-11,2011-01-12,21232,1,17.0,16.0,seasonal_naive_7d
3,2011-01-11,2011-01-12,21977,1,4.0,74.0,seasonal_naive_7d
3,2011-01-11,2011-01-12,21980,1,24.0,49.0,seasonal_naive_7d
3,2011-01-11,2011-01-12,21982,1,2.0,144.0,seasonal_naive_7d
3,2011-01-11,2011-01-12,21984,1,1.0,0.0,seasonal_naive_7d
3,2011-01-11,2011-01-12,22197,1,24.0,3.0,seasonal_naive_7d
3,2011-01-11,2011-01-12,84077,1,48.0,624.0,seasonal_naive_7d
3,2011-01-11,2011-01-12,84270,1,0.0,0.0,seasonal_naive_7d
3,2011-01-11,2011-01-12,84347,1,1.0,2.0,seasonal_naive_7d
3,2011-01-11,2011-01-12,84568,1,10.0,0.0,seasonal_naive_7d
3,2011-01-11,2011-01-12,84755,1,16.0,0.0,seasonal_naive_7d
3,2011-01-11,2011-01-12,84879,1,32.0,232.0,seasonal_naive_7d
3,2011-01-11,2011-01-12,84991,1,51.0,29.0,seasonal_naive_7d
3,2011-01-11,2011-01-12,84992,1,33.0,53.0,seasonal_naive_7d
3,2011-01-11,2011-01-12,85099B,1,4.0,436.0,seasonal_naive_7d
3,2011-01-11,2011-01-12,85123A,1,83.0,304.0,seasonal_naive_7d
3,2011-01-11,2011-01-13,17003,2,0.0,0.0,seasonal_naive_7d
3,2011-01-11,2011-01-13,20725,2,134.0,294.0,seasonal_naive_7d
3,2011-01-11,2011-01-13,21212,2,73.0,80.0,seasonal_naive_7d
3,2011-01-11,2011-01-13,21213,2,6.0,49.0,seasonal_naive_7d
3,2011-01-11,2011-01-13,21232,2,8.0,89.0,seasonal_naive_7d
3,2011-01-11,2011-01-13,21977,2,24.0,26.0,seasonal_naive_7d
3,2011-01-11,2011-01-13,21980,2,0.0,48.0,seasonal_naive_7d
3,2011-01-11,2011-01-13,21982,2,1.0,48.0,seasonal_naive_7d
3,2011-01-11,2011-01-13,21984,2,1.0,24.0,seasonal_naive_7d
3,2011-01-11,2011-01-13,22197,2,29.0,736.0,seasonal_naive_7d
3,2011-01-11,2011-01-13,84077,2,0.0,0.0,seasonal_naive_7d
3,2011-01-11,2011-01-13,84270,2,0.0,0.0,seasonal_naive_7d
3,2011-01-11,2011-01-13,84347,2,5.0,7.0,seasonal_naive_7d
3,2011-01-11,2011-01-13,84568,2,0.0,0.0,seasonal_naive_7d
3,2011-01-11,2011-01-13,84755,2,16.0,144.0,seasonal_naive_7d
3,2011-01-11,2011-01-13,84879,2,38.0,88.0,seasonal_naive_7d
3,2011-01-11,2011-01-13,84991,2,24.0,81.0,seasonal_naive_7d
3,2011-01-11,2011-01-13,84992,2,0.0,28.0,seasonal_naive_7d
3,2011-01-11,2011-01-13,85099B,2,33.0,354.0,seasonal_naive_7d
3,2011-01-11,2011-01-13,85123A,2,8.0,171.0,seasonal_naive_7d
3,2011-01-11,2011-01-14,17003,3,0.0,0.0,seasonal_naive_7d
3,2011-01-11,2011-01-14,20725,3,341.0,25.0,seasonal_naive_7d
3,2011-01-11,2011-01-14,21212,3,170.0,171.0,seasonal_naive_7d
3,2011-01-11,2011-01-14,21213,3,2.0,51.0,seasonal_naive_7d
3,2011-01-11,2011-01-14,21232,3,0.0,17.0,seasonal_naive_7d
3,2011-01-11,2011-01-14,21977,3,2.0,28.0,seasonal_naive_7d
3,2011-01-11,2011-01-14,21980,3,0.0,36.0,seasonal_naive_7d
3,2011-01-11,2011-01-14,21982,3,12.0,13.0,seasonal_naive_7d
3,2011-01-11,2011-01-14,21984,3,0.0,0.0,seasonal_naive_7d
3,2011-01-11,2011-01-14,22197,3,34.0,36.0,seasonal_naive_7d
3,2011-01-11,2011-01-14,84077,3,49.0,0.0,seasonal_naive_7d
3,2011-01-11,2011-01-14,84270,3,0.0,0.0,seasonal_naive_7d
3,2011-01-11,2011-01-14,84347,3,1.0,0.0,seasonal_naive_7d
3,2011-01-11,2011-01-14,84568,3,0.0,0.0,seasonal_naive_7d
3,2011-01-11,2011-01-14,84755,3,0.0,56.0,seasonal_naive_7d
3,2011-01-11,2011-01-14,84879,3,24.0,24.0,seasonal_naive_7d
3,2011-01-11,2011-01-14,84991,3,30.0,24.0,seasonal_naive_7d
3,2011-01-11,2011-01-14,84992,3,147.0,52.0,seasonal_naive_7d
3,2011-01-11,2011-01-14,85099B,3,120.0,514.0,seasonal_naive_7d
3,2011-01-11,2011-01-14,85123A,3,89.0,334.0,seasonal_naive_7d
3,2011-01-11,2011-01-15,17003,4,0.0,0.0,seasonal_naive_7d
3,2011-01-11,2011-01-15,20725,4,0.0,0.0,seasonal_naive_7d
3,2011-01-11,2011-01-15,21212,4,0.0,0.0,seasonal_naive_7d
3,2011-01-11,2011-01-15,21213,4,0.0,0.0,seasonal_naive_7d
3,2011-01-11,2011-01-15,21232,4,0.0,0.0,seasonal_naive_7d
3,2011-01-11,2011-01-15,21977,4,0.0,0.0,seasonal_naive_7d
3,2011-01-11,2011-01-15,21980,4,0.0,0.0,seasonal_naive_7d
3,2011-01-11,2011-01-15,21982,4,0.0,0.0,seasonal_naive_7d
3,2011-01-11,2011-01-15,21984,4,0.0,0.0,seasonal_naive_7d
3,2011-01-11,2011-01-15,22197,4,0.0,0.0,seasonal_naive_7d
3,2011-01-11,2011-01-15,84077,4,0.0,0.0,seasonal_naive_7d
3,2011-01-11,2011-01-15,84270,4,0.0,0.0,seasonal_naive_7d
3,2011-01-11,2011-01-15,84347,4,0.0,0.0,seasonal_naive_7d
3,2011-01-11,2011-01-15,84568,4,0.0,0.0,seasonal_naive_7d
3,2011-01-11,2011-01-15,84755,4,0.0,0.0,seasonal_naive_7d
3,2011-01-11,2011-01-15,84879,4,0.0,0.0,seasonal_naive_7d
3,2011-01-11,2011-01-15,84991,4,0.0,0.0,seasonal_naive_7d
3,2011-01-11,2011-01-15,84992,4,0.0,0.0,seasonal_naive_7d
3,2011-01-11,2011-01-15,85099B,4,0.0,0.0,seasonal_naive_7d
3,2011-01-11,2011-01-15,85123A,4,0.0,0.0,seasonal_naive_7d
3,2011-01-11,2011-01-16,17003,5,0.0,36.0,seasonal_naive_7d
3,2011-01-11,2011-01-16,20725,5,112.0,23.0,seasonal_naive_7d
3,2011-01-11,2011-01-16,21212,5,0.0,24.0,seasonal_naive_7d
3,2011-01-11,2011-01-16,21213,5,121.0,0.0,seasonal_naive_7d
3,2011-01-11,2011-01-16,21232,5,0.0,17.0,seasonal_naive_7d
3,2011-01-11,2011-01-16,21977,5,0.0,48.0,seasonal_naive_7d
3,2011-01-11,2011-01-16,21980,5,0.0,0.0,seasonal_naive_7d
3,2011-01-11,2011-01-16,21982,5,0.0,0.0,seasonal_naive_7d
3,2011-01-11,2011-01-16,21984,5,0.0,0.0,seasonal_naive_7d
3,2011-01-11,2011-01-16,22197,5,230.0,9.0,seasonal_naive_7d
3,2011-01-11,2011-01-16,84077,5,0.0,0.0,seasonal_naive_7d
3,2011-01-11,2011-01-16,84270,5,0.0,0.0,seasonal_naive_7d
3,2011-01-11,2011-01-16,84347,5,0.0,0.0,seasonal_naive_7d
3,2011-01-11,2011-01-16,84568,5,0.0,0.0,seasonal_naive_7d
3,2011-01-11,2011-01-16,84755,5,0.0,32.0,seasonal_naive_7d
3,2011-01-11,2011-01-16,84879,5,4.0,64.0,seasonal_naive_7d
3,2011-01-11,2011-01-16,84991,5,120.0,30.0,seasonal_naive_7d
3,2011-01-11,2011-01-16,84992,5,7.0,78.0,seasonal_naive_7d
3,2011-01-11,2011-01-16,85099B,5,10.0,43.0,seasonal_naive_7d
3,2011-01-11,2011-01-16,85123A,5,23.0,97.0,seasonal_naive_7d
3,2011-01-11,2011-01-17,17003,6,3.0,2.0,seasonal_naive_7d
3,2011-01-11,2011-01-17,20725,6,6.0,30.0,seasonal_naive_7d
3,2011-01-11,2011-01-17,21212,6,2.0,28.0,seasonal_naive_7d
3,2011-01-11,2011-01-17,21213,6,24.0,0.0,seasonal_naive_7d
3,2011-01-11,2011-01-17,21232,6,110.0,15.0,seasonal_naive_7d
3,2011-01-11,2011-01-17,21977,6,25.0,77.0,seasonal_naive_7d
3,2011-01-11,2011-01-17,21980,6,0.0,1.0,seasonal_naive_7d
3,2011-01-11,2011-01-17,21982,6,2.0,0.0,seasonal_naive_7d
3,2011-01-11,2011-01-17,21984,6,1.0,1.0,seasonal_naive_7d
3,2011-01-11,2011-01-17,22197,6,41.0,7.0,seasonal_naive_7d
3,2011-01-11,2011-01-17,84077,6,0.0,48.0,seasonal_naive_7d
3,2011-01-11,2011-01-17,84270,6,0.0,0.0,seasonal_naive_7d
3,2011-01-11,2011-01-17,84347,6,1.0,6.0,seasonal_naive_7d
3,2011-01-11,2011-01-17,84568,6,6.0,9.0,seasonal_naive_7d
3,2011-01-11,2011-01-17,84755,6,32.0,8.0,seasonal_naive_7d
3,2011-01-11,2011-01-17,84879,6,33.0,88.0,seasonal_naive_7d
3,2011-01-11,2011-01-17,84991,6,0.0,38.0,seasonal_naive_7d
3,2011-01-11,2011-01-17,84992,6,70.0,55.0,seasonal_naive_7d
3,2011-01-11,2011-01-17,85099B,6,37.0,57.0,seasonal_naive_7d
3,2011-01-11,2011-01-17,85123A,6,220.0,12.0,seasonal_naive_7d
3,2011-01-11,2011-01-18,17003,7,720.0,0.0,seasonal_naive_7d
3,2011-01-11,2011-01-18,20725,7,5.0,21.0,seasonal_naive_7d
3,2011-01-11,2011-01-18,21212,7,73.0,169.0,seasonal_naive_7d
3,2011-01-11,2011-01-18,21213,7,24.0,0.0,seasonal_naive_7d
3,2011-01-11,2011-01-18,21232,7,13.0,0.0,seasonal_naive_7d
3,2011-01-11,2011-01-18,21977,7,2.0,0.0,seasonal_naive_7d
3,2011-01-11,2011-01-18,21980,7,0.0,1.0,seasonal_naive_7d
3,2011-01-11,2011-01-18,21982,7,0.0,0.0,seasonal_naive_7d
3,2011-01-11,2011-01-18,21984,7,0.0,13.0,seasonal_naive_7d
3,2011-01-11,2011-01-18,22197,7,4.0,20.0,seasonal_naive_7d
3,2011-01-11,2011-01-18,84077,7,0.0,144.0,seasonal_naive_7d
3,2011-01-11,2011-01-18,84270,7,0.0,0.0,seasonal_naive_7d
3,2011-01-11,2011-01-18,84347,7,3.0,0.0,seasonal_naive_7d
3,2011-01-11,2011-01-18,84568,7,0.0,5.0,seasonal_naive_7d
3,2011-01-11,2011-01-18,84755,7,144.0,16.0,seasonal_naive_7d
3,2011-01-11,2011-01-18,84879,7,16.0,256.0,seasonal_naive_7d
3,2011-01-11,2011-01-18,84991,7,120.0,31.0,seasonal_naive_7d
3,2011-01-11,2011-01-18,84992,7,144.0,24.0,seasonal_naive_7d
3,2011-01-11,2011-01-18,85099B,7,87.0,1.0,seasonal_naive_7d
3,2011-01-11,2011-01-18,85123A,7,18.0,3114.0,seasonal_naive_7d
3,2011-01-11,2011-01-19,17003,8,36.0,828.0,seasonal_naive_7d
3,2011-01-11,2011-01-19,20725,8,102.0,100.0,seasonal_naive_7d
3,2011-01-11,2011-01-19,21212,8,1540.0,24.0,seasonal_naive_7d
3,2011-01-11,2011-01-19,21213,8,29.0,24.0,seasonal_naive_7d
3,2011-01-11,2011-01-19,21232,8,33.0,16.0,seasonal_naive_7d
3,2011-01-11,2011-01-19,21977,8,2.0,74.0,seasonal_naive_7d
3,2011-01-11,2011-01-19,21980,8,12.0,49.0,seasonal_naive_7d
3,2011-01-11,2011-01-19,21982,8,108.0,144.0,seasonal_naive_7d
3,2011-01-11,2011-01-19,21984,8,0.0,0.0,seasonal_naive_7d
3,2011-01-11,2011-01-19,22197,8,52.0,3.0,seasonal_naive_7d
3,2011-01-11,2011-01-19,84077,8,0.0,624.0,seasonal_naive_7d
3,2011-01-11,2011-01-19,84270,8,0.0,0.0,seasonal_naive_7d
3,2011-01-11,2011-01-19,84347,8,0.0,2.0,seasonal_naive_7d
3,2011-01-11,2011-01-19,84568,8,0.0,0.0,seasonal_naive_7d
3,2011-01-11,2011-01-19,84755,8,16.0,0.0,seasonal_naive_7d
3,2011-01-11,2011-01-19,84879,8,8.0,232.0,seasonal_naive_7d
3,2011-01-11,2011-01-19,84991,8,124.0,29.0,seasonal_naive_7d
3,2011-01-11,2011-01-19,84992,8,130.0,53.0,seasonal_naive_7d
3,2011-01-11,2011-01-19,85099B,8,242.0,436.0,seasonal_naive_7d
3,2011-01-11,2011-01-19,85123A,8,271.0,304.0,seasonal_naive_7d
3,2011-01-11,2011-01-20,17003,9,72.0,0.0,seasonal_naive_7d
3,2011-01-11,2011-01-20,20725,9,15.0,294.0,seasonal_naive_7d
3,2011-01-11,2011-01-20,21212,9,1.0,80.0,seasonal_naive_7d
3,2011-01-11,2011-01-20,21213,9,1.0,49.0,seasonal_naive_7d
3,2011-01-11,2011-01-20,21232,9,0.0,89.0,seasonal_naive_7d
3,2011-01-11,2011-01-20,21977,9,1.0,26.0,seasonal_naive_7d
3,2011-01-11,2011-01-20,21980,9,0.0,48.0,seasonal_naive_7d
3,2011-01-11,2011-01-20,21982,9,1.0,48.0,seasonal_naive_7d
3,2011-01-11,2011-01-20,21984,9,0.0,24.0,seasonal_naive_7d
3,2011-01-11,2011-01-20,22197,9,12.0,736.0,seasonal_naive_7d
3,2011-01-11,2011-01-20,84077,9,0.0,0.0,seasonal_naive_7d
3,2011-01-11,2011-01-20,84270,9,0.0,0.0,seasonal_naive_7d
3,2011-01-11,2011-01-20,84347,9,0.0,7.0,seasonal_naive_7d
3,2011-01-11,2011-01-20,84568,9,12.0,0.0,seasonal_naive_7d
3,2011-01-11,2011-01-20,84755,9,0.0,144.0,seasonal_naive_7d
3,2011-01-11,2011-01-20,84879,9,24.0,88.0,seasonal_naive_7d
3,2011-01-11,2011-01-20,84991,9,0.0,81.0,seasonal_naive_7d
3,2011-01-11,2011-01-20,84992,9,25.0,28.0,seasonal_naive_7d
3,2011-01-11,2011-01-20,85099B,9,4.0,354.0,seasonal_naive_7d
3,2011-01-11,2011-01-20,85123A,9,42.0,171.0,seasonal_naive_7d
3,2011-01-11,2011-01-21,17003,10,0.0,0.0,seasonal_naive_7d
3,2011-01-11,2011-01-21,20725,10,0.0,25.0,seasonal_naive_7d
3,2011-01-11,2011-01-21,21212,10,129.0,171.0,seasonal_naive_7d
3,2011-01-11,2011-01-21,21213,10,121.0,51.0,seasonal_naive_7d
3,2011-01-11,2011-01-21,21232,10,0.0,17.0,seasonal_naive_7d
3,2011-01-11,2011-01-21,21977,10,124.0,28.0,seasonal_naive_7d
3,2011-01-11,2011-01-21,21980,10,48.0,36.0,seasonal_naive_7d
3,2011-01-11,2011-01-21,21982,10,1.0,13.0,seasonal_naive_7d
3,2011-01-11,2011-01-21,21984,10,2.0,0.0,seasonal_naive_7d
3,2011-01-11,2011-01-21,22197,10,152.0,36.0,seasonal_naive_7d
3,2011-01-11,2011-01-21,84077,10,0.0,0.0,seasonal_naive_7d
3,2011-01-11,2011-01-21,84270,10,0.0,0.0,seasonal_naive_7d
3,2011-01-11,2011-01-21,84347,10,1.0,0.0,seasonal_naive_7d
3,2011-01-11,2011-01-21,84568,10,14.0,0.0,seasonal_naive_7d
3,2011-01-11,2011-01-21,84755,10,16.0,56.0,seasonal_naive_7d
3,2011-01-11,2011-01-21,84879,10,24.0,24.0,seasonal_naive_7d
3,2011-01-11,2011-01-21,84991,10,6.0,24.0,seasonal_naive_7d
3,2011-01-11,2011-01-21,84992,10,13.0,52.0,seasonal_naive_7d
3,2011-01-11,2011-01-21,85099B,10,124.0,514.0,seasonal_naive_7d
3,2011-01-11,2011-01-21,85123A,10,64.0,334.0,seasonal_naive_7d
3,2011-01-11,2011-01-22,17003,11,0.0,0.0,seasonal_naive_7d
3,2011-01-11,2011-01-22,20725,11,0.0,0.0,seasonal_naive_7d
3,2011-01-11,2011-01-22,21212,11,0.0,0.0,seasonal_naive_7d
3,2011-01-11,2011-01-22,21213,11,0.0,0.0,seasonal_naive_7d
3,2011-01-11,2011-01-22,21232,11,0.0,0.0,seasonal_naive_7d
3,2011-01-11,2011-01-22,21977,11,0.0,0.0,seasonal_naive_7d
3,2011-01-11,2011-01-22,21980,11,0.0,0.0,seasonal_naive_7d
3,2011-01-11,2011-01-22,21982,11,0.0,0.0,seasonal_naive_7d
3,2011-01-11,2011-01-22,21984,11,0.0,0.0,seasonal_naive_7d
3,2011-01-11,2011-01-22,22197,11,0.0,0.0,seasonal_naive_7d
3,2011-01-11,2011-01-22,84077,11,0.0,0.0,seasonal_naive_7d
3,2011-01-11,2011-01-22,84270,11,0.0,0.0,seasonal_naive_7d
3,2011-01-11,2011-01-22,84347,11,0.0,0.0,seasonal_naive_7d
3,2011-01-11,2011-01-22,84568,11,0.0,0.0,seasonal_naive_7d
3,2011-01-11,2011-01-22,84755,11,0.0,0.0,seasonal_naive_7d
3,2011-01-11,2011-01-22,84879,11,0.0,0.0,seasonal_naive_7d
3,2011-01-11,2011-01-22,84991,11,0.0,0.0,seasonal_naive_7d
3,2011-01-11,2011-01-22,84992,11,0.0,0.0,seasonal_naive_7d
3,2011-01-11,2011-01-22,85099B,11,0.0,0.0,seasonal_naive_7d
3,2011-01-11,2011-01-22,85123A,11,0.0,0.0,seasonal_naive_7d
3,2011-01-11,2011-01-23,17003,12,0.0,36.0,seasonal_naive_7d
3,2011-01-11,2011-01-23,20725,12,0.0,23.0,seasonal_naive_7d
3,2011-01-11,2011-01-23,21212,12,8.0,24.0,seasonal_naive_7d
3,2011-01-11,2011-01-23,21213,12,24.0,0.0,seasonal_naive_7d
3,2011-01-11,2011-01-23,21232,12,4.0,17.0,seasonal_naive_7d
3,2011-01-11,2011-01-23,21977,12,0.0,48.0,seasonal_naive_7d
3,2011-01-11,2011-01-23,21980,12,2.0,0.0,seasonal_naive_7d
3,2011-01-11,2011-01-23,21982,12,0.0,0.0,seasonal_naive_7d
3,2011-01-11,2011-01-23,21984,12,0.0,0.0,seasonal_naive_7d
3,2011-01-11,2011-01-23,22197,12,0.0,9.0,seasonal_naive_7d
3,2011-01-11,2011-01-23,84077,12,0.0,0.0,seasonal_naive_7d
3,2011-01-11,2011-01-23,84270,12,0.0,0.0,seasonal_naive_7d
3,2011-01-11,2011-01-23,84347,12,6.0,0.0,seasonal_naive_7d
3,2011-01-11,2011-01-23,84568,12,0.0,0.0,seasonal_naive_7d
3,2011-01-11,2011-01-23,84755,12,8.0,32.0,seasonal_naive_7d
3,2011-01-11,2011-01-23,84879,12,34.0,64.0,seasonal_naive_7d
3,2011-01-11,2011-01-23,84991,12,24.0,30.0,seasonal_naive_7d
3,2011-01-11,2011-01-23,84992,12,26.0,78.0,seasonal_naive_7d
3,2011-01-11,2011-01-23,85099B,12,100.0,43.0,seasonal_naive_7d
3,2011-01-11,2011-01-23,85123A,12,47.0,97.0,seasonal_naive_7d
3,2011-01-11,2011-01-24,17003,13,0.0,2.0,seasonal_naive_7d
3,2011-01-11,2011-01-24,20725,13,33.0,30.0,seasonal_naive_7d
3,2011-01-11,2011-01-24,21212,13,170.0,28.0,seasonal_naive_7d
3,2011-01-11,2011-01-24,21213,13,122.0,0.0,seasonal_naive_7d
3,2011-01-11,2011-01-24,21232,13,34.0,15.0,seasonal_naive_7d
3,2011-01-11,2011-01-24,21977,13,32.0,77.0,seasonal_naive_7d
3,2011-01-11,2011-01-24,21980,13,38.0,1.0,seasonal_naive_7d
3,2011-01-11,2011-01-24,21982,13,0.0,0.0,seasonal_naive_7d
3,2011-01-11,2011-01-24,21984,13,0.0,1.0,seasonal_naive_7d
3,2011-01-11,2011-01-24,22197,13,23.0,7.0,seasonal_naive_7d
3,2011-01-11,2011-01-24,84077,13,288.0,48.0,seasonal_naive_7d
3,2011-01-11,2011-01-24,84270,13,0.0,0.0,seasonal_naive_7d
3,2011-01-11,2011-01-24,84347,13,0.0,6.0,seasonal_naive_7d
3,2011-01-11,2011-01-24,84568,13,16.0,9.0,seasonal_naive_7d
3,2011-01-11,2011-01-24,84755,13,16.0,8.0,seasonal_naive_7d
3,2011-01-11,2011-01-24,84879,13,208.0,88.0,seasonal_naive_7d
3,2011-01-11,2011-01-24,84991,13,30.0,38.0,seasonal_naive_7d
3,2011-01-11,2011-01-24,84992,13,148.0,55.0,seasonal_naive_7d
3,2011-01-11,2011-01-24,85099B,13,56.0,57.0,seasonal_naive_7d
3,2011-01-11,2011-01-24,85123A,13,11.0,12.0,seasonal_naive_7d
3,2011-01-11,2011-01-25,17003,14,0.0,0.0,seasonal_naive_7d
3,2011-01-11,2011-01-25,20725,14,38.0,21.0,seasonal_naive_7d
3,2011-01-11,2011-01-25,21212,14,151.0,169.0,seasonal_naive_7d
3,2011-01-11,2011-01-25,21213,14,9.0,0.0,seasonal_naive_7d
3,2011-01-11,2011-01-25,21232,14,109.0,0.0,seasonal_naive_7d
3,2011-01-11,2011-01-25,21977,14,51.0,0.0,seasonal_naive_7d
3,2011-01-11,2011-01-25,21980,14,144.0,1.0,seasonal_naive_7d
3,2011-01-11,2011-01-25,21982,14,0.0,0.0,seasonal_naive_7d
3,2011-01-11,2011-01-25,21984,14,0.0,13.0,seasonal_naive_7d
3,2011-01-11,2011-01-25,22197,14,134.0,20.0,seasonal_naive_7d
3,2011-01-11,2011-01-25,84077,14,2.0,144.0,seasonal_naive_7d
3,2011-01-11,2011-01-25,84270,14,0.0,0.0,seasonal_naive_7d
3,2011-01-11,2011-01-25,84347,14,1.0,0.0,seasonal_naive_7d
3,2011-01-11,2011-01-25,84568,14,0.0,5.0,seasonal_naive_7d
3,2011-01-11,2011-01-25,84755,14,60.0,16.0,seasonal_naive_7d
3,2011-01-11,2011-01-25,84879,14,32.0,256.0,seasonal_naive_7d
3,2011-01-11,2011-01-25,84991,14,58.0,31.0,seasonal_naive_7d
3,2011-01-11,2011-01-25,84992,14,111.0,24.0,seasonal_naive_7d
3,2011-01-11,2011-01-25,85099B,14,393.0,1.0,seasonal_naive_7d
3,2011-01-11,2011-01-25,85123A,14,97.0,3114.0,seasonal_naive_7d
4,2011-01-25,2011-01-26,17003,1,1440.0,36.0,seasonal_naive_7d
4,2011-01-25,2011-01-26,20725,1,38.0,102.0,seasonal_naive_7d
4,2011-01-25,2011-01-26,21212,1,169.0,1540.0,seasonal_naive_7d
4,2011-01-25,2011-01-26,21213,1,2.0,29.0,seasonal_naive_7d
4,2011-01-25,2011-01-26,21232,1,1.0,33.0,seasonal_naive_7d
4,2011-01-25,2011-01-26,21977,1,4.0,2.0,seasonal_naive_7d
4,2011-01-25,2011-01-26,21980,1,0.0,12.0,seasonal_naive_7d
4,2011-01-25,2011-01-26,21982,1,48.0,108.0,seasonal_naive_7d
4,2011-01-25,2011-01-26,21984,1,0.0,0.0,seasonal_naive_7d
4,2011-01-25,2011-01-26,22197,1,103.0,52.0,seasonal_naive_7d
4,2011-01-25,2011-01-26,84077,1,48.0,0.0,seasonal_naive_7d
4,2011-01-25,2011-01-26,84270,1,0.0,0.0,seasonal_naive_7d
4,2011-01-25,2011-01-26,84347,1,0.0,0.0,seasonal_naive_7d
4,2011-01-25,2011-01-26,84568,1,0.0,0.0,seasonal_naive_7d
4,2011-01-25,2011-01-26,84755,1,8.0,16.0,seasonal_naive_7d
4,2011-01-25,2011-01-26,84879,1,24.0,8.0,seasonal_naive_7d
4,2011-01-25,2011-01-26,84991,1,48.0,124.0,seasonal_naive_7d
4,2011-01-25,2011-01-26,84992,1,69.0,130.0,seasonal_naive_7d
4,2011-01-25,2011-01-26,85099B,1,1.0,242.0,seasonal_naive_7d
4,2011-01-25,2011-01-26,85123A,1,183.0,271.0,seasonal_naive_7d
4,2011-01-25,2011-01-27,17003,2,0.0,72.0,seasonal_naive_7d
4,2011-01-25,2011-01-27,20725,2,42.0,15.0,seasonal_naive_7d
4,2011-01-25,2011-01-27,21212,2,47.0,1.0,seasonal_naive_7d
4,2011-01-25,2011-01-27,21213,2,50.0,1.0,seasonal_naive_7d
4,2011-01-25,2011-01-27,21232,2,10.0,0.0,seasonal_naive_7d
4,2011-01-25,2011-01-27,21977,2,54.0,1.0,seasonal_naive_7d
4,2011-01-25,2011-01-27,21980,2,24.0,0.0,seasonal_naive_7d
4,2011-01-25,2011-01-27,21982,2,2.0,1.0,seasonal_naive_7d
4,2011-01-25,2011-01-27,21984,2,0.0,0.0,seasonal_naive_7d
4,2011-01-25,2011-01-27,22197,2,57.0,12.0,seasonal_naive_7d
4,2011-01-25,2011-01-27,84077,2,144.0,0.0,seasonal_naive_7d
4,2011-01-25,2011-01-27,84270,2,0.0,0.0,seasonal_naive_7d
4,2011-01-25,2011-01-27,84347,2,0.0,0.0,seasonal_naive_7d
4,2011-01-25,2011-01-27,84568,2,0.0,12.0,seasonal_naive_7d
4,2011-01-25,2011-01-27,84755,2,0.0,0.0,seasonal_naive_7d
4,2011-01-25,2011-01-27,84879,2,16.0,24.0,seasonal_naive_7d
4,2011-01-25,2011-01-27,84991,2,9.0,0.0,seasonal_naive_7d
4,2011-01-25,2011-01-27,84992,2,14.0,25.0,seasonal_naive_7d
4,2011-01-25,2011-01-27,85099B,2,51.0,4.0,seasonal_naive_7d
4,2011-01-25,2011-01-27,85123A,2,64.0,42.0,seasonal_naive_7d
4,2011-01-25,2011-01-28,17003,3,0.0,0.0,seasonal_naive_7d
4,2011-01-25,2011-01-28,20725,3,20.0,0.0,seasonal_naive_7d
4,2011-01-25,2011-01-28,21212,3,16.0,129.0,seasonal_naive_7d
4,2011-01-25,2011-01-28,21213,3,1.0,121.0,seasonal_naive_7d
4,2011-01-25,2011-01-28,21232,3,0.0,0.0,seasonal_naive_7d
4,2011-01-25,2011-01-28,21977,3,0.0,124.0,seasonal_naive_7d
4,2011-01-25,2011-01-28,21980,3,0.0,48.0,seasonal_naive_7d
4,2011-01-25,2011-01-28,21982,3,0.0,1.0,seasonal_naive_7d
4,2011-01-25,2011-01-28,21984,3,0.0,2.0,seasonal_naive_7d
4,2011-01-25,2011-01-28,22197,3,24.0,152.0,seasonal_naive_7d
4,2011-01-25,2011-01-28,84077,3,48.0,0.0,seasonal_naive_7d
4,2011-01-25,2011-01-28,84270,3,0.0,0.0,seasonal_naive_7d
4,2011-01-25,2011-01-28,84347,3,0.0,1.0,seasonal_naive_7d
4,2011-01-25,2011-01-28,84568,3,0.0,14.0,seasonal_naive_7d
4,2011-01-25,2011-01-28,84755,3,0.0,16.0,seasonal_naive_7d
4,2011-01-25,2011-01-28,84879,3,40.0,24.0,seasonal_naive_7d
4,2011-01-25,2011-01-28,84991,3,3.0,6.0,seasonal_naive_7d
4,2011-01-25,2011-01-28,84992,3,8.0,13.0,seasonal_naive_7d
4,2011-01-25,2011-01-28,85099B,3,1.0,124.0,seasonal_naive_7d
4,2011-01-25,2011-01-28,85123A,3,68.0,64.0,seasonal_naive_7d
4,2011-01-25,2011-01-29,17003,4,0.0,0.0,seasonal_naive_7d
4,2011-01-25,2011-01-29,20725,4,0.0,0.0,seasonal_naive_7d
4,2011-01-25,2011-01-29,21212,4,0.0,0.0,seasonal_naive_7d
4,2011-01-25,2011-01-29,21213,4,0.0,0.0,seasonal_naive_7d
4,2011-01-25,2011-01-29,21232,4,0.0,0.0,seasonal_naive_7d
4,2011-01-25,2011-01-29,21977,4,0.0,0.0,seasonal_naive_7d
4,2011-01-25,2011-01-29,21980,4,0.0,0.0,seasonal_naive_7d
4,2011-01-25,2011-01-29,21982,4,0.0,0.0,seasonal_naive_7d
4,2011-01-25,2011-01-29,21984,4,0.0,0.0,seasonal_naive_7d
4,2011-01-25,2011-01-29,22197,4,0.0,0.0,seasonal_naive_7d
4,2011-01-25,2011-01-29,84077,4,0.0,0.0,seasonal_naive_7d
4,2011-01-25,2011-01-29,84270,4,0.0,0.0,seasonal_naive_7d
4,2011-01-25,2011-01-29,84347,4,0.0,0.0,seasonal_naive_7d
4,2011-01-25,2011-01-29,84568,4,0.0,0.0,seasonal_naive_7d
4,2011-01-25,2011-01-29,84755,4,0.0,0.0,seasonal_naive_7d
4,2011-01-25,2011-01-29,84879,4,0.0,0.0,seasonal_naive_7d
4,2011-01-25,2011-01-29,84991,4,0.0,0.0,seasonal_naive_7d
4,2011-01-25,2011-01-29,84992,4,0.0,0.0,seasonal_naive_7d
4,2011-01-25,2011-01-29,85099B,4,0.0,0.0,seasonal_naive_7d
4,2011-01-25,2011-01-29,85123A,4,0.0,0.0,seasonal_naive_7d
4,2011-01-25,2011-01-30,17003,5,0.0,0.0,seasonal_naive_7d
4,2011-01-25,2011-01-30,20725,5,0.0,0.0,seasonal_naive_7d
4,2011-01-25,2011-01-30,21212,5,4.0,8.0,seasonal_naive_7d
4,2011-01-25,2011-01-30,21213,5,0.0,24.0,seasonal_naive_7d
4,2011-01-25,2011-01-30,21232,5,4.0,4.0,seasonal_naive_7d
4,2011-01-25,2011-01-30,21977,5,3.0,0.0,seasonal_naive_7d
4,2011-01-25,2011-01-30,21980,5,4.0,2.0,seasonal_naive_7d
4,2011-01-25,2011-01-30,21982,5,4.0,0.0,seasonal_naive_7d
4,2011-01-25,2011-01-30,21984,5,4.0,0.0,seasonal_naive_7d
4,2011-01-25,2011-01-30,22197,5,10.0,0.0,seasonal_naive_7d
4,2011-01-25,2011-01-30,84077,5,0.0,0.0,seasonal_naive_7d
4,2011-01-25,2011-01-30,84270,5,0.0,0.0,seasonal_naive_7d
4,2011-01-25,2011-01-30,84347,5,0.0,6.0,seasonal_naive_7d
4,2011-01-25,2011-01-30,84568,5,0.0,0.0,seasonal_naive_7d
4,2011-01-25,2011-01-30,84755,5,8.0,8.0,seasonal_naive_7d
4,2011-01-25,2011-01-30,84879,5,24.0,34.0,seasonal_naive_7d
4,2011-01-25,2011-01-30,84991,5,24.0,24.0,seasonal_naive_7d
4,2011-01-25,2011-01-30,84992,5,50.0,26.0,seasonal_naive_7d
4,2011-01-25,2011-01-30,85099B,5,0.0,100.0,seasonal_naive_7d
4,2011-01-25,2011-01-30,85123A,5,123.0,47.0,seasonal_naive_7d
4,2011-01-25,2011-01-31,17003,6,38.0,0.0,seasonal_naive_7d
4,2011-01-25,2011-01-31,20725,6,185.0,33.0,seasonal_naive_7d
4,2011-01-25,2011-01-31,21212,6,158.0,170.0,seasonal_naive_7d
4,2011-01-25,2011-01-31,21213,6,128.0,122.0,seasonal_naive_7d
4,2011-01-25,2011-01-31,21232,6,160.0,34.0,seasonal_naive_7d
4,2011-01-25,2011-01-31,21977,6,174.0,32.0,seasonal_naive_7d
4,2011-01-25,2011-01-31,21980,6,48.0,38.0,seasonal_naive_7d
4,2011-01-25,2011-01-31,21982,6,0.0,0.0,seasonal_naive_7d
4,2011-01-25,2011-01-31,21984,6,6.0,0.0,seasonal_naive_7d
4,2011-01-25,2011-01-31,22197,6,61.0,23.0,seasonal_naive_7d
4,2011-01-25,2011-01-31,84077,6,48.0,288.0,seasonal_naive_7d
4,2011-01-25,2011-01-31,84270,6,0.0,0.0,seasonal_naive_7d
4,2011-01-25,2011-01-31,84347,6,5.0,0.0,seasonal_naive_7d
4,2011-01-25,2011-01-31,84568,6,0.0,16.0,seasonal_naive_7d
4,2011-01-25,2011-01-31,84755,6,0.0,16.0,seasonal_naive_7d
4,2011-01-25,2011-01-31,84879,6,366.0,208.0,seasonal_naive_7d
4,2011-01-25,2011-01-31,84991,6,224.0,30.0,seasonal_naive_7d
4,2011-01-25,2011-01-31,84992,6,102.0,148.0,seasonal_naive_7d
4,2011-01-25,2011-01-31,85099B,6,52.0,56.0,seasonal_naive_7d
4,2011-01-25,2011-01-31,85123A,6,31.0,11.0,seasonal_naive_7d
4,2011-01-25,2011-02-01,17003,7,36.0,0.0,seasonal_naive_7d
4,2011-01-25,2011-02-01,20725,7,129.0,38.0,seasonal_naive_7d
4,2011-01-25,2011-02-01,21212,7,148.0,151.0,seasonal_naive_7d
4,2011-01-25,2011-02-01,21213,7,32.0,9.0,seasonal_naive_7d
4,2011-01-25,2011-02-01,21232,7,36.0,109.0,seasonal_naive_7d
4,2011-01-25,2011-02-01,21977,7,103.0,51.0,seasonal_naive_7d
4,2011-01-25,2011-02-01,21980,7,60.0,144.0,seasonal_naive_7d
4,2011-01-25,2011-02-01,21982,7,0.0,0.0,seasonal_naive_7d
4,2011-01-25,2011-02-01,21984,7,0.0,0.0,seasonal_naive_7d
4,2011-01-25,2011-02-01,22197,7,6.0,134.0,seasonal_naive_7d
4,2011-01-25,2011-02-01,84077,7,48.0,2.0,seasonal_naive_7d
4,2011-01-25,2011-02-01,84270,7,0.0,0.0,seasonal_naive_7d
4,2011-01-25,2011-02-01,84347,7,0.0,1.0,seasonal_naive_7d
4,2011-01-25,2011-02-01,84568,7,0.0,0.0,seasonal_naive_7d
4,2011-01-25,2011-02-01,84755,7,8.0,60.0,seasonal_naive_7d
4,2011-01-25,2011-02-01,84879,7,304.0,32.0,seasonal_naive_7d
4,2011-01-25,2011-02-01,84991,7,16.0,58.0,seasonal_naive_7d
4,2011-01-25,2011-02-01,84992,7,162.0,111.0,seasonal_naive_7d
4,2011-01-25,2011-02-01,85099B,7,390.0,393.0,seasonal_naive_7d
4,2011-01-25,2011-02-01,85123A,7,195.0,97.0,seasonal_naive_7d
4,2011-01-25,2011-02-02,17003,8,72.0,36.0,seasonal_naive_7d
4,2011-01-25,2011-02-02,20725,8,35.0,102.0,seasonal_naive_7d
4,2011-01-25,2011-02-02,21212,8,2.0,1540.0,seasonal_naive_7d
4,2011-01-25,2011-02-02,21213,8,48.0,29.0,seasonal_naive_7d
4,2011-01-25,2011-02-02,21232,8,14.0,33.0,seasonal_naive_7d
4,2011-01-25,2011-02-02,21977,8,3.0,2.0,seasonal_naive_7d
4,2011-01-25,2011-02-02,21980,8,6.0,12.0,seasonal_naive_7d
4,2011-01-25,2011-02-02,21982,8,2.0,108.0,seasonal_naive_7d
4,2011-01-25,2011-02-02,21984,8,0.0,0.0,seasonal_naive_7d
4,2011-01-25,2011-02-02,22197,8,6.0,52.0,seasonal_naive_7d
4,2011-01-25,2011-02-02,84077,8,100.0,0.0,seasonal_naive_7d
4,2011-01-25,2011-02-02,84270,8,0.0,0.0,seasonal_naive_7d
4,2011-01-25,2011-02-02,84347,8,3.0,0.0,seasonal_naive_7d
4,2011-01-25,2011-02-02,84568,8,0.0,0.0,seasonal_naive_7d
4,2011-01-25,2011-02-02,84755,8,32.0,16.0,seasonal_naive_7d
4,2011-01-25,2011-02-02,84879,8,224.0,8.0,seasonal_naive_7d
4,2011-01-25,2011-02-02,84991,8,52.0,124.0,seasonal_naive_7d
4,2011-01-25,2011-02-02,84992,8,6.0,130.0,seasonal_naive_7d
4,2011-01-25,2011-02-02,85099B,8,310.0,242.0,seasonal_naive_7d
4,2011-01-25,2011-02-02,85123A,8,222.0,271.0,seasonal_naive_7d
4,2011-01-25,2011-02-03,17003,9,0.0,72.0,seasonal_naive_7d
4,2011-01-25,2011-02-03,20725,9,16.0,15.0,seasonal_naive_7d
4,2011-01-25,2011-02-03,21212,9,160.0,1.0,seasonal_naive_7d
4,2011-01-25,2011-02-03,21213,9,26.0,1.0,seasonal_naive_7d
4,2011-01-25,2011-02-03,21232,9,50.0,0.0,seasonal_naive_7d
4,2011-01-25,2011-02-03,21977,9,504.0,1.0,seasonal_naive_7d
4,2011-01-25,2011-02-03,21980,9,456.0,0.0,seasonal_naive_7d
4,2011-01-25,2011-02-03,21982,9,0.0,1.0,seasonal_naive_7d
4,2011-01-25,2011-02-03,21984,9,456.0,0.0,seasonal_naive_7d
4,2011-01-25,2011-02-03,22197,9,0.0,12.0,seasonal_naive_7d
4,2011-01-25,2011-02-03,84077,9,2640.0,0.0,seasonal_naive_7d
4,2011-01-25,2011-02-03,84270,9,0.0,0.0,seasonal_naive_7d
4,2011-01-25,2011-02-03,84347,9,1.0,0.0,seasonal_naive_7d
4,2011-01-25,2011-02-03,84568,9,0.0,12.0,seasonal_naive_7d
4,2011-01-25,2011-02-03,84755,9,0.0,0.0,seasonal_naive_7d
4,2011-01-25,2011-02-03,84879,9,24.0,24.0,seasonal_naive_7d
4,2011-01-25,2011-02-03,84991,9,60.0,0.0,seasonal_naive_7d
4,2011-01-25,2011-02-03,84992,9,33.0,25.0,seasonal_naive_7d
4,2011-01-25,2011-02-03,85099B,9,126.0,4.0,seasonal_naive_7d
4,2011-01-25,2011-02-03,85123A,9,63.0,42.0,seasonal_naive_7d
4,2011-01-25,2011-02-04,17003,10,0.0,0.0,seasonal_naive_7d
4,2011-01-25,2011-02-04,20725,10,52.0,0.0,seasonal_naive_7d
4,2011-01-25,2011-02-04,21212,10,90.0,129.0,seasonal_naive_7d
4,2011-01-25,2011-02-04,21213,10,9.0,121.0,seasonal_naive_7d
4,2011-01-25,2011-02-04,21232,10,26.0,0.0,seasonal_naive_7d
4,2011-01-25,2011-02-04,21977,10,3.0,124.0,seasonal_naive_7d
4,2011-01-25,2011-02-04,21980,10,0.0,48.0,seasonal_naive_7d
4,2011-01-25,2011-02-04,21982,10,0.0,1.0,seasonal_naive_7d
4,2011-01-25,2011-02-04,21984,10,25.0,2.0,seasonal_naive_7d
4,2011-01-25,2011-02-04,22197,10,34.0,152.0,seasonal_naive_7d
4,2011-01-25,2011-02-04,84077,10,1.0,0.0,seasonal_naive_7d
4,2011-01-25,2011-02-04,84270,10,0.0,0.0,seasonal_naive_7d
4,2011-01-25,2011-02-04,84347,10,3.0,1.0,seasonal_naive_7d
4,2011-01-25,2011-02-04,84568,10,0.0,14.0,seasonal_naive_7d
4,2011-01-25,2011-02-04,84755,10,8.0,16.0,seasonal_naive_7d
4,2011-01-25,2011-02-04,84879,10,8.0,24.0,seasonal_naive_7d
4,2011-01-25,2011-02-04,84991,10,29.0,6.0,seasonal_naive_7d
4,2011-01-25,2011-02-04,84992,10,6.0,13.0,seasonal_naive_7d
4,2011-01-25,2011-02-04,85099B,10,23.0,124.0,seasonal_naive_7d
4,2011-01-25,2011-02-04,85123A,10,42.0,64.0,seasonal_naive_7d
4,2011-01-25,2011-02-05,17003,11,0.0,0.0,seasonal_naive_7d
4,2011-01-25,2011-02-05,20725,11,0.0,0.0,seasonal_naive_7d
4,2011-01-25,2011-02-05,21212,11,0.0,0.0,seasonal_naive_7d
4,2011-01-25,2011-02-05,21213,11,0.0,0.0,seasonal_naive_7d
4,2011-01-25,2011-02-05,21232,11,0.0,0.0,seasonal_naive_7d
4,2011-01-25,2011-02-05,21977,11,0.0,0.0,seasonal_naive_7d
4,2011-01-25,2011-02-05,21980,11,0.0,0.0,seasonal_naive_7d
4,2011-01-25,2011-02-05,21982,11,0.0,0.0,seasonal_naive_7d
4,2011-01-25,2011-02-05,21984,11,0.0,0.0,seasonal_naive_7d
4,2011-01-25,2011-02-05,22197,11,0.0,0.0,seasonal_naive_7d
4,2011-01-25,2011-02-05,84077,11,0.0,0.0,seasonal_naive_7d
4,2011-01-25,2011-02-05,84270,11,0.0,0.0,seasonal_naive_7d
4,2011-01-25,2011-02-05,84347,11,0.0,0.0,seasonal_naive_7d
4,2011-01-25,2011-02-05,84568,11,0.0,0.0,seasonal_naive_7d
4,2011-01-25,2011-02-05,84755,11,0.0,0.0,seasonal_naive_7d
4,2011-01-25,2011-02-05,84879,11,0.0,0.0,seasonal_naive_7d
4,2011-01-25,2011-02-05,84991,11,0.0,0.0,seasonal_naive_7d
4,2011-01-25,2011-02-05,84992,11,0.0,0.0,seasonal_naive_7d
4,2011-01-25,2011-02-05,85099B,11,0.0,0.0,seasonal_naive_7d
4,2011-01-25,2011-02-05,85123A,11,0.0,0.0,seasonal_naive_7d
4,2011-01-25,2011-02-06,17003,12,0.0,0.0,seasonal_naive_7d
4,2011-01-25,2011-02-06,20725,12,0.0,0.0,seasonal_naive_7d
4,2011-01-25,2011-02-06,21212,12,0.0,8.0,seasonal_naive_7d
4,2011-01-25,2011-02-06,21213,12,0.0,24.0,seasonal_naive_7d
4,2011-01-25,2011-02-06,21232,12,0.0,4.0,seasonal_naive_7d
4,2011-01-25,2011-02-06,21977,12,24.0,0.0,seasonal_naive_7d
4,2011-01-25,2011-02-06,21980,12,0.0,2.0,seasonal_naive_7d
4,2011-01-25,2011-02-06,21982,12,0.0,0.0,seasonal_naive_7d
4,2011-01-25,2011-02-06,21984,12,0.0,0.0,seasonal_naive_7d
4,2011-01-25,2011-02-06,22197,12,0.0,0.0,seasonal_naive_7d
4,2011-01-25,2011-02-06,84077,12,0.0,0.0,seasonal_naive_7d
4,2011-01-25,2011-02-06,84270,12,0.0,0.0,seasonal_naive_7d
4,2011-01-25,2011-02-06,84347,12,0.0,6.0,seasonal_naive_7d
4,2011-01-25,2011-02-06,84568,12,96.0,0.0,seasonal_naive_7d
4,2011-01-25,2011-02-06,84755,12,0.0,8.0,seasonal_naive_7d
4,2011-01-25,2011-02-06,84879,12,11.0,34.0,seasonal_naive_7d
4,2011-01-25,2011-02-06,84991,12,4.0,24.0,seasonal_naive_7d
4,2011-01-25,2011-02-06,84992,12,65.0,26.0,seasonal_naive_7d
4,2011-01-25,2011-02-06,85099B,12,64.0,100.0,seasonal_naive_7d
4,2011-01-25,2011-02-06,85123A,12,35.0,47.0,seasonal_naive_7d
4,2011-01-25,2011-02-07,17003,13,0.0,0.0,seasonal_naive_7d
4,2011-01-25,2011-02-07,20725,13,22.0,33.0,seasonal_naive_7d
4,2011-01-25,2011-02-07,21212,13,50.0,170.0,seasonal_naive_7d
4,2011-01-25,2011-02-07,21213,13,1.0,122.0,seasonal_naive_7d
4,2011-01-25,2011-02-07,21232,13,19.0,34.0,seasonal_naive_7d
4,2011-01-25,2011-02-07,21977,13,24.0,32.0,seasonal_naive_7d
4,2011-01-25,2011-02-07,21980,13,12.0,38.0,seasonal_naive_7d
4,2011-01-25,2011-02-07,21982,13,0.0,0.0,seasonal_naive_7d
4,2011-01-25,2011-02-07,21984,13,0.0,0.0,seasonal_naive_7d
4,2011-01-25,2011-02-07,22197,13,13.0,23.0,seasonal_naive_7d
4,2011-01-25,2011-02-07,84077,13,0.0,288.0,seasonal_naive_7d
4,2011-01-25,2011-02-07,84270,13,0.0,0.0,seasonal_naive_7d
4,2011-01-25,2011-02-07,84347,13,0.0,0.0,seasonal_naive_7d
4,2011-01-25,2011-02-07,84568,13,0.0,16.0,seasonal_naive_7d
4,2011-01-25,2011-02-07,84755,13,32.0,16.0,seasonal_naive_7d
4,2011-01-25,2011-02-07,84879,13,8.0,208.0,seasonal_naive_7d
4,2011-01-25,2011-02-07,84991,13,48.0,30.0,seasonal_naive_7d
4,2011-01-25,2011-02-07,84992,13,170.0,148.0,seasonal_naive_7d
4,2011-01-25,2011-02-07,85099B,13,30.0,56.0,seasonal_naive_7d
4,2011-01-25,2011-02-07,85123A,13,69.0,11.0,seasonal_naive_7d
4,2011-01-25,2011-02-08,17003,14,0.0,0.0,seasonal_naive_7d
4,2011-01-25,2011-02-08,20725,14,24.0,38.0,seasonal_naive_7d
4,2011-01-25,2011-02-08,21212,14,58.0,151.0,seasonal_naive_7d
4,2011-01-25,2011-02-08,21213,14,28.0,9.0,seasonal_naive_7d
4,2011-01-25,2011-02-08,21232,14,21.0,109.0,seasonal_naive_7d
4,2011-01-25,2011-02-08,21977,14,3.0,51.0,seasonal_naive_7d
4,2011-01-25,2011-02-08,21980,14,0.0,144.0,seasonal_naive_7d
4,2011-01-25,2011-02-08,21982,14,0.0,0.0,seasonal_naive_7d
4,2011-01-25,2011-02-08,21984,14,0.0,0.0,seasonal_naive_7d
4,2011-01-25,2011-02-08,22197,14,39.0,134.0,seasonal_naive_7d
4,2011-01-25,2011-02-08,84077,14,48.0,2.0,seasonal_naive_7d
4,2011-01-25,2011-02-08,84270,14,0.0,0.0,seasonal_naive_7d
4,2011-01-25,2011-02-08,84347,14,7.0,1.0,seasonal_naive_7d
4,2011-01-25,2011-02-08,84568,14,0.0,0.0,seasonal_naive_7d
4,2011-01-25,2011-02-08,84755,14,0.0,60.0,seasonal_naive_7d
4,2011-01-25,2011-02-08,84879,14,8.0,32.0,seasonal_naive_7d
4,2011-01-25,2011-02-08,84991,14,9.0,58.0,seasonal_naive_7d
4,2011-01-25,2011-02-08,84992,14,1.0,111.0,seasonal_naive_7d
4,2011-01-25,2011-02-08,85099B,14,139.0,393.0,seasonal_naive_7d
4,2011-01-25,2011-02-08,85123A,14,153.0,97.0,seasonal_naive_7d
5,2011-02-08,2011-02-09,17003,1,0.0,72.0,seasonal_naive_7d
5,2011-02-08,2011-02-09,20725,1,140.0,35.0,seasonal_naive_7d
5,2011-02-08,2011-02-09,21212,1,53.0,2.0,seasonal_naive_7d
5,2011-02-08,2011-02-09,21213,1,2.0,48.0,seasonal_naive_7d
5,2011-02-08,2011-02-09,21232,1,18.0,14.0,seasonal_naive_7d
5,2011-02-08,2011-02-09,21977,1,24.0,3.0,seasonal_naive_7d
5,2011-02-08,2011-02-09,21980,1,97.0,6.0,seasonal_naive_7d
5,2011-02-08,2011-02-09,21982,1,1.0,2.0,seasonal_naive_7d
5,2011-02-08,2011-02-09,21984,1,10.0,0.0,seasonal_naive_7d
5,2011-02-08,2011-02-09,22197,1,36.0,6.0,seasonal_naive_7d
5,2011-02-08,2011-02-09,84077,1,0.0,100.0,seasonal_naive_7d
5,2011-02-08,2011-02-09,84270,1,0.0,0.0,seasonal_naive_7d
5,2011-02-08,2011-02-09,84347,1,3.0,3.0,seasonal_naive_7d
5,2011-02-08,2011-02-09,84568,1,0.0,0.0,seasonal_naive_7d
5,2011-02-08,2011-02-09,84755,1,12.0,32.0,seasonal_naive_7d
5,2011-02-08,2011-02-09,84879,1,16.0,224.0,seasonal_naive_7d
5,2011-02-08,2011-02-09,84991,1,0.0,52.0,seasonal_naive_7d
5,2011-02-08,2011-02-09,84992,1,1.0,6.0,seasonal_naive_7d
5,2011-02-08,2011-02-09,85099B,1,36.0,310.0,seasonal_naive_7d
5,2011-02-08,2011-02-09,85123A,1,14.0,222.0,seasonal_naive_7d
5,2011-02-08,2011-02-10,17003,2,0.0,0.0,seasonal_naive_7d
5,2011-02-08,2011-02-10,20725,2,14.0,16.0,seasonal_naive_7d
5,2011-02-08,2011-02-10,21212,2,26.0,160.0,seasonal_naive_7d
5,2011-02-08,2011-02-10,21213,2,0.0,26.0,seasonal_naive_7d
5,2011-02-08,2011-02-10,21232,2,0.0,50.0,seasonal_naive_7d
5,2011-02-08,2011-02-10,21977,2,24.0,504.0,seasonal_naive_7d
5,2011-02-08,2011-02-10,21980,2,0.0,456.0,seasonal_naive_7d
5,2011-02-08,2011-02-10,21982,2,1296.0,0.0,seasonal_naive_7d
5,2011-02-08,2011-02-10,21984,2,0.0,456.0,seasonal_naive_7d
5,2011-02-08,2011-02-10,22197,2,44.0,0.0,seasonal_naive_7d
5,2011-02-08,2011-02-10,84077,2,0.0,2640.0,seasonal_naive_7d
5,2011-02-08,2011-02-10,84270,2,0.0,0.0,seasonal_naive_7d
5,2011-02-08,2011-02-10,84347,2,0.0,1.0,seasonal_naive_7d
5,2011-02-08,2011-02-10,84568,2,0.0,0.0,seasonal_naive_7d
5,2011-02-08,2011-02-10,84755,2,0.0,0.0,seasonal_naive_7d
5,2011-02-08,2011-02-10,84879,2,72.0,24.0,seasonal_naive_7d
5,2011-02-08,2011-02-10,84991,2,0.0,60.0,seasonal_naive_7d
5,2011-02-08,2011-02-10,84992,2,0.0,33.0,seasonal_naive_7d
5,2011-02-08,2011-02-10,85099B,2,0.0,126.0,seasonal_naive_7d
5,2011-02-08,2011-02-10,85123A,2,66.0,63.0,seasonal_naive_7d
5,2011-02-08,2011-02-11,17003,3,0.0,0.0,seasonal_naive_7d
5,2011-02-08,2011-02-11,20725,3,42.0,52.0,seasonal_naive_7d
5,2011-02-08,2011-02-11,21212,3,134.0,90.0,seasonal_naive_7d
5,2011-02-08,2011-02-11,21213,3,5.0,9.0,seasonal_naive_7d
5,2011-02-08,2011-02-11,21232,3,51.0,26.0,seasonal_naive_7d
5,2011-02-08,2011-02-11,21977,3,0.0,3.0,seasonal_naive_7d
5,2011-02-08,2011-02-11,21980,3,0.0,0.0,seasonal_naive_7d
5,2011-02-08,2011-02-11,21982,3,0.0,0.0,seasonal_naive_7d
5,2011-02-08,2011-02-11,21984,3,0.0,25.0,seasonal_naive_7d
5,2011-02-08,2011-02-11,22197,3,102.0,34.0,seasonal_naive_7d
5,2011-02-08,2011-02-11,84077,3,0.0,1.0,seasonal_naive_7d
5,2011-02-08,2011-02-11,84270,3,0.0,0.0,seasonal_naive_7d
5,2011-02-08,2011-02-11,84347,3,1.0,3.0,seasonal_naive_7d
5,2011-02-08,2011-02-11,84568,3,0.0,0.0,seasonal_naive_7d
5,2011-02-08,2011-02-11,84755,3,164.0,8.0,seasonal_naive_7d
5,2011-02-08,2011-02-11,84879,3,32.0,8.0,seasonal_naive_7d
5,2011-02-08,2011-02-11,84991,3,2.0,29.0,seasonal_naive_7d
5,2011-02-08,2011-02-11,84992,3,0.0,6.0,seasonal_naive_7d
5,2011-02-08,2011-02-11,85099B,3,43.0,23.0,seasonal_naive_7d
5,2011-02-08,2011-02-11,85123A,3,209.0,42.0,seasonal_naive_7d
5,2011-02-08,2011-02-12,17003,4,0.0,0.0,seasonal_naive_7d
5,2011-02-08,2011-02-12,20725,4,0.0,0.0,seasonal_naive_7d
5,2011-02-08,2011-02-12,21212,4,0.0,0.0,seasonal_naive_7d
5,2011-02-08,2011-02-12,21213,4,0.0,0.0,seasonal_naive_7d
5,2011-02-08,2011-02-12,21232,4,0.0,0.0,seasonal_naive_7d
5,2011-02-08,2011-02-12,21977,4,0.0,0.0,seasonal_naive_7d
5,2011-02-08,2011-02-12,21980,4,0.0,0.0,seasonal_naive_7d
5,2011-02-08,2011-02-12,21982,4,0.0,0.0,seasonal_naive_7d
5,2011-02-08,2011-02-12,21984,4,0.0,0.0,seasonal_naive_7d
5,2011-02-08,2011-02-12,22197,4,0.0,0.0,seasonal_naive_7d
5,2011-02-08,2011-02-12,84077,4,0.0,0.0,seasonal_naive_7d
5,2011-02-08,2011-02-12,84270,4,0.0,0.0,seasonal_naive_7d
5,2011-02-08,2011-02-12,84347,4,0.0,0.0,seasonal_naive_7d
5,2011-02-08,2011-02-12,84568,4,0.0,0.0,seasonal_naive_7d
5,2011-02-08,2011-02-12,84755,4,0.0,0.0,seasonal_naive_7d
5,2011-02-08,2011-02-12,84879,4,0.0,0.0,seasonal_naive_7d
5,2011-02-08,2011-02-12,84991,4,0.0,0.0,seasonal_naive_7d
5,2011-02-08,2011-02-12,84992,4,0.0,0.0,seasonal_naive_7d
5,2011-02-08,2011-02-12,85099B,4,0.0,0.0,seasonal_naive_7d
5,2011-02-08,2011-02-12,85123A,4,0.0,0.0,seasonal_naive_7d
5,2011-02-08,2011-02-13,17003,5,0.0,0.0,seasonal_naive_7d
5,2011-02-08,2011-02-13,20725,5,13.0,0.0,seasonal_naive_7d
5,2011-02-08,2011-02-13,21212,5,26.0,0.0,seasonal_naive_7d
5,2011-02-08,2011-02-13,21213,5,2.0,0.0,seasonal_naive_7d
5,2011-02-08,2011-02-13,21232,5,4.0,0.0,seasonal_naive_7d
5,2011-02-08,2011-02-13,21977,5,0.0,24.0,seasonal_naive_7d
5,2011-02-08,2011-02-13,21980,5,0.0,0.0,seasonal_naive_7d
5,2011-02-08,2011-02-13,21982,5,0.0,0.0,seasonal_naive_7d
5,2011-02-08,2011-02-13,21984,5,12.0,0.0,seasonal_naive_7d
5,2011-02-08,2011-02-13,22197,5,5.0,0.0,seasonal_naive_7d
5,2011-02-08,2011-02-13,84077,5,0.0,0.0,seasonal_naive_7d
5,2011-02-08,2011-02-13,84270,5,0.0,0.0,seasonal_naive_7d
5,2011-02-08,2011-02-13,84347,5,0.0,0.0,seasonal_naive_7d
5,2011-02-08,2011-02-13,84568,5,0.0,96.0,seasonal_naive_7d
5,2011-02-08,2011-02-13,84755,5,0.0,0.0,seasonal_naive_7d
5,2011-02-08,2011-02-13,84879,5,24.0,11.0,seasonal_naive_7d
5,2011-02-08,2011-02-13,84991,5,24.0,4.0,seasonal_naive_7d
5,2011-02-08,2011-02-13,84992,5,0.0,65.0,seasonal_naive_7d
5,2011-02-08,2011-02-13,85099B,5,40.0,64.0,seasonal_naive_7d
5,2011-02-08,2011-02-13,85123A,5,6.0,35.0,seasonal_naive_7d
5,2011-02-08,2011-02-14,17003,6,36.0,0.0,seasonal_naive_7d
5,2011-02-08,2011-02-14,20725,6,46.0,22.0,seasonal_naive_7d
5,2011-02-08,2011-02-14,21212,6,102.0,50.0,seasonal_naive_7d
5,2011-02-08,2011-02-14,21213,6,28.0,1.0,seasonal_naive_7d
5,2011-02-08,2011-02-14,21232,6,37.0,19.0,seasonal_naive_7d
5,2011-02-08,2011-02-14,21977,6,30.0,24.0,seasonal_naive_7d
5,2011-02-08,2011-02-14,21980,6,60.0,12.0,seasonal_naive_7d
5,2011-02-08,2011-02-14,21982,6,0.0,0.0,seasonal_naive_7d
5,2011-02-08,2011-02-14,21984,6,60.0,0.0,seasonal_naive_7d
5,2011-02-08,2011-02-14,22197,6,17.0,13.0,seasonal_naive_7d
5,2011-02-08,2011-02-14,84077,6,48.0,0.0,seasonal_naive_7d
5,2011-02-08,2011-02-14,84270,6,0.0,0.0,seasonal_naive_7d
5,2011-02-08,2011-02-14,84347,6,0.0,0.0,seasonal_naive_7d
5,2011-02-08,2011-02-14,84568,6,0.0,0.0,seasonal_naive_7d
5,2011-02-08,2011-02-14,84755,6,8.0,32.0,seasonal_naive_7d
5,2011-02-08,2011-02-14,84879,6,236.0,8.0,seasonal_naive_7d
5,2011-02-08,2011-02-14,84991,6,51.0,48.0,seasonal_naive_7d
5,2011-02-08,2011-02-14,84992,6,30.0,170.0,seasonal_naive_7d
5,2011-02-08,2011-02-14,85099B,6,426.0,30.0,seasonal_naive_7d
5,2011-02-08,2011-02-14,85123A,6,66.0,69.0,seasonal_naive_7d
5,2011-02-08,2011-02-15,17003,7,36.0,0.0,seasonal_naive_7d
5,2011-02-08,2011-02-15,20725,7,21.0,24.0,seasonal_naive_7d
5,2011-02-08,2011-02-15,21212,7,144.0,58.0,seasonal_naive_7d
5,2011-02-08,2011-02-15,21213,7,13.0,28.0,seasonal_naive_7d
5,2011-02-08,2011-02-15,21232,7,12.0,21.0,seasonal_naive_7d
5,2011-02-08,2011-02-15,21977,7,181.0,3.0,seasonal_naive_7d
5,2011-02-08,2011-02-15,21980,7,2.0,0.0,seasonal_naive_7d
5,2011-02-08,2011-02-15,21982,7,0.0,0.0,seasonal_naive_7d
5,2011-02-08,2011-02-15,21984,7,0.0,0.0,seasonal_naive_7d
5,2011-02-08,2011-02-15,22197,7,633.0,39.0,seasonal_naive_7d
5,2011-02-08,2011-02-15,84077,7,0.0,48.0,seasonal_naive_7d
5,2011-02-08,2011-02-15,84270,7,0.0,0.0,seasonal_naive_7d
5,2011-02-08,2011-02-15,84347,7,0.0,7.0,seasonal_naive_7d
5,2011-02-08,2011-02-15,84568,7,0.0,0.0,seasonal_naive_7d
5,2011-02-08,2011-02-15,84755,7,16.0,0.0,seasonal_naive_7d
5,2011-02-08,2011-02-15,84879,7,84.0,8.0,seasonal_naive_7d
5,2011-02-08,2011-02-15,84991,7,27.0,9.0,seasonal_naive_7d
5,2011-02-08,2011-02-15,84992,7,39.0,1.0,seasonal_naive_7d
5,2011-02-08,2011-02-15,85099B,7,54.0,139.0,seasonal_naive_7d
5,2011-02-08,2011-02-15,85123A,7,12.0,153.0,seasonal_naive_7d
5,2011-02-08,2011-02-16,17003,8,0.0,72.0,seasonal_naive_7d
5,2011-02-08,2011-02-16,20725,8,60.0,35.0,seasonal_naive_7d
5,2011-02-08,2011-02-16,21212,8,27.0,2.0,seasonal_naive_7d
5,2011-02-08,2011-02-16,21213,8,48.0,48.0,seasonal_naive_7d
5,2011-02-08,2011-02-16,21232,8,16.0,14.0,seasonal_naive_7d
5,2011-02-08,2011-02-16,21977,8,25.0,3.0,seasonal_naive_7d
5,2011-02-08,2011-02-16,21980,8,32.0,6.0,seasonal_naive_7d
5,2011-02-08,2011-02-16,21982,8,0.0,2.0,seasonal_naive_7d
5,2011-02-08,2011-02-16,21984,8,30.0,0.0,seasonal_naive_7d
5,2011-02-08,2011-02-16,22197,8,21.0,6.0,seasonal_naive_7d
5,2011-02-08,2011-02-16,84077,8,0.0,100.0,seasonal_naive_7d
5,2011-02-08,2011-02-16,84270,8,0.0,0.0,seasonal_naive_7d
5,2011-02-08,2011-02-16,84347,8,0.0,3.0,seasonal_naive_7d
5,2011-02-08,2011-02-16,84568,8,12.0,0.0,seasonal_naive_7d
5,2011-02-08,2011-02-16,84755,8,104.0,32.0,seasonal_naive_7d
5,2011-02-08,2011-02-16,84879,8,156.0,224.0,seasonal_naive_7d
5,2011-02-08,2011-02-16,84991,8,0.0,52.0,seasonal_naive_7d
5,2011-02-08,2011-02-16,84992,8,1.0,6.0,seasonal_naive_7d
5,2011-02-08,2011-02-16,85099B,8,30.0,310.0,seasonal_naive_7d
5,2011-02-08,2011-02-16,85123A,8,203.0,222.0,seasonal_naive_7d
5,2011-02-08,2011-02-17,17003,9,38.0,0.0,seasonal_naive_7d
5,2011-02-08,2011-02-17,20725,9,53.0,16.0,seasonal_naive_7d
5,2011-02-08,2011-02-17,21212,9,43.0,160.0,seasonal_naive_7d
5,2011-02-08,2011-02-17,21213,9,66.0,26.0,seasonal_naive_7d
5,2011-02-08,2011-02-17,21232,9,53.0,50.0,seasonal_naive_7d
5,2011-02-08,2011-02-17,21977,9,57.0,504.0,seasonal_naive_7d
5,2011-02-08,2011-02-17,21980,9,12.0,456.0,seasonal_naive_7d
5,2011-02-08,2011-02-17,21982,9,43.0,0.0,seasonal_naive_7d
5,2011-02-08,2011-02-17,21984,9,0.0,456.0,seasonal_naive_7d
5,2011-02-08,2011-02-17,22197,9,311.0,0.0,seasonal_naive_7d
5,2011-02-08,2011-02-17,84077,9,96.0,2640.0,seasonal_naive_7d
5,2011-02-08,2011-02-17,84270,9,0.0,0.0,seasonal_naive_7d
5,2011-02-08,2011-02-17,84347,9,5.0,1.0,seasonal_naive_7d
5,2011-02-08,2011-02-17,84568,9,288.0,0.0,seasonal_naive_7d
5,2011-02-08,2011-02-17,84755,9,32.0,0.0,seasonal_naive_7d
5,2011-02-08,2011-02-17,84879,9,24.0,24.0,seasonal_naive_7d
5,2011-02-08,2011-02-17,84991,9,36.0,60.0,seasonal_naive_7d
5,2011-02-08,2011-02-17,84992,9,30.0,33.0,seasonal_naive_7d
5,2011-02-08,2011-02-17,85099B,9,131.0,126.0,seasonal_naive_7d
5,2011-02-08,2011-02-17,85123A,9,50.0,63.0,seasonal_naive_7d
5,2011-02-08,2011-02-18,17003,10,36.0,0.0,seasonal_naive_7d
5,2011-02-08,2011-02-18,20725,10,107.0,52.0,seasonal_naive_7d
5,2011-02-08,2011-02-18,21212,10,197.0,90.0,seasonal_naive_7d
5,2011-02-08,2011-02-18,21213,10,24.0,9.0,seasonal_naive_7d
5,2011-02-08,2011-02-18,21232,10,28.0,26.0,seasonal_naive_7d
5,2011-02-08,2011-02-18,21977,10,171.0,3.0,seasonal_naive_7d
5,2011-02-08,2011-02-18,21980,10,24.0,0.0,seasonal_naive_7d
5,2011-02-08,2011-02-18,21982,10,24.0,0.0,seasonal_naive_7d
5,2011-02-08,2011-02-18,21984,10,0.0,25.0,seasonal_naive_7d
5,2011-02-08,2011-02-18,22197,10,48.0,34.0,seasonal_naive_7d
5,2011-02-08,2011-02-18,84077,10,88.0,1.0,seasonal_naive_7d
5,2011-02-08,2011-02-18,84270,10,0.0,0.0,seasonal_naive_7d
5,2011-02-08,2011-02-18,84347,10,0.0,3.0,seasonal_naive_7d
5,2011-02-08,2011-02-18,84568,10,0.0,0.0,seasonal_naive_7d
5,2011-02-08,2011-02-18,84755,10,16.0,8.0,seasonal_naive_7d
5,2011-02-08,2011-02-18,84879,10,80.0,8.0,seasonal_naive_7d
5,2011-02-08,2011-02-18,84991,10,145.0,29.0,seasonal_naive_7d
5,2011-02-08,2011-02-18,84992,10,2.0,6.0,seasonal_naive_7d
5,2011-02-08,2011-02-18,85099B,10,314.0,23.0,seasonal_naive_7d
5,2011-02-08,2011-02-18,85123A,10,6.0,42.0,seasonal_naive_7d
5,2011-02-08,2011-02-19,17003,11,0.0,0.0,seasonal_naive_7d
5,2011-02-08,2011-02-19,20725,11,0.0,0.0,seasonal_naive_7d
5,2011-02-08,2011-02-19,21212,11,0.0,0.0,seasonal_naive_7d
5,2011-02-08,2011-02-19,21213,11,0.0,0.0,seasonal_naive_7d
5,2011-02-08,2011-02-19,21232,11,0.0,0.0,seasonal_naive_7d
5,2011-02-08,2011-02-19,21977,11,0.0,0.0,seasonal_naive_7d
5,2011-02-08,2011-02-19,21980,11,0.0,0.0,seasonal_naive_7d
5,2011-02-08,2011-02-19,21982,11,0.0,0.0,seasonal_naive_7d
5,2011-02-08,2011-02-19,21984,11,0.0,0.0,seasonal_naive_7d
5,2011-02-08,2011-02-19,22197,11,0.0,0.0,seasonal_naive_7d
5,2011-02-08,2011-02-19,84077,11,0.0,0.0,seasonal_naive_7d
5,2011-02-08,2011-02-19,84270,11,0.0,0.0,seasonal_naive_7d
5,2011-02-08,2011-02-19,84347,11,0.0,0.0,seasonal_naive_7d
5,2011-02-08,2011-02-19,84568,11,0.0,0.0,seasonal_naive_7d
5,2011-02-08,2011-02-19,84755,11,0.0,0.0,seasonal_naive_7d
5,2011-02-08,2011-02-19,84879,11,0.0,0.0,seasonal_naive_7d
5,2011-02-08,2011-02-19,84991,11,0.0,0.0,seasonal_naive_7d
5,2011-02-08,2011-02-19,84992,11,0.0,0.0,seasonal_naive_7d
5,2011-02-08,2011-02-19,85099B,11,0.0,0.0,seasonal_naive_7d
5,2011-02-08,2011-02-19,85123A,11,0.0,0.0,seasonal_naive_7d
5,2011-02-08,2011-02-20,17003,12,144.0,0.0,seasonal_naive_7d
5,2011-02-08,2011-02-20,20725,12,4.0,0.0,seasonal_naive_7d
5,2011-02-08,2011-02-20,21212,12,13.0,0.0,seasonal_naive_7d
5,2011-02-08,2011-02-20,21213,12,0.0,0.0,seasonal_naive_7d
5,2011-02-08,2011-02-20,21232,12,0.0,0.0,seasonal_naive_7d
5,2011-02-08,2011-02-20,21977,12,0.0,24.0,seasonal_naive_7d
5,2011-02-08,2011-02-20,21980,12,0.0,0.0,seasonal_naive_7d
5,2011-02-08,2011-02-20,21982,12,0.0,0.0,seasonal_naive_7d
5,2011-02-08,2011-02-20,21984,12,0.0,0.0,seasonal_naive_7d
5,2011-02-08,2011-02-20,22197,12,10.0,0.0,seasonal_naive_7d
5,2011-02-08,2011-02-20,84077,12,192.0,0.0,seasonal_naive_7d
5,2011-02-08,2011-02-20,84270,12,0.0,0.0,seasonal_naive_7d
5,2011-02-08,2011-02-20,84347,12,0.0,0.0,seasonal_naive_7d
5,2011-02-08,2011-02-20,84568,12,0.0,96.0,seasonal_naive_7d
5,2011-02-08,2011-02-20,84755,12,0.0,0.0,seasonal_naive_7d
5,2011-02-08,2011-02-20,84879,12,8.0,11.0,seasonal_naive_7d
5,2011-02-08,2011-02-20,84991,12,0.0,4.0,seasonal_naive_7d
5,2011-02-08,2011-02-20,84992,12,0.0,65.0,seasonal_naive_7d
5,2011-02-08,2011-02-20,85099B,12,30.0,64.0,seasonal_naive_7d
5,2011-02-08,2011-02-20,85123A,12,28.0,35.0,seasonal_naive_7d
5,2011-02-08,2011-02-21,17003,13,0.0,0.0,seasonal_naive_7d
5,2011-02-08,2011-02-21,20725,13,111.0,22.0,seasonal_naive_7d
5,2011-02-08,2011-02-21,21212,13,47.0,50.0,seasonal_naive_7d
5,2011-02-08,2011-02-21,21213,13,5.0,1.0,seasonal_naive_7d
5,2011-02-08,2011-02-21,21232,13,33.0,19.0,seasonal_naive_7d
5,2011-02-08,2011-02-21,21977,13,30.0,24.0,seasonal_naive_7d
5,2011-02-08,2011-02-21,21980,13,72.0,12.0,seasonal_naive_7d
5,2011-02-08,2011-02-21,21982,13,24.0,0.0,seasonal_naive_7d
5,2011-02-08,2011-02-21,21984,13,24.0,0.0,seasonal_naive_7d
5,2011-02-08,2011-02-21,22197,13,9.0,13.0,seasonal_naive_7d
5,2011-02-08,2011-02-21,84077,13,65.0,0.0,seasonal_naive_7d
5,2011-02-08,2011-02-21,84270,13,0.0,0.0,seasonal_naive_7d
5,2011-02-08,2011-02-21,84347,13,0.0,0.0,seasonal_naive_7d
5,2011-02-08,2011-02-21,84568,13,7.0,0.0,seasonal_naive_7d
5,2011-02-08,2011-02-21,84755,13,0.0,32.0,seasonal_naive_7d
5,2011-02-08,2011-02-21,84879,13,40.0,8.0,seasonal_naive_7d
5,2011-02-08,2011-02-21,84991,13,14.0,48.0,seasonal_naive_7d
5,2011-02-08,2011-02-21,84992,13,123.0,170.0,seasonal_naive_7d
5,2011-02-08,2011-02-21,85099B,13,102.0,30.0,seasonal_naive_7d
5,2011-02-08,2011-02-21,85123A,13,23.0,69.0,seasonal_naive_7d
5,2011-02-08,2011-02-22,17003,14,0.0,0.0,seasonal_naive_7d
5,2011-02-08,2011-02-22,20725,14,25.0,24.0,seasonal_naive_7d
5,2011-02-08,2011-02-22,21212,14,339.0,58.0,seasonal_naive_7d
5,2011-02-08,2011-02-22,21213,14,123.0,28.0,seasonal_naive_7d
5,2011-02-08,2011-02-22,21232,14,229.0,21.0,seasonal_naive_7d
5,2011-02-08,2011-02-22,21977,14,89.0,3.0,seasonal_naive_7d
5,2011-02-08,2011-02-22,21980,14,24.0,0.0,seasonal_naive_7d
5,2011-02-08,2011-02-22,21982,14,0.0,0.0,seasonal_naive_7d
5,2011-02-08,2011-02-22,21984,14,0.0,0.0,seasonal_naive_7d
5,2011-02-08,2011-02-22,22197,14,106.0,39.0,seasonal_naive_7d
5,2011-02-08,2011-02-22,84077,14,0.0,48.0,seasonal_naive_7d
5,2011-02-08,2011-02-22,84270,14,0.0,0.0,seasonal_naive_7d
5,2011-02-08,2011-02-22,84347,14,0.0,7.0,seasonal_naive_7d
5,2011-02-08,2011-02-22,84568,14,0.0,0.0,seasonal_naive_7d
5,2011-02-08,2011-02-22,84755,14,152.0,0.0,seasonal_naive_7d
5,2011-02-08,2011-02-22,84879,14,40.0,8.0,seasonal_naive_7d
5,2011-02-08,2011-02-22,84991,14,26.0,9.0,seasonal_naive_7d
5,2011-02-08,2011-02-22,84992,14,147.0,1.0,seasonal_naive_7d
5,2011-02-08,2011-02-22,85099B,14,324.0,139.0,seasonal_naive_7d
5,2011-02-08,2011-02-22,85123A,14,96.0,153.0,seasonal_naive_7d
6,2011-02-22,2011-02-23,17003,1,0.0,0.0,seasonal_naive_7d
6,2011-02-22,2011-02-23,20725,1,23.0,60.0,seasonal_naive_7d
6,2011-02-22,2011-02-23,21212,1,82.0,27.0,seasonal_naive_7d
6,2011-02-22,2011-02-23,21213,1,4.0,48.0,seasonal_naive_7d
6,2011-02-22,2011-02-23,21232,1,88.0,16.0,seasonal_naive_7d
6,2011-02-22,2011-02-23,21977,1,0.0,25.0,seasonal_naive_7d
6,2011-02-22,2011-02-23,21980,1,60.0,32.0,seasonal_naive_7d
6,2011-02-22,2011-02-23,21982,1,12.0,0.0,seasonal_naive_7d
6,2011-02-22,2011-02-23,21984,1,0.0,30.0,seasonal_naive_7d
6,2011-02-22,2011-02-23,22197,1,1048.0,21.0,seasonal_naive_7d
6,2011-02-22,2011-02-23,84077,1,144.0,0.0,seasonal_naive_7d
6,2011-02-22,2011-02-23,84270,1,0.0,0.0,seasonal_naive_7d
6,2011-02-22,2011-02-23,84347,1,6.0,0.0,seasonal_naive_7d
6,2011-02-22,2011-02-23,84568,1,0.0,12.0,seasonal_naive_7d
6,2011-02-22,2011-02-23,84755,1,24.0,104.0,seasonal_naive_7d
6,2011-02-22,2011-02-23,84879,1,96.0,156.0,seasonal_naive_7d
6,2011-02-22,2011-02-23,84991,1,31.0,0.0,seasonal_naive_7d
6,2011-02-22,2011-02-23,84992,1,25.0,1.0,seasonal_naive_7d
6,2011-02-22,2011-02-23,85099B,1,48.0,30.0,seasonal_naive_7d
6,2011-02-22,2011-02-23,85123A,1,116.0,203.0,seasonal_naive_7d
6,2011-02-22,2011-02-24,17003,2,0.0,38.0,seasonal_naive_7d
6,2011-02-22,2011-02-24,20725,2,31.0,53.0,seasonal_naive_7d
6,2011-02-22,2011-02-24,21212,2,74.0,43.0,seasonal_naive_7d
6,2011-02-22,2011-02-24,21213,2,24.0,66.0,seasonal_naive_7d
6,2011-02-22,2011-02-24,21232,2,36.0,53.0,seasonal_naive_7d
6,2011-02-22,2011-02-24,21977,2,48.0,57.0,seasonal_naive_7d
6,2011-02-22,2011-02-24,21980,2,36.0,12.0,seasonal_naive_7d
6,2011-02-22,2011-02-24,21982,2,48.0,43.0,seasonal_naive_7d
6,2011-02-22,2011-02-24,21984,2,25.0,0.0,seasonal_naive_7d
6,2011-02-22,2011-02-24,22197,2,48.0,311.0,seasonal_naive_7d
6,2011-02-22,2011-02-24,84077,2,0.0,96.0,seasonal_naive_7d
6,2011-02-22,2011-02-24,84270,2,0.0,0.0,seasonal_naive_7d
6,2011-02-22,2011-02-24,84347,2,0.0,5.0,seasonal_naive_7d
6,2011-02-22,2011-02-24,84568,2,288.0,288.0,seasonal_naive_7d
6,2011-02-22,2011-02-24,84755,2,73.0,32.0,seasonal_naive_7d
6,2011-02-22,2011-02-24,84879,2,32.0,24.0,seasonal_naive_7d
6,2011-02-22,2011-02-24,84991,2,48.0,36.0,seasonal_naive_7d
6,2011-02-22,2011-02-24,84992,2,24.0,30.0,seasonal_naive_7d
6,2011-02-22,2011-02-24,85099B,2,161.0,131.0,seasonal_naive_7d
6,2011-02-22,2011-02-24,85123A,2,99.0,50.0,seasonal_naive_7d
6,2011-02-22,2011-02-25,17003,3,0.0,36.0,seasonal_naive_7d
6,2011-02-22,2011-02-25,20725,3,177.0,107.0,seasonal_naive_7d
6,2011-02-22,2011-02-25,21212,3,76.0,197.0,seasonal_naive_7d
6,2011-02-22,2011-02-25,21213,3,28.0,24.0,seasonal_naive_7d
6,2011-02-22,2011-02-25,21232,3,49.0,28.0,seasonal_naive_7d
6,2011-02-22,2011-02-25,21977,3,48.0,171.0,seasonal_naive_7d
6,2011-02-22,2011-02-25,21980,3,24.0,24.0,seasonal_naive_7d
6,2011-02-22,2011-02-25,21982,3,0.0,24.0,seasonal_naive_7d
6,2011-02-22,2011-02-25,21984,3,0.0,0.0,seasonal_naive_7d
6,2011-02-22,2011-02-25,22197,3,101.0,48.0,seasonal_naive_7d
6,2011-02-22,2011-02-25,84077,3,0.0,88.0,seasonal_naive_7d
6,2011-02-22,2011-02-25,84270,3,0.0,0.0,seasonal_naive_7d
6,2011-02-22,2011-02-25,84347,3,0.0,0.0,seasonal_naive_7d
6,2011-02-22,2011-02-25,84568,3,0.0,0.0,seasonal_naive_7d
6,2011-02-22,2011-02-25,84755,3,16.0,16.0,seasonal_naive_7d
6,2011-02-22,2011-02-25,84879,3,24.0,80.0,seasonal_naive_7d
6,2011-02-22,2011-02-25,84991,3,75.0,145.0,seasonal_naive_7d
6,2011-02-22,2011-02-25,84992,3,24.0,2.0,seasonal_naive_7d
6,2011-02-22,2011-02-25,85099B,3,169.0,314.0,seasonal_naive_7d
6,2011-02-22,2011-02-25,85123A,3,40.0,6.0,seasonal_naive_7d
6,2011-02-22,2011-02-26,17003,4,0.0,0.0,seasonal_naive_7d
6,2011-02-22,2011-02-26,20725,4,0.0,0.0,seasonal_naive_7d
6,2011-02-22,2011-02-26,21212,4,0.0,0.0,seasonal_naive_7d
6,2011-02-22,2011-02-26,21213,4,0.0,0.0,seasonal_naive_7d
6,2011-02-22,2011-02-26,21232,4,0.0,0.0,seasonal_naive_7d
6,2011-02-22,2011-02-26,21977,4,0.0,0.0,seasonal_naive_7d
6,2011-02-22,2011-02-26,21980,4,0.0,0.0,seasonal_naive_7d
6,2011-02-22,2011-02-26,21982,4,0.0,0.0,seasonal_naive_7d
6,2011-02-22,2011-02-26,21984,4,0.0,0.0,seasonal_naive_7d
6,2011-02-22,2011-02-26,22197,4,0.0,0.0,seasonal_naive_7d
6,2011-02-22,2011-02-26,84077,4,0.0,0.0,seasonal_naive_7d
6,2011-02-22,2011-02-26,84270,4,0.0,0.0,seasonal_naive_7d
6,2011-02-22,2011-02-26,84347,4,0.0,0.0,seasonal_naive_7d
6,2011-02-22,2011-02-26,84568,4,0.0,0.0,seasonal_naive_7d
6,2011-02-22,2011-02-26,84755,4,0.0,0.0,seasonal_naive_7d
6,2011-02-22,2011-02-26,84879,4,0.0,0.0,seasonal_naive_7d
6,2011-02-22,2011-02-26,84991,4,0.0,0.0,seasonal_naive_7d
6,2011-02-22,2011-02-26,84992,4,0.0,0.0,seasonal_naive_7d
6,2011-02-22,2011-02-26,85099B,4,0.0,0.0,seasonal_naive_7d
6,2011-02-22,2011-02-26,85123A,4,0.0,0.0,seasonal_naive_7d
6,2011-02-22,2011-02-27,17003,5,0.0,144.0,seasonal_naive_7d
6,2011-02-22,2011-02-27,20725,5,2.0,4.0,seasonal_naive_7d
6,2011-02-22,2011-02-27,21212,5,100.0,13.0,seasonal_naive_7d
6,2011-02-22,2011-02-27,21213,5,0.0,0.0,seasonal_naive_7d
6,2011-02-22,2011-02-27,21232,5,4.0,0.0,seasonal_naive_7d
6,2011-02-22,2011-02-27,21977,5,24.0,0.0,seasonal_naive_7d
6,2011-02-22,2011-02-27,21980,5,0.0,0.0,seasonal_naive_7d
6,2011-02-22,2011-02-27,21982,5,0.0,0.0,seasonal_naive_7d
6,2011-02-22,2011-02-27,21984,5,0.0,0.0,seasonal_naive_7d
6,2011-02-22,2011-02-27,22197,5,0.0,10.0,seasonal_naive_7d
6,2011-02-22,2011-02-27,84077,5,48.0,192.0,seasonal_naive_7d
6,2011-02-22,2011-02-27,84270,5,0.0,0.0,seasonal_naive_7d
6,2011-02-22,2011-02-27,84347,5,0.0,0.0,seasonal_naive_7d
6,2011-02-22,2011-02-27,84568,5,0.0,0.0,seasonal_naive_7d
6,2011-02-22,2011-02-27,84755,5,32.0,0.0,seasonal_naive_7d
6,2011-02-22,2011-02-27,84879,5,96.0,8.0,seasonal_naive_7d
6,2011-02-22,2011-02-27,84991,5,0.0,0.0,seasonal_naive_7d
6,2011-02-22,2011-02-27,84992,5,2.0,0.0,seasonal_naive_7d
6,2011-02-22,2011-02-27,85099B,5,6.0,30.0,seasonal_naive_7d
6,2011-02-22,2011-02-27,85123A,5,27.0,28.0,seasonal_naive_7d
6,2011-02-22,2011-02-28,17003,6,0.0,0.0,seasonal_naive_7d
6,2011-02-22,2011-02-28,20725,6,11.0,111.0,seasonal_naive_7d
6,2011-02-22,2011-02-28,21212,6,104.0,47.0,seasonal_naive_7d
6,2011-02-22,2011-02-28,21213,6,0.0,5.0,seasonal_naive_7d
6,2011-02-22,2011-02-28,21232,6,128.0,33.0,seasonal_naive_7d
6,2011-02-22,2011-02-28,21977,6,125.0,30.0,seasonal_naive_7d
6,2011-02-22,2011-02-28,21980,6,6.0,72.0,seasonal_naive_7d
6,2011-02-22,2011-02-28,21982,6,0.0,24.0,seasonal_naive_7d
6,2011-02-22,2011-02-28,21984,6,0.0,24.0,seasonal_naive_7d
6,2011-02-22,2011-02-28,22197,6,29.0,9.0,seasonal_naive_7d
6,2011-02-22,2011-02-28,84077,6,0.0,65.0,seasonal_naive_7d
6,2011-02-22,2011-02-28,84270,6,0.0,0.0,seasonal_naive_7d
6,2011-02-22,2011-02-28,84347,6,2.0,0.0,seasonal_naive_7d
6,2011-02-22,2011-02-28,84568,6,35.0,7.0,seasonal_naive_7d
6,2011-02-22,2011-02-28,84755,6,52.0,0.0,seasonal_naive_7d
6,2011-02-22,2011-02-28,84879,6,20.0,40.0,seasonal_naive_7d
6,2011-02-22,2011-02-28,84991,6,26.0,14.0,seasonal_naive_7d
6,2011-02-22,2011-02-28,84992,6,26.0,123.0,seasonal_naive_7d
6,2011-02-22,2011-02-28,85099B,6,84.0,102.0,seasonal_naive_7d
6,2011-02-22,2011-02-28,85123A,6,37.0,23.0,seasonal_naive_7d
6,2011-02-22,2011-03-01,17003,7,108.0,0.0,seasonal_naive_7d
6,2011-02-22,2011-03-01,20725,7,102.0,25.0,seasonal_naive_7d
6,2011-02-22,2011-03-01,21212,7,120.0,339.0,seasonal_naive_7d
6,2011-02-22,2011-03-01,21213,7,24.0,123.0,seasonal_naive_7d
6,2011-02-22,2011-03-01,21232,7,4.0,229.0,seasonal_naive_7d
6,2011-02-22,2011-03-01,21977,7,0.0,89.0,seasonal_naive_7d
6,2011-02-22,2011-03-01,21980,7,0.0,24.0,seasonal_naive_7d
6,2011-02-22,2011-03-01,21982,7,0.0,0.0,seasonal_naive_7d
6,2011-02-22,2011-03-01,21984,7,0.0,0.0,seasonal_naive_7d
6,2011-02-22,2011-03-01,22197,7,17.0,106.0,seasonal_naive_7d
6,2011-02-22,2011-03-01,84077,7,96.0,0.0,seasonal_naive_7d
6,2011-02-22,2011-03-01,84270,7,0.0,0.0,seasonal_naive_7d
6,2011-02-22,2011-03-01,84347,7,1.0,0.0,seasonal_naive_7d
6,2011-02-22,2011-03-01,84568,7,0.0,0.0,seasonal_naive_7d
6,2011-02-22,2011-03-01,84755,7,16.0,152.0,seasonal_naive_7d
6,2011-02-22,2011-03-01,84879,7,24.0,40.0,seasonal_naive_7d
6,2011-02-22,2011-03-01,84991,7,0.0,26.0,seasonal_naive_7d
6,2011-02-22,2011-03-01,84992,7,0.0,147.0,seasonal_naive_7d
6,2011-02-22,2011-03-01,85099B,7,288.0,324.0,seasonal_naive_7d
6,2011-02-22,2011-03-01,85123A,7,86.0,96.0,seasonal_naive_7d
6,2011-02-22,2011-03-02,17003,8,36.0,0.0,seasonal_naive_7d
6,2011-02-22,2011-03-02,20725,8,10.0,60.0,seasonal_naive_7d
6,2011-02-22,2011-03-02,21212,8,121.0,27.0,seasonal_naive_7d
6,2011-02-22,2011-03-02,21213,8,1.0,48.0,seasonal_naive_7d
6,2011-02-22,2011-03-02,21232,8,12.0,16.0,seasonal_naive_7d
6,2011-02-22,2011-03-02,21977,8,72.0,25.0,seasonal_naive_7d
6,2011-02-22,2011-03-02,21980,8,0.0,32.0,seasonal_naive_7d
6,2011-02-22,2011-03-02,21982,8,24.0,0.0,seasonal_naive_7d
6,2011-02-22,2011-03-02,21984,8,24.0,30.0,seasonal_naive_7d
6,2011-02-22,2011-03-02,22197,8,112.0,21.0,seasonal_naive_7d
6,2011-02-22,2011-03-02,84077,8,288.0,0.0,seasonal_naive_7d
6,2011-02-22,2011-03-02,84270,8,0.0,0.0,seasonal_naive_7d
6,2011-02-22,2011-03-02,84347,8,0.0,0.0,seasonal_naive_7d
6,2011-02-22,2011-03-02,84568,8,0.0,12.0,seasonal_naive_7d
6,2011-02-22,2011-03-02,84755,8,32.0,104.0,seasonal_naive_7d
6,2011-02-22,2011-03-02,84879,8,6.0,156.0,seasonal_naive_7d
6,2011-02-22,2011-03-02,84991,8,72.0,0.0,seasonal_naive_7d
6,2011-02-22,2011-03-02,84992,8,49.0,1.0,seasonal_naive_7d
6,2011-02-22,2011-03-02,85099B,8,16.0,30.0,seasonal_naive_7d
6,2011-02-22,2011-03-02,85123A,8,33.0,203.0,seasonal_naive_7d
6,2011-02-22,2011-03-03,17003,9,0.0,38.0,seasonal_naive_7d
6,2011-02-22,2011-03-03,20725,9,26.0,53.0,seasonal_naive_7d
6,2011-02-22,2011-03-03,21212,9,25.0,43.0,seasonal_naive_7d
6,2011-02-22,2011-03-03,21213,9,25.0,66.0,seasonal_naive_7d
6,2011-02-22,2011-03-03,21232,9,41.0,53.0,seasonal_naive_7d
6,2011-02-22,2011-03-03,21977,9,49.0,57.0,seasonal_naive_7d
6,2011-02-22,2011-03-03,21980,9,0.0,12.0,seasonal_naive_7d
6,2011-02-22,2011-03-03,21982,9,1.0,43.0,seasonal_naive_7d
6,2011-02-22,2011-03-03,21984,9,432.0,0.0,seasonal_naive_7d
6,2011-02-22,2011-03-03,22197,9,134.0,311.0,seasonal_naive_7d
6,2011-02-22,2011-03-03,84077,9,0.0,96.0,seasonal_naive_7d
6,2011-02-22,2011-03-03,84270,9,0.0,0.0,seasonal_naive_7d
6,2011-02-22,2011-03-03,84347,9,0.0,5.0,seasonal_naive_7d
6,2011-02-22,2011-03-03,84568,9,294.0,288.0,seasonal_naive_7d
6,2011-02-22,2011-03-03,84755,9,16.0,32.0,seasonal_naive_7d
6,2011-02-22,2011-03-03,84879,9,48.0,24.0,seasonal_naive_7d
6,2011-02-22,2011-03-03,84991,9,25.0,36.0,seasonal_naive_7d
6,2011-02-22,2011-03-03,84992,9,24.0,30.0,seasonal_naive_7d
6,2011-02-22,2011-03-03,85099B,9,30.0,131.0,seasonal_naive_7d
6,2011-02-22,2011-03-03,85123A,9,96.0,50.0,seasonal_naive_7d
6,2011-02-22,2011-03-04,17003,10,0.0,36.0,seasonal_naive_7d
6,2011-02-22,2011-03-04,20725,10,20.0,107.0,seasonal_naive_7d
6,2011-02-22,2011-03-04,21212,10,199.0,197.0,seasonal_naive_7d
6,2011-02-22,2011-03-04,21213,10,146.0,24.0,seasonal_naive_7d
6,2011-02-22,2011-03-04,21232,10,49.0,28.0,seasonal_naive_7d
6,2011-02-22,2011-03-04,21977,10,27.0,171.0,seasonal_naive_7d
6,2011-02-22,2011-03-04,21980,10,0.0,24.0,seasonal_naive_7d
6,2011-02-22,2011-03-04,21982,10,12.0,24.0,seasonal_naive_7d
6,2011-02-22,2011-03-04,21984,10,0.0,0.0,seasonal_naive_7d
6,2011-02-22,2011-03-04,22197,10,78.0,48.0,seasonal_naive_7d
6,2011-02-22,2011-03-04,84077,10,1296.0,88.0,seasonal_naive_7d
6,2011-02-22,2011-03-04,84270,10,0.0,0.0,seasonal_naive_7d
6,2011-02-22,2011-03-04,84347,10,0.0,0.0,seasonal_naive_7d
6,2011-02-22,2011-03-04,84568,10,8.0,0.0,seasonal_naive_7d
6,2011-02-22,2011-03-04,84755,10,32.0,16.0,seasonal_naive_7d
6,2011-02-22,2011-03-04,84879,10,72.0,80.0,seasonal_naive_7d
6,2011-02-22,2011-03-04,84991,10,3.0,145.0,seasonal_naive_7d
6,2011-02-22,2011-03-04,84992,10,48.0,2.0,seasonal_naive_7d
6,2011-02-22,2011-03-04,85099B,10,181.0,314.0,seasonal_naive_7d
6,2011-02-22,2011-03-04,85123A,10,27.0,6.0,seasonal_naive_7d
6,2011-02-22,2011-03-05,17003,11,0.0,0.0,seasonal_naive_7d
6,2011-02-22,2011-03-05,20725,11,0.0,0.0,seasonal_naive_7d
6,2011-02-22,2011-03-05,21212,11,0.0,0.0,seasonal_naive_7d
6,2011-02-22,2011-03-05,21213,11,0.0,0.0,seasonal_naive_7d
6,2011-02-22,2011-03-05,21232,11,0.0,0.0,seasonal_naive_7d
6,2011-02-22,2011-03-05,21977,11,0.0,0.0,seasonal_naive_7d
6,2011-02-22,2011-03-05,21980,11,0.0,0.0,seasonal_naive_7d
6,2011-02-22,2011-03-05,21982,11,0.0,0.0,seasonal_naive_7d
6,2011-02-22,2011-03-05,21984,11,0.0,0.0,seasonal_naive_7d
6,2011-02-22,2011-03-05,22197,11,0.0,0.0,seasonal_naive_7d
6,2011-02-22,2011-03-05,84077,11,0.0,0.0,seasonal_naive_7d
6,2011-02-22,2011-03-05,84270,11,0.0,0.0,seasonal_naive_7d
6,2011-02-22,2011-03-05,84347,11,0.0,0.0,seasonal_naive_7d
6,2011-02-22,2011-03-05,84568,11,0.0,0.0,seasonal_naive_7d
6,2011-02-22,2011-03-05,84755,11,0.0,0.0,seasonal_naive_7d
6,2011-02-22,2011-03-05,84879,11,0.0,0.0,seasonal_naive_7d
6,2011-02-22,2011-03-05,84991,11,0.0,0.0,seasonal_naive_7d
6,2011-02-22,2011-03-05,84992,11,0.0,0.0,seasonal_naive_7d
6,2011-02-22,2011-03-05,85099B,11,0.0,0.0,seasonal_naive_7d
6,2011-02-22,2011-03-05,85123A,11,0.0,0.0,seasonal_naive_7d
6,2011-02-22,2011-03-06,17003,12,0.0,144.0,seasonal_naive_7d
6,2011-02-22,2011-03-06,20725,12,6.0,4.0,seasonal_naive_7d
6,2011-02-22,2011-03-06,21212,12,120.0,13.0,seasonal_naive_7d
6,2011-02-22,2011-03-06,21213,12,120.0,0.0,seasonal_naive_7d
6,2011-02-22,2011-03-06,21232,12,72.0,0.0,seasonal_naive_7d
6,2011-02-22,2011-03-06,21977,12,3.0,0.0,seasonal_naive_7d
6,2011-02-22,2011-03-06,21980,12,0.0,0.0,seasonal_naive_7d
6,2011-02-22,2011-03-06,21982,12,0.0,0.0,seasonal_naive_7d
6,2011-02-22,2011-03-06,21984,12,0.0,0.0,seasonal_naive_7d
6,2011-02-22,2011-03-06,22197,12,0.0,10.0,seasonal_naive_7d
6,2011-02-22,2011-03-06,84077,12,0.0,192.0,seasonal_naive_7d
6,2011-02-22,2011-03-06,84270,12,0.0,0.0,seasonal_naive_7d
6,2011-02-22,2011-03-06,84347,12,0.0,0.0,seasonal_naive_7d
6,2011-02-22,2011-03-06,84568,12,0.0,0.0,seasonal_naive_7d
6,2011-02-22,2011-03-06,84755,12,16.0,0.0,seasonal_naive_7d
6,2011-02-22,2011-03-06,84879,12,43.0,8.0,seasonal_naive_7d
6,2011-02-22,2011-03-06,84991,12,8.0,0.0,seasonal_naive_7d
6,2011-02-22,2011-03-06,84992,12,0.0,0.0,seasonal_naive_7d
6,2011-02-22,2011-03-06,85099B,12,25.0,30.0,seasonal_naive_7d
6,2011-02-22,2011-03-06,85123A,12,101.0,28.0,seasonal_naive_7d
6,2011-02-22,2011-03-07,17003,13,0.0,0.0,seasonal_naive_7d
6,2011-02-22,2011-03-07,20725,13,1.0,111.0,seasonal_naive_7d
6,2011-02-22,2011-03-07,21212,13,86.0,47.0,seasonal_naive_7d
6,2011-02-22,2011-03-07,21213,13,13.0,5.0,seasonal_naive_7d
6,2011-02-22,2011-03-07,21232,13,120.0,33.0,seasonal_naive_7d
6,2011-02-22,2011-03-07,21977,13,49.0,30.0,seasonal_naive_7d
6,2011-02-22,2011-03-07,21980,13,0.0,72.0,seasonal_naive_7d
6,2011-02-22,2011-03-07,21982,13,1.0,24.0,seasonal_naive_7d
6,2011-02-22,2011-03-07,21984,13,0.0,24.0,seasonal_naive_7d
6,2011-02-22,2011-03-07,22197,13,67.0,9.0,seasonal_naive_7d
6,2011-02-22,2011-03-07,84077,13,576.0,65.0,seasonal_naive_7d
6,2011-02-22,2011-03-07,84270,13,0.0,0.0,seasonal_naive_7d
6,2011-02-22,2011-03-07,84347,13,2.0,0.0,seasonal_naive_7d
6,2011-02-22,2011-03-07,84568,13,3.0,7.0,seasonal_naive_7d
6,2011-02-22,2011-03-07,84755,13,8.0,0.0,seasonal_naive_7d
6,2011-02-22,2011-03-07,84879,13,200.0,40.0,seasonal_naive_7d
6,2011-02-22,2011-03-07,84991,13,159.0,14.0,seasonal_naive_7d
6,2011-02-22,2011-03-07,84992,13,4.0,123.0,seasonal_naive_7d
6,2011-02-22,2011-03-07,85099B,13,453.0,102.0,seasonal_naive_7d
6,2011-02-22,2011-03-07,85123A,13,26.0,23.0,seasonal_naive_7d
6,2011-02-22,2011-03-08,17003,14,0.0,0.0,seasonal_naive_7d
6,2011-02-22,2011-03-08,20725,14,65.0,25.0,seasonal_naive_7d
6,2011-02-22,2011-03-08,21212,14,229.0,339.0,seasonal_naive_7d
6,2011-02-22,2011-03-08,21213,14,48.0,123.0,seasonal_naive_7d
6,2011-02-22,2011-03-08,21232,14,102.0,229.0,seasonal_naive_7d
6,2011-02-22,2011-03-08,21977,14,183.0,89.0,seasonal_naive_7d
6,2011-02-22,2011-03-08,21980,14,36.0,24.0,seasonal_naive_7d
6,2011-02-22,2011-03-08,21982,14,0.0,0.0,seasonal_naive_7d
6,2011-02-22,2011-03-08,21984,14,0.0,0.0,seasonal_naive_7d
6,2011-02-22,2011-03-08,22197,14,13.0,106.0,seasonal_naive_7d
6,2011-02-22,2011-03-08,84077,14,144.0,0.0,seasonal_naive_7d
6,2011-02-22,2011-03-08,84270,14,0.0,0.0,seasonal_naive_7d
6,2011-02-22,2011-03-08,84347,14,0.0,0.0,seasonal_naive_7d
6,2011-02-22,2011-03-08,84568,14,0.0,0.0,seasonal_naive_7d
6,2011-02-22,2011-03-08,84755,14,8.0,152.0,seasonal_naive_7d
6,2011-02-22,2011-03-08,84879,14,80.0,40.0,seasonal_naive_7d
6,2011-02-22,2011-03-08,84991,14,73.0,26.0,seasonal_naive_7d
6,2011-02-22,2011-03-08,84992,14,72.0,147.0,seasonal_naive_7d
6,2011-02-22,2011-03-08,85099B,14,117.0,324.0,seasonal_naive_7d
6,2011-02-22,2011-03-08,85123A,14,145.0,96.0,seasonal_naive_7d
7,2011-03-08,2011-03-09,17003,1,144.0,36.0,seasonal_naive_7d
7,2011-03-08,2011-03-09,20725,1,21.0,10.0,seasonal_naive_7d
7,2011-03-08,2011-03-09,21212,1,97.0,121.0,seasonal_naive_7d
7,2011-03-08,2011-03-09,21213,1,15.0,1.0,seasonal_naive_7d
7,2011-03-08,2011-03-09,21232,1,4.0,12.0,seasonal_naive_7d
7,2011-03-08,2011-03-09,21977,1,76.0,72.0,seasonal_naive_7d
7,2011-03-08,2011-03-09,21980,1,4.0,0.0,seasonal_naive_7d
7,2011-03-08,2011-03-09,21982,1,12.0,24.0,seasonal_naive_7d
7,2011-03-08,2011-03-09,21984,1,0.0,24.0,seasonal_naive_7d
7,2011-03-08,2011-03-09,22197,1,143.0,112.0,seasonal_naive_7d
7,2011-03-08,2011-03-09,84077,1,48.0,288.0,seasonal_naive_7d
7,2011-03-08,2011-03-09,84270,1,0.0,0.0,seasonal_naive_7d
7,2011-03-08,2011-03-09,84347,1,0.0,0.0,seasonal_naive_7d
7,2011-03-08,2011-03-09,84568,1,0.0,0.0,seasonal_naive_7d
7,2011-03-08,2011-03-09,84755,1,224.0,32.0,seasonal_naive_7d
7,2011-03-08,2011-03-09,84879,1,40.0,6.0,seasonal_naive_7d
7,2011-03-08,2011-03-09,84991,1,72.0,72.0,seasonal_naive_7d
7,2011-03-08,2011-03-09,84992,1,49.0,49.0,seasonal_naive_7d
7,2011-03-08,2011-03-09,85099B,1,26.0,16.0,seasonal_naive_7d
7,2011-03-08,2011-03-09,85123A,1,98.0,33.0,seasonal_naive_7d
7,2011-03-08,2011-03-10,17003,2,0.0,0.0,seasonal_naive_7d
7,2011-03-08,2011-03-10,20725,2,36.0,26.0,seasonal_naive_7d
7,2011-03-08,2011-03-10,21212,2,336.0,25.0,seasonal_naive_7d
7,2011-03-08,2011-03-10,21213,2,45.0,25.0,seasonal_naive_7d
7,2011-03-08,2011-03-10,21232,2,45.0,41.0,seasonal_naive_7d
7,2011-03-08,2011-03-10,21977,2,352.0,49.0,seasonal_naive_7d
7,2011-03-08,2011-03-10,21980,2,24.0,0.0,seasonal_naive_7d
7,2011-03-08,2011-03-10,21982,2,0.0,1.0,seasonal_naive_7d
7,2011-03-08,2011-03-10,21984,2,12.0,432.0,seasonal_naive_7d
7,2011-03-08,2011-03-10,22197,2,14.0,134.0,seasonal_naive_7d
7,2011-03-08,2011-03-10,84077,2,336.0,0.0,seasonal_naive_7d
7,2011-03-08,2011-03-10,84270,2,0.0,0.0,seasonal_naive_7d
7,2011-03-08,2011-03-10,84347,2,0.0,0.0,seasonal_naive_7d
7,2011-03-08,2011-03-10,84568,2,288.0,294.0,seasonal_naive_7d
7,2011-03-08,2011-03-10,84755,2,48.0,16.0,seasonal_naive_7d
7,2011-03-08,2011-03-10,84879,2,72.0,48.0,seasonal_naive_7d
7,2011-03-08,2011-03-10,84991,2,264.0,25.0,seasonal_naive_7d
7,2011-03-08,2011-03-10,84992,2,240.0,24.0,seasonal_naive_7d
7,2011-03-08,2011-03-10,85099B,2,41.0,30.0,seasonal_naive_7d
7,2011-03-08,2011-03-10,85123A,2,57.0,96.0,seasonal_naive_7d
7,2011-03-08,2011-03-11,17003,3,0.0,0.0,seasonal_naive_7d
7,2011-03-08,2011-03-11,20725,3,25.0,20.0,seasonal_naive_7d
7,2011-03-08,2011-03-11,21212,3,64.0,199.0,seasonal_naive_7d
7,2011-03-08,2011-03-11,21213,3,7.0,146.0,seasonal_naive_7d
7,2011-03-08,2011-03-11,21232,3,41.0,49.0,seasonal_naive_7d
7,2011-03-08,2011-03-11,21977,3,24.0,27.0,seasonal_naive_7d
7,2011-03-08,2011-03-11,21980,3,0.0,0.0,seasonal_naive_7d
7,2011-03-08,2011-03-11,21982,3,24.0,12.0,seasonal_naive_7d
7,2011-03-08,2011-03-11,21984,3,0.0,0.0,seasonal_naive_7d
7,2011-03-08,2011-03-11,22197,3,542.0,78.0,seasonal_naive_7d
7,2011-03-08,2011-03-11,84077,3,0.0,1296.0,seasonal_naive_7d
7,2011-03-08,2011-03-11,84270,3,0.0,0.0,seasonal_naive_7d
7,2011-03-08,2011-03-11,84347,3,0.0,0.0,seasonal_naive_7d
7,2011-03-08,2011-03-11,84568,3,0.0,8.0,seasonal_naive_7d
7,2011-03-08,2011-03-11,84755,3,176.0,32.0,seasonal_naive_7d
7,2011-03-08,2011-03-11,84879,3,216.0,72.0,seasonal_naive_7d
7,2011-03-08,2011-03-11,84991,3,29.0,3.0,seasonal_naive_7d
7,2011-03-08,2011-03-11,84992,3,2.0,48.0,seasonal_naive_7d
7,2011-03-08,2011-03-11,85099B,3,101.0,181.0,seasonal_naive_7d
7,2011-03-08,2011-03-11,85123A,3,125.0,27.0,seasonal_naive_7d
7,2011-03-08,2011-03-12,17003,4,0.0,0.0,seasonal_naive_7d
7,2011-03-08,2011-03-12,20725,4,0.0,0.0,seasonal_naive_7d
7,2011-03-08,2011-03-12,21212,4,0.0,0.0,seasonal_naive_7d
7,2011-03-08,2011-03-12,21213,4,0.0,0.0,seasonal_naive_7d
7,2011-03-08,2011-03-12,21232,4,0.0,0.0,seasonal_naive_7d
7,2011-03-08,2011-03-12,21977,4,0.0,0.0,seasonal_naive_7d
7,2011-03-08,2011-03-12,21980,4,0.0,0.0,seasonal_naive_7d
7,2011-03-08,2011-03-12,21982,4,0.0,0.0,seasonal_naive_7d
7,2011-03-08,2011-03-12,21984,4,0.0,0.0,seasonal_naive_7d
7,2011-03-08,2011-03-12,22197,4,0.0,0.0,seasonal_naive_7d
7,2011-03-08,2011-03-12,84077,4,0.0,0.0,seasonal_naive_7d
7,2011-03-08,2011-03-12,84270,4,0.0,0.0,seasonal_naive_7d
7,2011-03-08,2011-03-12,84347,4,0.0,0.0,seasonal_naive_7d
7,2011-03-08,2011-03-12,84568,4,0.0,0.0,seasonal_naive_7d
7,2011-03-08,2011-03-12,84755,4,0.0,0.0,seasonal_naive_7d
7,2011-03-08,2011-03-12,84879,4,0.0,0.0,seasonal_naive_7d
7,2011-03-08,2011-03-12,84991,4,0.0,0.0,seasonal_naive_7d
7,2011-03-08,2011-03-12,84992,4,0.0,0.0,seasonal_naive_7d
7,2011-03-08,2011-03-12,85099B,4,0.0,0.0,seasonal_naive_7d
7,2011-03-08,2011-03-12,85123A,4,0.0,0.0,seasonal_naive_7d
7,2011-03-08,2011-03-13,17003,5,108.0,0.0,seasonal_naive_7d
7,2011-03-08,2011-03-13,20725,5,0.0,6.0,seasonal_naive_7d
7,2011-03-08,2011-03-13,21212,5,2.0,120.0,seasonal_naive_7d
7,2011-03-08,2011-03-13,21213,5,0.0,120.0,seasonal_naive_7d
7,2011-03-08,2011-03-13,21232,5,4.0,72.0,seasonal_naive_7d
7,2011-03-08,2011-03-13,21977,5,0.0,3.0,seasonal_naive_7d
7,2011-03-08,2011-03-13,21980,5,0.0,0.0,seasonal_naive_7d
7,2011-03-08,2011-03-13,21982,5,0.0,0.0,seasonal_naive_7d
7,2011-03-08,2011-03-13,21984,5,0.0,0.0,seasonal_naive_7d
7,2011-03-08,2011-03-13,22197,5,0.0,0.0,seasonal_naive_7d
7,2011-03-08,2011-03-13,84077,5,96.0,0.0,seasonal_naive_7d
7,2011-03-08,2011-03-13,84270,5,0.0,0.0,seasonal_naive_7d
7,2011-03-08,2011-03-13,84347,5,0.0,0.0,seasonal_naive_7d
7,2011-03-08,2011-03-13,84568,5,0.0,0.0,seasonal_naive_7d
7,2011-03-08,2011-03-13,84755,5,8.0,16.0,seasonal_naive_7d
7,2011-03-08,2011-03-13,84879,5,34.0,43.0,seasonal_naive_7d
7,2011-03-08,2011-03-13,84991,5,1.0,8.0,seasonal_naive_7d
7,2011-03-08,2011-03-13,84992,5,2.0,0.0,seasonal_naive_7d
7,2011-03-08,2011-03-13,85099B,5,0.0,25.0,seasonal_naive_7d
7,2011-03-08,2011-03-13,85123A,5,3.0,101.0,seasonal_naive_7d
7,2011-03-08,2011-03-14,17003,6,0.0,0.0,seasonal_naive_7d
7,2011-03-08,2011-03-14,20725,6,152.0,1.0,seasonal_naive_7d
7,2011-03-08,2011-03-14,21212,6,555.0,86.0,seasonal_naive_7d
7,2011-03-08,2011-03-14,21213,6,264.0,13.0,seasonal_naive_7d
7,2011-03-08,2011-03-14,21232,6,0.0,120.0,seasonal_naive_7d
7,2011-03-08,2011-03-14,21977,6,528.0,49.0,seasonal_naive_7d
7,2011-03-08,2011-03-14,21980,6,0.0,0.0,seasonal_naive_7d
7,2011-03-08,2011-03-14,21982,6,0.0,1.0,seasonal_naive_7d
7,2011-03-08,2011-03-14,21984,6,0.0,0.0,seasonal_naive_7d
7,2011-03-08,2011-03-14,22197,6,240.0,67.0,seasonal_naive_7d
7,2011-03-08,2011-03-14,84077,6,240.0,576.0,seasonal_naive_7d
7,2011-03-08,2011-03-14,84270,6,0.0,0.0,seasonal_naive_7d
7,2011-03-08,2011-03-14,84347,6,0.0,2.0,seasonal_naive_7d
7,2011-03-08,2011-03-14,84568,6,0.0,3.0,seasonal_naive_7d
7,2011-03-08,2011-03-14,84755,6,24.0,8.0,seasonal_naive_7d
7,2011-03-08,2011-03-14,84879,6,272.0,200.0,seasonal_naive_7d
7,2011-03-08,2011-03-14,84991,6,26.0,159.0,seasonal_naive_7d
7,2011-03-08,2011-03-14,84992,6,51.0,4.0,seasonal_naive_7d
7,2011-03-08,2011-03-14,85099B,6,141.0,453.0,seasonal_naive_7d
7,2011-03-08,2011-03-14,85123A,6,19.0,26.0,seasonal_naive_7d
7,2011-03-08,2011-03-15,17003,7,36.0,0.0,seasonal_naive_7d
7,2011-03-08,2011-03-15,20725,7,13.0,65.0,seasonal_naive_7d
7,2011-03-08,2011-03-15,21212,7,100.0,229.0,seasonal_naive_7d
7,2011-03-08,2011-03-15,21213,7,23.0,48.0,seasonal_naive_7d
7,2011-03-08,2011-03-15,21232,7,32.0,102.0,seasonal_naive_7d
7,2011-03-08,2011-03-15,21977,7,29.0,183.0,seasonal_naive_7d
7,2011-03-08,2011-03-15,21980,7,0.0,36.0,seasonal_naive_7d
7,2011-03-08,2011-03-15,21982,7,24.0,0.0,seasonal_naive_7d
7,2011-03-08,2011-03-15,21984,7,0.0,0.0,seasonal_naive_7d
7,2011-03-08,2011-03-15,22197,7,65.0,13.0,seasonal_naive_7d
7,2011-03-08,2011-03-15,84077,7,48.0,144.0,seasonal_naive_7d
7,2011-03-08,2011-03-15,84270,7,0.0,0.0,seasonal_naive_7d
7,2011-03-08,2011-03-15,84347,7,3.0,0.0,seasonal_naive_7d
7,2011-03-08,2011-03-15,84568,7,0.0,0.0,seasonal_naive_7d
7,2011-03-08,2011-03-15,84755,7,0.0,8.0,seasonal_naive_7d
7,2011-03-08,2011-03-15,84879,7,363.0,80.0,seasonal_naive_7d
7,2011-03-08,2011-03-15,84991,7,15.0,73.0,seasonal_naive_7d
7,2011-03-08,2011-03-15,84992,7,27.0,72.0,seasonal_naive_7d
7,2011-03-08,2011-03-15,85099B,7,45.0,117.0,seasonal_naive_7d
7,2011-03-08,2011-03-15,85123A,7,114.0,145.0,seasonal_naive_7d
7,2011-03-08,2011-03-16,17003,8,720.0,36.0,seasonal_naive_7d
7,2011-03-08,2011-03-16,20725,8,4.0,10.0,seasonal_naive_7d
7,2011-03-08,2011-03-16,21212,8,360.0,121.0,seasonal_naive_7d
7,2011-03-08,2011-03-16,21213,8,0.0,1.0,seasonal_naive_7d
7,2011-03-08,2011-03-16,21232,8,12.0,12.0,seasonal_naive_7d
7,2011-03-08,2011-03-16,21977,8,96.0,72.0,seasonal_naive_7d
7,2011-03-08,2011-03-16,21980,8,24.0,0.0,seasonal_naive_7d
7,2011-03-08,2011-03-16,21982,8,24.0,24.0,seasonal_naive_7d
7,2011-03-08,2011-03-16,21984,8,0.0,24.0,seasonal_naive_7d
7,2011-03-08,2011-03-16,22197,8,100.0,112.0,seasonal_naive_7d
7,2011-03-08,2011-03-16,84077,8,48.0,288.0,seasonal_naive_7d
7,2011-03-08,2011-03-16,84270,8,0.0,0.0,seasonal_naive_7d
7,2011-03-08,2011-03-16,84347,8,0.0,0.0,seasonal_naive_7d
7,2011-03-08,2011-03-16,84568,8,0.0,0.0,seasonal_naive_7d
7,2011-03-08,2011-03-16,84755,8,8.0,32.0,seasonal_naive_7d
7,2011-03-08,2011-03-16,84879,8,176.0,6.0,seasonal_naive_7d
7,2011-03-08,2011-03-16,84991,8,384.0,72.0,seasonal_naive_7d
7,2011-03-08,2011-03-16,84992,8,480.0,49.0,seasonal_naive_7d
7,2011-03-08,2011-03-16,85099B,8,10.0,16.0,seasonal_naive_7d
7,2011-03-08,2011-03-16,85123A,8,141.0,33.0,seasonal_naive_7d
7,2011-03-08,2011-03-17,17003,9,720.0,0.0,seasonal_naive_7d
7,2011-03-08,2011-03-17,20725,9,42.0,26.0,seasonal_naive_7d
7,2011-03-08,2011-03-17,21212,9,27.0,25.0,seasonal_naive_7d
7,2011-03-08,2011-03-17,21213,9,1.0,25.0,seasonal_naive_7d
7,2011-03-08,2011-03-17,21232,9,64.0,41.0,seasonal_naive_7d
7,2011-03-08,2011-03-17,21977,9,3.0,49.0,seasonal_naive_7d
7,2011-03-08,2011-03-17,21980,9,24.0,0.0,seasonal_naive_7d
7,2011-03-08,2011-03-17,21982,9,12.0,1.0,seasonal_naive_7d
7,2011-03-08,2011-03-17,21984,9,12.0,432.0,seasonal_naive_7d
7,2011-03-08,2011-03-17,22197,9,64.0,134.0,seasonal_naive_7d
7,2011-03-08,2011-03-17,84077,9,96.0,0.0,seasonal_naive_7d
7,2011-03-08,2011-03-17,84270,9,0.0,0.0,seasonal_naive_7d
7,2011-03-08,2011-03-17,84347,9,2.0,0.0,seasonal_naive_7d
7,2011-03-08,2011-03-17,84568,9,34.0,294.0,seasonal_naive_7d
7,2011-03-08,2011-03-17,84755,9,48.0,16.0,seasonal_naive_7d
7,2011-03-08,2011-03-17,84879,9,64.0,48.0,seasonal_naive_7d
7,2011-03-08,2011-03-17,84991,9,52.0,25.0,seasonal_naive_7d
7,2011-03-08,2011-03-17,84992,9,1.0,24.0,seasonal_naive_7d
7,2011-03-08,2011-03-17,85099B,9,1246.0,30.0,seasonal_naive_7d
7,2011-03-08,2011-03-17,85123A,9,87.0,96.0,seasonal_naive_7d
7,2011-03-08,2011-03-18,17003,10,720.0,0.0,seasonal_naive_7d
7,2011-03-08,2011-03-18,20725,10,14.0,20.0,seasonal_naive_7d
7,2011-03-08,2011-03-18,21212,10,35.0,199.0,seasonal_naive_7d
7,2011-03-08,2011-03-18,21213,10,28.0,146.0,seasonal_naive_7d
7,2011-03-08,2011-03-18,21232,10,36.0,49.0,seasonal_naive_7d
7,2011-03-08,2011-03-18,21977,10,391.0,27.0,seasonal_naive_7d
7,2011-03-08,2011-03-18,21980,10,0.0,0.0,seasonal_naive_7d
7,2011-03-08,2011-03-18,21982,10,2.0,12.0,seasonal_naive_7d
7,2011-03-08,2011-03-18,21984,10,0.0,0.0,seasonal_naive_7d
7,2011-03-08,2011-03-18,22197,10,87.0,78.0,seasonal_naive_7d
7,2011-03-08,2011-03-18,84077,10,0.0,1296.0,seasonal_naive_7d
7,2011-03-08,2011-03-18,84270,10,0.0,0.0,seasonal_naive_7d
7,2011-03-08,2011-03-18,84347,10,0.0,0.0,seasonal_naive_7d
7,2011-03-08,2011-03-18,84568,10,0.0,8.0,seasonal_naive_7d
7,2011-03-08,2011-03-18,84755,10,16.0,32.0,seasonal_naive_7d
7,2011-03-08,2011-03-18,84879,10,37.0,72.0,seasonal_naive_7d
7,2011-03-08,2011-03-18,84991,10,29.0,3.0,seasonal_naive_7d
7,2011-03-08,2011-03-18,84992,10,24.0,48.0,seasonal_naive_7d
7,2011-03-08,2011-03-18,85099B,10,33.0,181.0,seasonal_naive_7d
7,2011-03-08,2011-03-18,85123A,10,56.0,27.0,seasonal_naive_7d
7,2011-03-08,2011-03-19,17003,11,0.0,0.0,seasonal_naive_7d
7,2011-03-08,2011-03-19,20725,11,0.0,0.0,seasonal_naive_7d
7,2011-03-08,2011-03-19,21212,11,0.0,0.0,seasonal_naive_7d
7,2011-03-08,2011-03-19,21213,11,0.0,0.0,seasonal_naive_7d
7,2011-03-08,2011-03-19,21232,11,0.0,0.0,seasonal_naive_7d
7,2011-03-08,2011-03-19,21977,11,0.0,0.0,seasonal_naive_7d
7,2011-03-08,2011-03-19,21980,11,0.0,0.0,seasonal_naive_7d
7,2011-03-08,2011-03-19,21982,11,0.0,0.0,seasonal_naive_7d
7,2011-03-08,2011-03-19,21984,11,0.0,0.0,seasonal_naive_7d
7,2011-03-08,2011-03-19,22197,11,0.0,0.0,seasonal_naive_7d
7,2011-03-08,2011-03-19,84077,11,0.0,0.0,seasonal_naive_7d
7,2011-03-08,2011-03-19,84270,11,0.0,0.0,seasonal_naive_7d
7,2011-03-08,2011-03-19,84347,11,0.0,0.0,seasonal_naive_7d
7,2011-03-08,2011-03-19,84568,11,0.0,0.0,seasonal_naive_7d
7,2011-03-08,2011-03-19,84755,11,0.0,0.0,seasonal_naive_7d
7,2011-03-08,2011-03-19,84879,11,0.0,0.0,seasonal_naive_7d
7,2011-03-08,2011-03-19,84991,11,0.0,0.0,seasonal_naive_7d
7,2011-03-08,2011-03-19,84992,11,0.0,0.0,seasonal_naive_7d
7,2011-03-08,2011-03-19,85099B,11,0.0,0.0,seasonal_naive_7d
7,2011-03-08,2011-03-19,85123A,11,0.0,0.0,seasonal_naive_7d
7,2011-03-08,2011-03-20,17003,12,0.0,0.0,seasonal_naive_7d
7,2011-03-08,2011-03-20,20725,12,53.0,6.0,seasonal_naive_7d
7,2011-03-08,2011-03-20,21212,12,226.0,120.0,seasonal_naive_7d
7,2011-03-08,2011-03-20,21213,12,24.0,120.0,seasonal_naive_7d
7,2011-03-08,2011-03-20,21232,12,2.0,72.0,seasonal_naive_7d
7,2011-03-08,2011-03-20,21977,12,80.0,3.0,seasonal_naive_7d
7,2011-03-08,2011-03-20,21980,12,0.0,0.0,seasonal_naive_7d
7,2011-03-08,2011-03-20,21982,12,37.0,0.0,seasonal_naive_7d
7,2011-03-08,2011-03-20,21984,12,12.0,0.0,seasonal_naive_7d
7,2011-03-08,2011-03-20,22197,12,27.0,0.0,seasonal_naive_7d
7,2011-03-08,2011-03-20,84077,12,48.0,0.0,seasonal_naive_7d
7,2011-03-08,2011-03-20,84270,12,0.0,0.0,seasonal_naive_7d
7,2011-03-08,2011-03-20,84347,12,0.0,0.0,seasonal_naive_7d
7,2011-03-08,2011-03-20,84568,12,13.0,0.0,seasonal_naive_7d
7,2011-03-08,2011-03-20,84755,12,76.0,16.0,seasonal_naive_7d
7,2011-03-08,2011-03-20,84879,12,56.0,43.0,seasonal_naive_7d
7,2011-03-08,2011-03-20,84991,12,32.0,8.0,seasonal_naive_7d
7,2011-03-08,2011-03-20,84992,12,33.0,0.0,seasonal_naive_7d
7,2011-03-08,2011-03-20,85099B,12,71.0,25.0,seasonal_naive_7d
7,2011-03-08,2011-03-20,85123A,12,47.0,101.0,seasonal_naive_7d
7,2011-03-08,2011-03-21,17003,13,12.0,0.0,seasonal_naive_7d
7,2011-03-08,2011-03-21,20725,13,75.0,1.0,seasonal_naive_7d
7,2011-03-08,2011-03-21,21212,13,53.0,86.0,seasonal_naive_7d
7,2011-03-08,2011-03-21,21213,13,58.0,13.0,seasonal_naive_7d
7,2011-03-08,2011-03-21,21232,13,20.0,120.0,seasonal_naive_7d
7,2011-03-08,2011-03-21,21977,13,55.0,49.0,seasonal_naive_7d
7,2011-03-08,2011-03-21,21980,13,48.0,0.0,seasonal_naive_7d
7,2011-03-08,2011-03-21,21982,13,98.0,1.0,seasonal_naive_7d
7,2011-03-08,2011-03-21,21984,13,24.0,0.0,seasonal_naive_7d
7,2011-03-08,2011-03-21,22197,13,49.0,67.0,seasonal_naive_7d
7,2011-03-08,2011-03-21,84077,13,0.0,576.0,seasonal_naive_7d
7,2011-03-08,2011-03-21,84270,13,0.0,0.0,seasonal_naive_7d
7,2011-03-08,2011-03-21,84347,13,0.0,2.0,seasonal_naive_7d
7,2011-03-08,2011-03-21,84568,13,0.0,3.0,seasonal_naive_7d
7,2011-03-08,2011-03-21,84755,13,40.0,8.0,seasonal_naive_7d
7,2011-03-08,2011-03-21,84879,13,138.0,200.0,seasonal_naive_7d
7,2011-03-08,2011-03-21,84991,13,61.0,159.0,seasonal_naive_7d
7,2011-03-08,2011-03-21,84992,13,0.0,4.0,seasonal_naive_7d
7,2011-03-08,2011-03-21,85099B,13,161.0,453.0,seasonal_naive_7d
7,2011-03-08,2011-03-21,85123A,13,38.0,26.0,seasonal_naive_7d
7,2011-03-08,2011-03-22,17003,14,0.0,0.0,seasonal_naive_7d
7,2011-03-08,2011-03-22,20725,14,43.0,65.0,seasonal_naive_7d
7,2011-03-08,2011-03-22,21212,14,59.0,229.0,seasonal_naive_7d
7,2011-03-08,2011-03-22,21213,14,21.0,48.0,seasonal_naive_7d
7,2011-03-08,2011-03-22,21232,14,16.0,102.0,seasonal_naive_7d
7,2011-03-08,2011-03-22,21977,14,56.0,183.0,seasonal_naive_7d
7,2011-03-08,2011-03-22,21980,14,29.0,36.0,seasonal_naive_7d
7,2011-03-08,2011-03-22,21982,14,4.0,0.0,seasonal_naive_7d
7,2011-03-08,2011-03-22,21984,14,27.0,0.0,seasonal_naive_7d
7,2011-03-08,2011-03-22,22197,14,37.0,13.0,seasonal_naive_7d
7,2011-03-08,2011-03-22,84077,14,48.0,144.0,seasonal_naive_7d
7,2011-03-08,2011-03-22,84270,14,0.0,0.0,seasonal_naive_7d
7,2011-03-08,2011-03-22,84347,14,0.0,0.0,seasonal_naive_7d
7,2011-03-08,2011-03-22,84568,14,81.0,0.0,seasonal_naive_7d
7,2011-03-08,2011-03-22,84755,14,16.0,8.0,seasonal_naive_7d
7,2011-03-08,2011-03-22,84879,14,69.0,80.0,seasonal_naive_7d
7,2011-03-08,2011-03-22,84991,14,67.0,73.0,seasonal_naive_7d
7,2011-03-08,2011-03-22,84992,14,30.0,72.0,seasonal_naive_7d
7,2011-03-08,2011-03-22,85099B,14,45.0,117.0,seasonal_naive_7d
7,2011-03-08,2011-03-22,85123A,14,84.0,145.0,seasonal_naive_7d
8,2011-03-22,2011-03-23,17003,1,36.0,720.0,seasonal_naive_7d
8,2011-03-22,2011-03-23,20725,1,21.0,4.0,seasonal_naive_7d
8,2011-03-22,2011-03-23,21212,1,125.0,360.0,seasonal_naive_7d
8,2011-03-22,2011-03-23,21213,1,27.0,0.0,seasonal_naive_7d
8,2011-03-22,2011-03-23,21232,1,180.0,12.0,seasonal_naive_7d
8,2011-03-22,2011-03-23,21977,1,78.0,96.0,seasonal_naive_7d
8,2011-03-22,2011-03-23,21980,1,0.0,24.0,seasonal_naive_7d
8,2011-03-22,2011-03-23,21982,1,0.0,24.0,seasonal_naive_7d
8,2011-03-22,2011-03-23,21984,1,0.0,0.0,seasonal_naive_7d
8,2011-03-22,2011-03-23,22197,1,19.0,100.0,seasonal_naive_7d
8,2011-03-22,2011-03-23,84077,1,48.0,48.0,seasonal_naive_7d
8,2011-03-22,2011-03-23,84270,1,0.0,0.0,seasonal_naive_7d
8,2011-03-22,2011-03-23,84347,1,0.0,0.0,seasonal_naive_7d
8,2011-03-22,2011-03-23,84568,1,0.0,0.0,seasonal_naive_7d
8,2011-03-22,2011-03-23,84755,1,16.0,8.0,seasonal_naive_7d
8,2011-03-22,2011-03-23,84879,1,56.0,176.0,seasonal_naive_7d
8,2011-03-22,2011-03-23,84991,1,57.0,384.0,seasonal_naive_7d
8,2011-03-22,2011-03-23,84992,1,30.0,480.0,seasonal_naive_7d
8,2011-03-22,2011-03-23,85099B,1,337.0,10.0,seasonal_naive_7d
8,2011-03-22,2011-03-23,85123A,1,83.0,141.0,seasonal_naive_7d
8,2011-03-22,2011-03-24,17003,2,0.0,720.0,seasonal_naive_7d
8,2011-03-22,2011-03-24,20725,2,35.0,42.0,seasonal_naive_7d
8,2011-03-22,2011-03-24,21212,2,211.0,27.0,seasonal_naive_7d
8,2011-03-22,2011-03-24,21213,2,73.0,1.0,seasonal_naive_7d
8,2011-03-22,2011-03-24,21232,2,39.0,64.0,seasonal_naive_7d
8,2011-03-22,2011-03-24,21977,2,207.0,3.0,seasonal_naive_7d
8,2011-03-22,2011-03-24,21980,2,0.0,24.0,seasonal_naive_7d
8,2011-03-22,2011-03-24,21982,2,0.0,12.0,seasonal_naive_7d
8,2011-03-22,2011-03-24,21984,2,0.0,12.0,seasonal_naive_7d
8,2011-03-22,2011-03-24,22197,2,34.0,64.0,seasonal_naive_7d
8,2011-03-22,2011-03-24,84077,2,0.0,96.0,seasonal_naive_7d
8,2011-03-22,2011-03-24,84270,2,0.0,0.0,seasonal_naive_7d
8,2011-03-22,2011-03-24,84347,2,0.0,2.0,seasonal_naive_7d
8,2011-03-22,2011-03-24,84568,2,0.0,34.0,seasonal_naive_7d
8,2011-03-22,2011-03-24,84755,2,160.0,48.0,seasonal_naive_7d
8,2011-03-22,2011-03-24,84879,2,80.0,64.0,seasonal_naive_7d
8,2011-03-22,2011-03-24,84991,2,25.0,52.0,seasonal_naive_7d
8,2011-03-22,2011-03-24,84992,2,1.0,1.0,seasonal_naive_7d
8,2011-03-22,2011-03-24,85099B,2,315.0,1246.0,seasonal_naive_7d
8,2011-03-22,2011-03-24,85123A,2,52.0,87.0,seasonal_naive_7d
8,2011-03-22,2011-03-25,17003,3,0.0,720.0,seasonal_naive_7d
8,2011-03-22,2011-03-25,20725,3,205.0,14.0,seasonal_naive_7d
8,2011-03-22,2011-03-25,21212,3,51.0,35.0,seasonal_naive_7d
8,2011-03-22,2011-03-25,21213,3,29.0,28.0,seasonal_naive_7d
8,2011-03-22,2011-03-25,21232,3,92.0,36.0,seasonal_naive_7d
8,2011-03-22,2011-03-25,21977,3,11.0,391.0,seasonal_naive_7d
8,2011-03-22,2011-03-25,21980,3,25.0,0.0,seasonal_naive_7d
8,2011-03-22,2011-03-25,21982,3,0.0,2.0,seasonal_naive_7d
8,2011-03-22,2011-03-25,21984,3,1.0,0.0,seasonal_naive_7d
8,2011-03-22,2011-03-25,22197,3,77.0,87.0,seasonal_naive_7d
8,2011-03-22,2011-03-25,84077,3,96.0,0.0,seasonal_naive_7d
8,2011-03-22,2011-03-25,84270,3,0.0,0.0,seasonal_naive_7d
8,2011-03-22,2011-03-25,84347,3,0.0,0.0,seasonal_naive_7d
8,2011-03-22,2011-03-25,84568,3,0.0,0.0,seasonal_naive_7d
8,2011-03-22,2011-03-25,84755,3,16.0,16.0,seasonal_naive_7d
8,2011-03-22,2011-03-25,84879,3,40.0,37.0,seasonal_naive_7d
8,2011-03-22,2011-03-25,84991,3,26.0,29.0,seasonal_naive_7d
8,2011-03-22,2011-03-25,84992,3,2.0,24.0,seasonal_naive_7d
8,2011-03-22,2011-03-25,85099B,3,521.0,33.0,seasonal_naive_7d
8,2011-03-22,2011-03-25,85123A,3,31.0,56.0,seasonal_naive_7d
8,2011-03-22,2011-03-26,17003,4,0.0,0.0,seasonal_naive_7d
8,2011-03-22,2011-03-26,20725,4,0.0,0.0,seasonal_naive_7d
8,2011-03-22,2011-03-26,21212,4,0.0,0.0,seasonal_naive_7d
8,2011-03-22,2011-03-26,21213,4,0.0,0.0,seasonal_naive_7d
8,2011-03-22,2011-03-26,21232,4,0.0,0.0,seasonal_naive_7d
8,2011-03-22,2011-03-26,21977,4,0.0,0.0,seasonal_naive_7d
8,2011-03-22,2011-03-26,21980,4,0.0,0.0,seasonal_naive_7d
8,2011-03-22,2011-03-26,21982,4,0.0,0.0,seasonal_naive_7d
8,2011-03-22,2011-03-26,21984,4,0.0,0.0,seasonal_naive_7d
8,2011-03-22,2011-03-26,22197,4,0.0,0.0,seasonal_naive_7d
8,2011-03-22,2011-03-26,84077,4,0.0,0.0,seasonal_naive_7d
8,2011-03-22,2011-03-26,84270,4,0.0,0.0,seasonal_naive_7d
8,2011-03-22,2011-03-26,84347,4,0.0,0.0,seasonal_naive_7d
8,2011-03-22,2011-03-26,84568,4,0.0,0.0,seasonal_naive_7d
8,2011-03-22,2011-03-26,84755,4,0.0,0.0,seasonal_naive_7d
8,2011-03-22,2011-03-26,84879,4,0.0,0.0,seasonal_naive_7d
8,2011-03-22,2011-03-26,84991,4,0.0,0.0,seasonal_naive_7d
8,2011-03-22,2011-03-26,84992,4,0.0,0.0,seasonal_naive_7d
8,2011-03-22,2011-03-26,85099B,4,0.0,0.0,seasonal_naive_7d
8,2011-03-22,2011-03-26,85123A,4,0.0,0.0,seasonal_naive_7d
8,2011-03-22,2011-03-27,17003,5,0.0,0.0,seasonal_naive_7d
8,2011-03-22,2011-03-27,20725,5,0.0,53.0,seasonal_naive_7d
8,2011-03-22,2011-03-27,21212,5,28.0,226.0,seasonal_naive_7d
8,2011-03-22,2011-03-27,21213,5,0.0,24.0,seasonal_naive_7d
8,2011-03-22,2011-03-27,21232,5,0.0,2.0,seasonal_naive_7d
8,2011-03-22,2011-03-27,21977,5,1.0,80.0,seasonal_naive_7d
8,2011-03-22,2011-03-27,21980,5,12.0,0.0,seasonal_naive_7d
8,2011-03-22,2011-03-27,21982,5,0.0,37.0,seasonal_naive_7d
8,2011-03-22,2011-03-27,21984,5,0.0,12.0,seasonal_naive_7d
8,2011-03-22,2011-03-27,22197,5,21.0,27.0,seasonal_naive_7d
8,2011-03-22,2011-03-27,84077,5,0.0,48.0,seasonal_naive_7d
8,2011-03-22,2011-03-27,84270,5,0.0,0.0,seasonal_naive_7d
8,2011-03-22,2011-03-27,84347,5,0.0,0.0,seasonal_naive_7d
8,2011-03-22,2011-03-27,84568,5,0.0,13.0,seasonal_naive_7d
8,2011-03-22,2011-03-27,84755,5,16.0,76.0,seasonal_naive_7d
8,2011-03-22,2011-03-27,84879,5,8.0,56.0,seasonal_naive_7d
8,2011-03-22,2011-03-27,84991,5,3.0,32.0,seasonal_naive_7d
8,2011-03-22,2011-03-27,84992,5,0.0,33.0,seasonal_naive_7d
8,2011-03-22,2011-03-27,85099B,5,0.0,71.0,seasonal_naive_7d
8,2011-03-22,2011-03-27,85123A,5,77.0,47.0,seasonal_naive_7d
8,2011-03-22,2011-03-28,17003,6,0.0,12.0,seasonal_naive_7d
8,2011-03-22,2011-03-28,20725,6,76.0,75.0,seasonal_naive_7d
8,2011-03-22,2011-03-28,21212,6,50.0,53.0,seasonal_naive_7d
8,2011-03-22,2011-03-28,21213,6,1.0,58.0,seasonal_naive_7d
8,2011-03-22,2011-03-28,21232,6,27.0,20.0,seasonal_naive_7d
8,2011-03-22,2011-03-28,21977,6,77.0,55.0,seasonal_naive_7d
8,2011-03-22,2011-03-28,21980,6,24.0,48.0,seasonal_naive_7d
8,2011-03-22,2011-03-28,21982,6,24.0,98.0,seasonal_naive_7d
8,2011-03-22,2011-03-28,21984,6,0.0,24.0,seasonal_naive_7d
8,2011-03-22,2011-03-28,22197,6,38.0,49.0,seasonal_naive_7d
8,2011-03-22,2011-03-28,84077,6,96.0,0.0,seasonal_naive_7d
8,2011-03-22,2011-03-28,84270,6,0.0,0.0,seasonal_naive_7d
8,2011-03-22,2011-03-28,84347,6,0.0,0.0,seasonal_naive_7d
8,2011-03-22,2011-03-28,84568,6,6.0,0.0,seasonal_naive_7d
8,2011-03-22,2011-03-28,84755,6,24.0,40.0,seasonal_naive_7d
8,2011-03-22,2011-03-28,84879,6,96.0,138.0,seasonal_naive_7d
8,2011-03-22,2011-03-28,84991,6,77.0,61.0,seasonal_naive_7d
8,2011-03-22,2011-03-28,84992,6,1.0,0.0,seasonal_naive_7d
8,2011-03-22,2011-03-28,85099B,6,143.0,161.0,seasonal_naive_7d
8,2011-03-22,2011-03-28,85123A,6,44.0,38.0,seasonal_naive_7d
8,2011-03-22,2011-03-29,17003,7,756.0,0.0,seasonal_naive_7d
8,2011-03-22,2011-03-29,20725,7,206.0,43.0,seasonal_naive_7d
8,2011-03-22,2011-03-29,21212,7,524.0,59.0,seasonal_naive_7d
8,2011-03-22,2011-03-29,21213,7,374.0,21.0,seasonal_naive_7d
8,2011-03-22,2011-03-29,21232,7,38.0,16.0,seasonal_naive_7d
8,2011-03-22,2011-03-29,21977,7,76.0,56.0,seasonal_naive_7d
8,2011-03-22,2011-03-29,21980,7,62.0,29.0,seasonal_naive_7d
8,2011-03-22,2011-03-29,21982,7,68.0,4.0,seasonal_naive_7d
8,2011-03-22,2011-03-29,21984,7,0.0,27.0,seasonal_naive_7d
8,2011-03-22,2011-03-29,22197,7,663.0,37.0,seasonal_naive_7d
8,2011-03-22,2011-03-29,84077,7,0.0,48.0,seasonal_naive_7d
8,2011-03-22,2011-03-29,84270,7,0.0,0.0,seasonal_naive_7d
8,2011-03-22,2011-03-29,84347,7,0.0,0.0,seasonal_naive_7d
8,2011-03-22,2011-03-29,84568,7,0.0,81.0,seasonal_naive_7d
8,2011-03-22,2011-03-29,84755,7,0.0,16.0,seasonal_naive_7d
8,2011-03-22,2011-03-29,84879,7,24.0,69.0,seasonal_naive_7d
8,2011-03-22,2011-03-29,84991,7,423.0,67.0,seasonal_naive_7d
8,2011-03-22,2011-03-29,84992,7,240.0,30.0,seasonal_naive_7d
8,2011-03-22,2011-03-29,85099B,7,563.0,45.0,seasonal_naive_7d
8,2011-03-22,2011-03-29,85123A,7,185.0,84.0,seasonal_naive_7d
8,2011-03-22,2011-03-30,17003,8,0.0,720.0,seasonal_naive_7d
8,2011-03-22,2011-03-30,20725,8,157.0,4.0,seasonal_naive_7d
8,2011-03-22,2011-03-30,21212,8,78.0,360.0,seasonal_naive_7d
8,2011-03-22,2011-03-30,21213,8,0.0,0.0,seasonal_naive_7d
8,2011-03-22,2011-03-30,21232,8,112.0,12.0,seasonal_naive_7d
8,2011-03-22,2011-03-30,21977,8,121.0,96.0,seasonal_naive_7d
8,2011-03-22,2011-03-30,21980,8,2.0,24.0,seasonal_naive_7d
8,2011-03-22,2011-03-30,21982,8,14.0,24.0,seasonal_naive_7d
8,2011-03-22,2011-03-30,21984,8,2.0,0.0,seasonal_naive_7d
8,2011-03-22,2011-03-30,22197,8,28.0,100.0,seasonal_naive_7d
8,2011-03-22,2011-03-30,84077,8,144.0,48.0,seasonal_naive_7d
8,2011-03-22,2011-03-30,84270,8,0.0,0.0,seasonal_naive_7d
8,2011-03-22,2011-03-30,84347,8,0.0,0.0,seasonal_naive_7d
8,2011-03-22,2011-03-30,84568,8,1728.0,0.0,seasonal_naive_7d
8,2011-03-22,2011-03-30,84755,8,76.0,8.0,seasonal_naive_7d
8,2011-03-22,2011-03-30,84879,8,24.0,176.0,seasonal_naive_7d
8,2011-03-22,2011-03-30,84991,8,2.0,384.0,seasonal_naive_7d
8,2011-03-22,2011-03-30,84992,8,2.0,480.0,seasonal_naive_7d
8,2011-03-22,2011-03-30,85099B,8,331.0,10.0,seasonal_naive_7d
8,2011-03-22,2011-03-30,85123A,8,68.0,141.0,seasonal_naive_7d
8,2011-03-22,2011-03-31,17003,9,0.0,720.0,seasonal_naive_7d
8,2011-03-22,2011-03-31,20725,9,97.0,42.0,seasonal_naive_7d
8,2011-03-22,2011-03-31,21212,9,94.0,27.0,seasonal_naive_7d
8,2011-03-22,2011-03-31,21213,9,54.0,1.0,seasonal_naive_7d
8,2011-03-22,2011-03-31,21232,9,52.0,64.0,seasonal_naive_7d
8,2011-03-22,2011-03-31,21977,9,53.0,3.0,seasonal_naive_7d
8,2011-03-22,2011-03-31,21980,9,36.0,24.0,seasonal_naive_7d
8,2011-03-22,2011-03-31,21982,9,24.0,12.0,seasonal_naive_7d
8,2011-03-22,2011-03-31,21984,9,24.0,12.0,seasonal_naive_7d
8,2011-03-22,2011-03-31,22197,9,134.0,64.0,seasonal_naive_7d
8,2011-03-22,2011-03-31,84077,9,96.0,96.0,seasonal_naive_7d
8,2011-03-22,2011-03-31,84270,9,0.0,0.0,seasonal_naive_7d
8,2011-03-22,2011-03-31,84347,9,3.0,2.0,seasonal_naive_7d
8,2011-03-22,2011-03-31,84568,9,6.0,34.0,seasonal_naive_7d
8,2011-03-22,2011-03-31,84755,9,12.0,48.0,seasonal_naive_7d
8,2011-03-22,2011-03-31,84879,9,324.0,64.0,seasonal_naive_7d
8,2011-03-22,2011-03-31,84991,9,80.0,52.0,seasonal_naive_7d
8,2011-03-22,2011-03-31,84992,9,25.0,1.0,seasonal_naive_7d
8,2011-03-22,2011-03-31,85099B,9,40.0,1246.0,seasonal_naive_7d
8,2011-03-22,2011-03-31,85123A,9,75.0,87.0,seasonal_naive_7d
8,2011-03-22,2011-04-01,17003,10,0.0,720.0,seasonal_naive_7d
8,2011-03-22,2011-04-01,20725,10,40.0,14.0,seasonal_naive_7d
8,2011-03-22,2011-04-01,21212,10,30.0,35.0,seasonal_naive_7d
8,2011-03-22,2011-04-01,21213,10,7.0,28.0,seasonal_naive_7d
8,2011-03-22,2011-04-01,21232,10,36.0,36.0,seasonal_naive_7d
8,2011-03-22,2011-04-01,21977,10,48.0,391.0,seasonal_naive_7d
8,2011-03-22,2011-04-01,21980,10,84.0,0.0,seasonal_naive_7d
8,2011-03-22,2011-04-01,21982,10,60.0,2.0,seasonal_naive_7d
8,2011-03-22,2011-04-01,21984,10,24.0,0.0,seasonal_naive_7d
8,2011-03-22,2011-04-01,22197,10,136.0,87.0,seasonal_naive_7d
8,2011-03-22,2011-04-01,84077,10,2304.0,0.0,seasonal_naive_7d
8,2011-03-22,2011-04-01,84270,10,0.0,0.0,seasonal_naive_7d
8,2011-03-22,2011-04-01,84347,10,0.0,0.0,seasonal_naive_7d
8,2011-03-22,2011-04-01,84568,10,0.0,0.0,seasonal_naive_7d
8,2011-03-22,2011-04-01,84755,10,32.0,16.0,seasonal_naive_7d
8,2011-03-22,2011-04-01,84879,10,117.0,37.0,seasonal_naive_7d
8,2011-03-22,2011-04-01,84991,10,146.0,29.0,seasonal_naive_7d
8,2011-03-22,2011-04-01,84992,10,98.0,24.0,seasonal_naive_7d
8,2011-03-22,2011-04-01,85099B,10,16.0,33.0,seasonal_naive_7d
8,2011-03-22,2011-04-01,85123A,10,133.0,56.0,seasonal_naive_7d
8,2011-03-22,2011-04-02,17003,11,0.0,0.0,seasonal_naive_7d
8,2011-03-22,2011-04-02,20725,11,0.0,0.0,seasonal_naive_7d
8,2011-03-22,2011-04-02,21212,11,0.0,0.0,seasonal_naive_7d
8,2011-03-22,2011-04-02,21213,11,0.0,0.0,seasonal_naive_7d
8,2011-03-22,2011-04-02,21232,11,0.0,0.0,seasonal_naive_7d
8,2011-03-22,2011-04-02,21977,11,0.0,0.0,seasonal_naive_7d
8,2011-03-22,2011-04-02,21980,11,0.0,0.0,seasonal_naive_7d
8,2011-03-22,2011-04-02,21982,11,0.0,0.0,seasonal_naive_7d
8,2011-03-22,2011-04-02,21984,11,0.0,0.0,seasonal_naive_7d
8,2011-03-22,2011-04-02,22197,11,0.0,0.0,seasonal_naive_7d
8,2011-03-22,2011-04-02,84077,11,0.0,0.0,seasonal_naive_7d
8,2011-03-22,2011-04-02,84270,11,0.0,0.0,seasonal_naive_7d
8,2011-03-22,2011-04-02,84347,11,0.0,0.0,seasonal_naive_7d
8,2011-03-22,2011-04-02,84568,11,0.0,0.0,seasonal_naive_7d
8,2011-03-22,2011-04-02,84755,11,0.0,0.0,seasonal_naive_7d
8,2011-03-22,2011-04-02,84879,11,0.0,0.0,seasonal_naive_7d
8,2011-03-22,2011-04-02,84991,11,0.0,0.0,seasonal_naive_7d
8,2011-03-22,2011-04-02,84992,11,0.0,0.0,seasonal_naive_7d
8,2011-03-22,2011-04-02,85099B,11,0.0,0.0,seasonal_naive_7d
8,2011-03-22,2011-04-02,85123A,11,0.0,0.0,seasonal_naive_7d
8,2011-03-22,2011-04-03,17003,12,13.0,0.0,seasonal_naive_7d
8,2011-03-22,2011-04-03,20725,12,11.0,53.0,seasonal_naive_7d
8,2011-03-22,2011-04-03,21212,12,9.0,226.0,seasonal_naive_7d
8,2011-03-22,2011-04-03,21213,12,8.0,24.0,seasonal_naive_7d
8,2011-03-22,2011-04-03,21232,12,7.0,2.0,seasonal_naive_7d
8,2011-03-22,2011-04-03,21977,12,11.0,80.0,seasonal_naive_7d
8,2011-03-22,2011-04-03,21980,12,1.0,0.0,seasonal_naive_7d
8,2011-03-22,2011-04-03,21982,12,7.0,37.0,seasonal_naive_7d
8,2011-03-22,2011-04-03,21984,12,2.0,12.0,seasonal_naive_7d
8,2011-03-22,2011-04-03,22197,12,43.0,27.0,seasonal_naive_7d
8,2011-03-22,2011-04-03,84077,12,576.0,48.0,seasonal_naive_7d
8,2011-03-22,2011-04-03,84270,12,0.0,0.0,seasonal_naive_7d
8,2011-03-22,2011-04-03,84347,12,0.0,0.0,seasonal_naive_7d
8,2011-03-22,2011-04-03,84568,12,0.0,13.0,seasonal_naive_7d
8,2011-03-22,2011-04-03,84755,12,6.0,76.0,seasonal_naive_7d
8,2011-03-22,2011-04-03,84879,12,0.0,56.0,seasonal_naive_7d
8,2011-03-22,2011-04-03,84991,12,8.0,32.0,seasonal_naive_7d
8,2011-03-22,2011-04-03,84992,12,3.0,33.0,seasonal_naive_7d
8,2011-03-22,2011-04-03,85099B,12,10.0,71.0,seasonal_naive_7d
8,2011-03-22,2011-04-03,85123A,12,77.0,47.0,seasonal_naive_7d
8,2011-03-22,2011-04-04,17003,13,0.0,12.0,seasonal_naive_7d
8,2011-03-22,2011-04-04,20725,13,42.0,75.0,seasonal_naive_7d
8,2011-03-22,2011-04-04,21212,13,295.0,53.0,seasonal_naive_7d
8,2011-03-22,2011-04-04,21213,13,26.0,58.0,seasonal_naive_7d
8,2011-03-22,2011-04-04,21232,13,12.0,20.0,seasonal_naive_7d
8,2011-03-22,2011-04-04,21977,13,2.0,55.0,seasonal_naive_7d
8,2011-03-22,2011-04-04,21980,13,0.0,48.0,seasonal_naive_7d
8,2011-03-22,2011-04-04,21982,13,0.0,98.0,seasonal_naive_7d
8,2011-03-22,2011-04-04,21984,13,0.0,24.0,seasonal_naive_7d
8,2011-03-22,2011-04-04,22197,13,112.0,49.0,seasonal_naive_7d
8,2011-03-22,2011-04-04,84077,13,0.0,0.0,seasonal_naive_7d
8,2011-03-22,2011-04-04,84270,13,0.0,0.0,seasonal_naive_7d
8,2011-03-22,2011-04-04,84347,13,0.0,0.0,seasonal_naive_7d
8,2011-03-22,2011-04-04,84568,13,0.0,0.0,seasonal_naive_7d
8,2011-03-22,2011-04-04,84755,13,24.0,40.0,seasonal_naive_7d
8,2011-03-22,2011-04-04,84879,13,147.0,138.0,seasonal_naive_7d
8,2011-03-22,2011-04-04,84991,13,50.0,61.0,seasonal_naive_7d
8,2011-03-22,2011-04-04,84992,13,24.0,0.0,seasonal_naive_7d
8,2011-03-22,2011-04-04,85099B,13,329.0,161.0,seasonal_naive_7d
8,2011-03-22,2011-04-04,85123A,13,66.0,38.0,seasonal_naive_7d
8,2011-03-22,2011-04-05,17003,14,110.0,0.0,seasonal_naive_7d
8,2011-03-22,2011-04-05,20725,14,2.0,43.0,seasonal_naive_7d
8,2011-03-22,2011-04-05,21212,14,98.0,59.0,seasonal_naive_7d
8,2011-03-22,2011-04-05,21213,14,51.0,21.0,seasonal_naive_7d
8,2011-03-22,2011-04-05,21232,14,172.0,16.0,seasonal_naive_7d
8,2011-03-22,2011-04-05,21977,14,53.0,56.0,seasonal_naive_7d
8,2011-03-22,2011-04-05,21980,14,96.0,29.0,seasonal_naive_7d
8,2011-03-22,2011-04-05,21982,14,888.0,4.0,seasonal_naive_7d
8,2011-03-22,2011-04-05,21984,14,0.0,27.0,seasonal_naive_7d
8,2011-03-22,2011-04-05,22197,14,124.0,37.0,seasonal_naive_7d
8,2011-03-22,2011-04-05,84077,14,48.0,48.0,seasonal_naive_7d
8,2011-03-22,2011-04-05,84270,14,0.0,0.0,seasonal_naive_7d
8,2011-03-22,2011-04-05,84347,14,0.0,0.0,seasonal_naive_7d
8,2011-03-22,2011-04-05,84568,14,12.0,81.0,seasonal_naive_7d
8,2011-03-22,2011-04-05,84755,14,36.0,16.0,seasonal_naive_7d
8,2011-03-22,2011-04-05,84879,14,248.0,69.0,seasonal_naive_7d
8,2011-03-22,2011-04-05,84991,14,54.0,67.0,seasonal_naive_7d
8,2011-03-22,2011-04-05,84992,14,53.0,30.0,seasonal_naive_7d
8,2011-03-22,2011-04-05,85099B,14,333.0,45.0,seasonal_naive_7d
8,2011-03-22,2011-04-05,85123A,14,51.0,84.0,seasonal_naive_7d
9,2011-04-05,2011-04-06,17003,1,36.0,0.0,seasonal_naive_7d
9,2011-04-05,2011-04-06,20725,1,84.0,157.0,seasonal_naive_7d
9,2011-04-05,2011-04-06,21212,1,162.0,78.0,seasonal_naive_7d
9,2011-04-05,2011-04-06,21213,1,33.0,0.0,seasonal_naive_7d
9,2011-04-05,2011-04-06,21232,1,0.0,112.0,seasonal_naive_7d
9,2011-04-05,2011-04-06,21977,1,1.0,121.0,seasonal_naive_7d
9,2011-04-05,2011-04-06,21980,1,0.0,2.0,seasonal_naive_7d
9,2011-04-05,2011-04-06,21982,1,0.0,14.0,seasonal_naive_7d
9,2011-04-05,2011-04-06,21984,1,0.0,2.0,seasonal_naive_7d
9,2011-04-05,2011-04-06,22197,1,56.0,28.0,seasonal_naive_7d
9,2011-04-05,2011-04-06,84077,1,48.0,144.0,seasonal_naive_7d
9,2011-04-05,2011-04-06,84270,1,0.0,0.0,seasonal_naive_7d
9,2011-04-05,2011-04-06,84347,1,0.0,0.0,seasonal_naive_7d
9,2011-04-05,2011-04-06,84568,1,9.0,1728.0,seasonal_naive_7d
9,2011-04-05,2011-04-06,84755,1,0.0,76.0,seasonal_naive_7d
9,2011-04-05,2011-04-06,84879,1,32.0,24.0,seasonal_naive_7d
9,2011-04-05,2011-04-06,84991,1,64.0,2.0,seasonal_naive_7d
9,2011-04-05,2011-04-06,84992,1,25.0,2.0,seasonal_naive_7d
9,2011-04-05,2011-04-06,85099B,1,118.0,331.0,seasonal_naive_7d
9,2011-04-05,2011-04-06,85123A,1,65.0,68.0,seasonal_naive_7d
9,2011-04-05,2011-04-07,17003,2,0.0,0.0,seasonal_naive_7d
9,2011-04-05,2011-04-07,20725,2,17.0,97.0,seasonal_naive_7d
9,2011-04-05,2011-04-07,21212,2,13.0,94.0,seasonal_naive_7d
9,2011-04-05,2011-04-07,21213,2,49.0,54.0,seasonal_naive_7d
9,2011-04-05,2011-04-07,21232,2,0.0,52.0,seasonal_naive_7d
9,2011-04-05,2011-04-07,21977,2,5.0,53.0,seasonal_naive_7d
9,2011-04-05,2011-04-07,21980,2,24.0,36.0,seasonal_naive_7d
9,2011-04-05,2011-04-07,21982,2,72.0,24.0,seasonal_naive_7d
9,2011-04-05,2011-04-07,21984,2,0.0,24.0,seasonal_naive_7d
9,2011-04-05,2011-04-07,22197,2,232.0,134.0,seasonal_naive_7d
9,2011-04-05,2011-04-07,84077,2,200.0,96.0,seasonal_naive_7d
9,2011-04-05,2011-04-07,84270,2,0.0,0.0,seasonal_naive_7d
9,2011-04-05,2011-04-07,84347,2,0.0,3.0,seasonal_naive_7d
9,2011-04-05,2011-04-07,84568,2,0.0,6.0,seasonal_naive_7d
9,2011-04-05,2011-04-07,84755,2,48.0,12.0,seasonal_naive_7d
9,2011-04-05,2011-04-07,84879,2,57.0,324.0,seasonal_naive_7d
9,2011-04-05,2011-04-07,84991,2,5.0,80.0,seasonal_naive_7d
9,2011-04-05,2011-04-07,84992,2,0.0,25.0,seasonal_naive_7d
9,2011-04-05,2011-04-07,85099B,2,43.0,40.0,seasonal_naive_7d
9,2011-04-05,2011-04-07,85123A,2,50.0,75.0,seasonal_naive_7d
9,2011-04-05,2011-04-08,17003,3,0.0,0.0,seasonal_naive_7d
9,2011-04-05,2011-04-08,20725,3,80.0,40.0,seasonal_naive_7d
9,2011-04-05,2011-04-08,21212,3,76.0,30.0,seasonal_naive_7d
9,2011-04-05,2011-04-08,21213,3,0.0,7.0,seasonal_naive_7d
9,2011-04-05,2011-04-08,21232,3,12.0,36.0,seasonal_naive_7d
9,2011-04-05,2011-04-08,21977,3,96.0,48.0,seasonal_naive_7d
9,2011-04-05,2011-04-08,21980,3,48.0,84.0,seasonal_naive_7d
9,2011-04-05,2011-04-08,21982,3,36.0,60.0,seasonal_naive_7d
9,2011-04-05,2011-04-08,21984,3,24.0,24.0,seasonal_naive_7d
9,2011-04-05,2011-04-08,22197,3,16.0,136.0,seasonal_naive_7d
9,2011-04-05,2011-04-08,84077,3,48.0,2304.0,seasonal_naive_7d
9,2011-04-05,2011-04-08,84270,3,0.0,0.0,seasonal_naive_7d
9,2011-04-05,2011-04-08,84347,3,0.0,0.0,seasonal_naive_7d
9,2011-04-05,2011-04-08,84568,3,9.0,0.0,seasonal_naive_7d
9,2011-04-05,2011-04-08,84755,3,80.0,32.0,seasonal_naive_7d
9,2011-04-05,2011-04-08,84879,3,232.0,117.0,seasonal_naive_7d
9,2011-04-05,2011-04-08,84991,3,73.0,146.0,seasonal_naive_7d
9,2011-04-05,2011-04-08,84992,3,1.0,98.0,seasonal_naive_7d
9,2011-04-05,2011-04-08,85099B,3,118.0,16.0,seasonal_naive_7d
9,2011-04-05,2011-04-08,85123A,3,68.0,133.0,seasonal_naive_7d
9,2011-04-05,2011-04-09,17003,4,0.0,0.0,seasonal_naive_7d
9,2011-04-05,2011-04-09,20725,4,0.0,0.0,seasonal_naive_7d
9,2011-04-05,2011-04-09,21212,4,0.0,0.0,seasonal_naive_7d
9,2011-04-05,2011-04-09,21213,4,0.0,0.0,seasonal_naive_7d
9,2011-04-05,2011-04-09,21232,4,0.0,0.0,seasonal_naive_7d
9,2011-04-05,2011-04-09,21977,4,0.0,0.0,seasonal_naive_7d
9,2011-04-05,2011-04-09,21980,4,0.0,0.0,seasonal_naive_7d
9,2011-04-05,2011-04-09,21982,4,0.0,0.0,seasonal_naive_7d
9,2011-04-05,2011-04-09,21984,4,0.0,0.0,seasonal_naive_7d
9,2011-04-05,2011-04-09,22197,4,0.0,0.0,seasonal_naive_7d
9,2011-04-05,2011-04-09,84077,4,0.0,0.0,seasonal_naive_7d
9,2011-04-05,2011-04-09,84270,4,0.0,0.0,seasonal_naive_7d
9,2011-04-05,2011-04-09,84347,4,0.0,0.0,seasonal_naive_7d
9,2011-04-05,2011-04-09,84568,4,0.0,0.0,seasonal_naive_7d
9,2011-04-05,2011-04-09,84755,4,0.0,0.0,seasonal_naive_7d
9,2011-04-05,2011-04-09,84879,4,0.0,0.0,seasonal_naive_7d
9,2011-04-05,2011-04-09,84991,4,0.0,0.0,seasonal_naive_7d
9,2011-04-05,2011-04-09,84992,4,0.0,0.0,seasonal_naive_7d
9,2011-04-05,2011-04-09,85099B,4,0.0,0.0,seasonal_naive_7d
9,2011-04-05,2011-04-09,85123A,4,0.0,0.0,seasonal_naive_7d
9,2011-04-05,2011-04-10,17003,5,0.0,13.0,seasonal_naive_7d
9,2011-04-05,2011-04-10,20725,5,22.0,11.0,seasonal_naive_7d
9,2011-04-05,2011-04-10,21212,5,25.0,9.0,seasonal_naive_7d
9,2011-04-05,2011-04-10,21213,5,25.0,8.0,seasonal_naive_7d
9,2011-04-05,2011-04-10,21232,5,4.0,7.0,seasonal_naive_7d
9,2011-04-05,2011-04-10,21977,5,2.0,11.0,seasonal_naive_7d
9,2011-04-05,2011-04-10,21980,5,0.0,1.0,seasonal_naive_7d
9,2011-04-05,2011-04-10,21982,5,0.0,7.0,seasonal_naive_7d
9,2011-04-05,2011-04-10,21984,5,12.0,2.0,seasonal_naive_7d
9,2011-04-05,2011-04-10,22197,5,24.0,43.0,seasonal_naive_7d
9,2011-04-05,2011-04-10,84077,5,48.0,576.0,seasonal_naive_7d
9,2011-04-05,2011-04-10,84270,5,0.0,0.0,seasonal_naive_7d
9,2011-04-05,2011-04-10,84347,5,0.0,0.0,seasonal_naive_7d
9,2011-04-05,2011-04-10,84568,5,0.0,0.0,seasonal_naive_7d
9,2011-04-05,2011-04-10,84755,5,48.0,6.0,seasonal_naive_7d
9,2011-04-05,2011-04-10,84879,5,37.0,0.0,seasonal_naive_7d
9,2011-04-05,2011-04-10,84991,5,25.0,8.0,seasonal_naive_7d
9,2011-04-05,2011-04-10,84992,5,25.0,3.0,seasonal_naive_7d
9,2011-04-05,2011-04-10,85099B,5,34.0,10.0,seasonal_naive_7d
9,2011-04-05,2011-04-10,85123A,5,74.0,77.0,seasonal_naive_7d
9,2011-04-05,2011-04-11,17003,6,1.0,0.0,seasonal_naive_7d
9,2011-04-05,2011-04-11,20725,6,94.0,42.0,seasonal_naive_7d
9,2011-04-05,2011-04-11,21212,6,131.0,295.0,seasonal_naive_7d
9,2011-04-05,2011-04-11,21213,6,268.0,26.0,seasonal_naive_7d
9,2011-04-05,2011-04-11,21232,6,0.0,12.0,seasonal_naive_7d
9,2011-04-05,2011-04-11,21977,6,421.0,2.0,seasonal_naive_7d
9,2011-04-05,2011-04-11,21980,6,72.0,0.0,seasonal_naive_7d
9,2011-04-05,2011-04-11,21982,6,6.0,0.0,seasonal_naive_7d
9,2011-04-05,2011-04-11,21984,6,0.0,0.0,seasonal_naive_7d
9,2011-04-05,2011-04-11,22197,6,48.0,112.0,seasonal_naive_7d
9,2011-04-05,2011-04-11,84077,6,96.0,0.0,seasonal_naive_7d
9,2011-04-05,2011-04-11,84270,6,0.0,0.0,seasonal_naive_7d
9,2011-04-05,2011-04-11,84347,6,0.0,0.0,seasonal_naive_7d
9,2011-04-05,2011-04-11,84568,6,0.0,0.0,seasonal_naive_7d
9,2011-04-05,2011-04-11,84755,6,80.0,24.0,seasonal_naive_7d
9,2011-04-05,2011-04-11,84879,6,57.0,147.0,seasonal_naive_7d
9,2011-04-05,2011-04-11,84991,6,181.0,50.0,seasonal_naive_7d
9,2011-04-05,2011-04-11,84992,6,52.0,24.0,seasonal_naive_7d
9,2011-04-05,2011-04-11,85099B,6,22.0,329.0,seasonal_naive_7d
9,2011-04-05,2011-04-11,85123A,6,45.0,66.0,seasonal_naive_7d
9,2011-04-05,2011-04-12,17003,7,0.0,110.0,seasonal_naive_7d
9,2011-04-05,2011-04-12,20725,7,61.0,2.0,seasonal_naive_7d
9,2011-04-05,2011-04-12,21212,7,86.0,98.0,seasonal_naive_7d
9,2011-04-05,2011-04-12,21213,7,36.0,51.0,seasonal_naive_7d
9,2011-04-05,2011-04-12,21232,7,16.0,172.0,seasonal_naive_7d
9,2011-04-05,2011-04-12,21977,7,81.0,53.0,seasonal_naive_7d
9,2011-04-05,2011-04-12,21980,7,0.0,96.0,seasonal_naive_7d
9,2011-04-05,2011-04-12,21982,7,0.0,888.0,seasonal_naive_7d
9,2011-04-05,2011-04-12,21984,7,0.0,0.0,seasonal_naive_7d
9,2011-04-05,2011-04-12,22197,7,54.0,124.0,seasonal_naive_7d
9,2011-04-05,2011-04-12,84077,7,336.0,48.0,seasonal_naive_7d
9,2011-04-05,2011-04-12,84270,7,0.0,0.0,seasonal_naive_7d
9,2011-04-05,2011-04-12,84347,7,0.0,0.0,seasonal_naive_7d
9,2011-04-05,2011-04-12,84568,7,0.0,12.0,seasonal_naive_7d
9,2011-04-05,2011-04-12,84755,7,216.0,36.0,seasonal_naive_7d
9,2011-04-05,2011-04-12,84879,7,168.0,248.0,seasonal_naive_7d
9,2011-04-05,2011-04-12,84991,7,52.0,54.0,seasonal_naive_7d
9,2011-04-05,2011-04-12,84992,7,2.0,53.0,seasonal_naive_7d
9,2011-04-05,2011-04-12,85099B,7,120.0,333.0,seasonal_naive_7d
9,2011-04-05,2011-04-12,85123A,7,198.0,51.0,seasonal_naive_7d
9,2011-04-05,2011-04-13,17003,8,0.0,0.0,seasonal_naive_7d
9,2011-04-05,2011-04-13,20725,8,34.0,157.0,seasonal_naive_7d
9,2011-04-05,2011-04-13,21212,8,24.0,78.0,seasonal_naive_7d
9,2011-04-05,2011-04-13,21213,8,0.0,0.0,seasonal_naive_7d
9,2011-04-05,2011-04-13,21232,8,24.0,112.0,seasonal_naive_7d
9,2011-04-05,2011-04-13,21977,8,168.0,121.0,seasonal_naive_7d
9,2011-04-05,2011-04-13,21980,8,24.0,2.0,seasonal_naive_7d
9,2011-04-05,2011-04-13,21982,8,60.0,14.0,seasonal_naive_7d
9,2011-04-05,2011-04-13,21984,8,24.0,2.0,seasonal_naive_7d
9,2011-04-05,2011-04-13,22197,8,25.0,28.0,seasonal_naive_7d
9,2011-04-05,2011-04-13,84077,8,1776.0,144.0,seasonal_naive_7d
9,2011-04-05,2011-04-13,84270,8,0.0,0.0,seasonal_naive_7d
9,2011-04-05,2011-04-13,84347,8,0.0,0.0,seasonal_naive_7d
9,2011-04-05,2011-04-13,84568,8,0.0,1728.0,seasonal_naive_7d
9,2011-04-05,2011-04-13,84755,8,32.0,76.0,seasonal_naive_7d
9,2011-04-05,2011-04-13,84879,8,162.0,24.0,seasonal_naive_7d
9,2011-04-05,2011-04-13,84991,8,0.0,2.0,seasonal_naive_7d
9,2011-04-05,2011-04-13,84992,8,0.0,2.0,seasonal_naive_7d
9,2011-04-05,2011-04-13,85099B,8,40.0,331.0,seasonal_naive_7d
9,2011-04-05,2011-04-13,85123A,8,73.0,68.0,seasonal_naive_7d
9,2011-04-05,2011-04-14,17003,9,36.0,0.0,seasonal_naive_7d
9,2011-04-05,2011-04-14,20725,9,40.0,97.0,seasonal_naive_7d
9,2011-04-05,2011-04-14,21212,9,240.0,94.0,seasonal_naive_7d
9,2011-04-05,2011-04-14,21213,9,49.0,54.0,seasonal_naive_7d
9,2011-04-05,2011-04-14,21232,9,24.0,52.0,seasonal_naive_7d
9,2011-04-05,2011-04-14,21977,9,72.0,53.0,seasonal_naive_7d
9,2011-04-05,2011-04-14,21980,9,24.0,36.0,seasonal_naive_7d
9,2011-04-05,2011-04-14,21982,9,24.0,24.0,seasonal_naive_7d
9,2011-04-05,2011-04-14,21984,9,0.0,24.0,seasonal_naive_7d
9,2011-04-05,2011-04-14,22197,9,640.0,134.0,seasonal_naive_7d
9,2011-04-05,2011-04-14,84077,9,0.0,96.0,seasonal_naive_7d
9,2011-04-05,2011-04-14,84270,9,0.0,0.0,seasonal_naive_7d
9,2011-04-05,2011-04-14,84347,9,0.0,3.0,seasonal_naive_7d
9,2011-04-05,2011-04-14,84568,9,0.0,6.0,seasonal_naive_7d
9,2011-04-05,2011-04-14,84755,9,240.0,12.0,seasonal_naive_7d
9,2011-04-05,2011-04-14,84879,9,280.0,324.0,seasonal_naive_7d
9,2011-04-05,2011-04-14,84991,9,120.0,80.0,seasonal_naive_7d
9,2011-04-05,2011-04-14,84992,9,25.0,25.0,seasonal_naive_7d
9,2011-04-05,2011-04-14,85099B,9,148.0,40.0,seasonal_naive_7d
9,2011-04-05,2011-04-14,85123A,9,127.0,75.0,seasonal_naive_7d
9,2011-04-05,2011-04-15,17003,10,36.0,0.0,seasonal_naive_7d
9,2011-04-05,2011-04-15,20725,10,73.0,40.0,seasonal_naive_7d
9,2011-04-05,2011-04-15,21212,10,65.0,30.0,seasonal_naive_7d
9,2011-04-05,2011-04-15,21213,10,6.0,7.0,seasonal_naive_7d
9,2011-04-05,2011-04-15,21232,10,89.0,36.0,seasonal_naive_7d
9,2011-04-05,2011-04-15,21977,10,5.0,48.0,seasonal_naive_7d
9,2011-04-05,2011-04-15,21980,10,26.0,84.0,seasonal_naive_7d
9,2011-04-05,2011-04-15,21982,10,0.0,60.0,seasonal_naive_7d
9,2011-04-05,2011-04-15,21984,10,0.0,24.0,seasonal_naive_7d
9,2011-04-05,2011-04-15,22197,10,14.0,136.0,seasonal_naive_7d
9,2011-04-05,2011-04-15,84077,10,48.0,2304.0,seasonal_naive_7d
9,2011-04-05,2011-04-15,84270,10,0.0,0.0,seasonal_naive_7d
9,2011-04-05,2011-04-15,84347,10,0.0,0.0,seasonal_naive_7d
9,2011-04-05,2011-04-15,84568,10,0.0,0.0,seasonal_naive_7d
9,2011-04-05,2011-04-15,84755,10,40.0,32.0,seasonal_naive_7d
9,2011-04-05,2011-04-15,84879,10,24.0,117.0,seasonal_naive_7d
9,2011-04-05,2011-04-15,84991,10,108.0,146.0,seasonal_naive_7d
9,2011-04-05,2011-04-15,84992,10,0.0,98.0,seasonal_naive_7d
9,2011-04-05,2011-04-15,85099B,10,66.0,16.0,seasonal_naive_7d
9,2011-04-05,2011-04-15,85123A,10,8.0,133.0,seasonal_naive_7d
9,2011-04-05,2011-04-16,17003,11,0.0,0.0,seasonal_naive_7d
9,2011-04-05,2011-04-16,20725,11,0.0,0.0,seasonal_naive_7d
9,2011-04-05,2011-04-16,21212,11,0.0,0.0,seasonal_naive_7d
9,2011-04-05,2011-04-16,21213,11,0.0,0.0,seasonal_naive_7d
9,2011-04-05,2011-04-16,21232,11,0.0,0.0,seasonal_naive_7d
9,2011-04-05,2011-04-16,21977,11,0.0,0.0,seasonal_naive_7d
9,2011-04-05,2011-04-16,21980,11,0.0,0.0,seasonal_naive_7d
9,2011-04-05,2011-04-16,21982,11,0.0,0.0,seasonal_naive_7d
9,2011-04-05,2011-04-16,21984,11,0.0,0.0,seasonal_naive_7d
9,2011-04-05,2011-04-16,22197,11,0.0,0.0,seasonal_naive_7d
9,2011-04-05,2011-04-16,84077,11,0.0,0.0,seasonal_naive_7d
9,2011-04-05,2011-04-16,84270,11,0.0,0.0,seasonal_naive_7d
9,2011-04-05,2011-04-16,84347,11,0.0,0.0,seasonal_naive_7d
9,2011-04-05,2011-04-16,84568,11,0.0,0.0,seasonal_naive_7d
9,2011-04-05,2011-04-16,84755,11,0.0,0.0,seasonal_naive_7d
9,2011-04-05,2011-04-16,84879,11,0.0,0.0,seasonal_naive_7d
9,2011-04-05,2011-04-16,84991,11,0.0,0.0,seasonal_naive_7d
9,2011-04-05,2011-04-16,84992,11,0.0,0.0,seasonal_naive_7d
9,2011-04-05,2011-04-16,85099B,11,0.0,0.0,seasonal_naive_7d
9,2011-04-05,2011-04-16,85123A,11,0.0,0.0,seasonal_naive_7d
9,2011-04-05,2011-04-17,17003,12,0.0,13.0,seasonal_naive_7d
9,2011-04-05,2011-04-17,20725,12,3.0,11.0,seasonal_naive_7d
9,2011-04-05,2011-04-17,21212,12,54.0,9.0,seasonal_naive_7d
9,2011-04-05,2011-04-17,21213,12,4.0,8.0,seasonal_naive_7d
9,2011-04-05,2011-04-17,21232,12,25.0,7.0,seasonal_naive_7d
9,2011-04-05,2011-04-17,21977,12,4.0,11.0,seasonal_naive_7d
9,2011-04-05,2011-04-17,21980,12,0.0,1.0,seasonal_naive_7d
9,2011-04-05,2011-04-17,21982,12,0.0,7.0,seasonal_naive_7d
9,2011-04-05,2011-04-17,21984,12,0.0,2.0,seasonal_naive_7d
9,2011-04-05,2011-04-17,22197,12,3.0,43.0,seasonal_naive_7d
9,2011-04-05,2011-04-17,84077,12,192.0,576.0,seasonal_naive_7d
9,2011-04-05,2011-04-17,84270,12,0.0,0.0,seasonal_naive_7d
9,2011-04-05,2011-04-17,84347,12,0.0,0.0,seasonal_naive_7d
9,2011-04-05,2011-04-17,84568,12,288.0,0.0,seasonal_naive_7d
9,2011-04-05,2011-04-17,84755,12,24.0,6.0,seasonal_naive_7d
9,2011-04-05,2011-04-17,84879,12,124.0,0.0,seasonal_naive_7d
9,2011-04-05,2011-04-17,84991,12,16.0,8.0,seasonal_naive_7d
9,2011-04-05,2011-04-17,84992,12,0.0,3.0,seasonal_naive_7d
9,2011-04-05,2011-04-17,85099B,12,220.0,10.0,seasonal_naive_7d
9,2011-04-05,2011-04-17,85123A,12,23.0,77.0,seasonal_naive_7d
9,2011-04-05,2011-04-18,17003,13,0.0,0.0,seasonal_naive_7d
9,2011-04-05,2011-04-18,20725,13,143.0,42.0,seasonal_naive_7d
9,2011-04-05,2011-04-18,21212,13,208.0,295.0,seasonal_naive_7d
9,2011-04-05,2011-04-18,21213,13,0.0,26.0,seasonal_naive_7d
9,2011-04-05,2011-04-18,21232,13,73.0,12.0,seasonal_naive_7d
9,2011-04-05,2011-04-18,21977,13,76.0,2.0,seasonal_naive_7d
9,2011-04-05,2011-04-18,21980,13,12.0,0.0,seasonal_naive_7d
9,2011-04-05,2011-04-18,21982,13,0.0,0.0,seasonal_naive_7d
9,2011-04-05,2011-04-18,21984,13,0.0,0.0,seasonal_naive_7d
9,2011-04-05,2011-04-18,22197,13,46.0,112.0,seasonal_naive_7d
9,2011-04-05,2011-04-18,84077,13,626.0,0.0,seasonal_naive_7d
9,2011-04-05,2011-04-18,84270,13,0.0,0.0,seasonal_naive_7d
9,2011-04-05,2011-04-18,84347,13,6.0,0.0,seasonal_naive_7d
9,2011-04-05,2011-04-18,84568,13,18.0,0.0,seasonal_naive_7d
9,2011-04-05,2011-04-18,84755,13,68.0,24.0,seasonal_naive_7d
9,2011-04-05,2011-04-18,84879,13,60.0,147.0,seasonal_naive_7d
9,2011-04-05,2011-04-18,84991,13,57.0,50.0,seasonal_naive_7d
9,2011-04-05,2011-04-18,84992,13,26.0,24.0,seasonal_naive_7d
9,2011-04-05,2011-04-18,85099B,13,169.0,329.0,seasonal_naive_7d
9,2011-04-05,2011-04-18,85123A,13,2102.0,66.0,seasonal_naive_7d
9,2011-04-05,2011-04-19,17003,14,7.0,110.0,seasonal_naive_7d
9,2011-04-05,2011-04-19,20725,14,36.0,2.0,seasonal_naive_7d
9,2011-04-05,2011-04-19,21212,14,79.0,98.0,seasonal_naive_7d
9,2011-04-05,2011-04-19,21213,14,5.0,51.0,seasonal_naive_7d
9,2011-04-05,2011-04-19,21232,14,1.0,172.0,seasonal_naive_7d
9,2011-04-05,2011-04-19,21977,14,51.0,53.0,seasonal_naive_7d
9,2011-04-05,2011-04-19,21980,14,24.0,96.0,seasonal_naive_7d
9,2011-04-05,2011-04-19,21982,14,0.0,888.0,seasonal_naive_7d
9,2011-04-05,2011-04-19,21984,14,0.0,0.0,seasonal_naive_7d
9,2011-04-05,2011-04-19,22197,14,6.0,124.0,seasonal_naive_7d
9,2011-04-05,2011-04-19,84077,14,53.0,48.0,seasonal_naive_7d
9,2011-04-05,2011-04-19,84270,14,0.0,0.0,seasonal_naive_7d
9,2011-04-05,2011-04-19,84347,14,0.0,0.0,seasonal_naive_7d
9,2011-04-05,2011-04-19,84568,14,0.0,12.0,seasonal_naive_7d
9,2011-04-05,2011-04-19,84755,14,304.0,36.0,seasonal_naive_7d
9,2011-04-05,2011-04-19,84879,14,248.0,248.0,seasonal_naive_7d
9,2011-04-05,2011-04-19,84991,14,26.0,54.0,seasonal_naive_7d
9,2011-04-05,2011-04-19,84992,14,30.0,53.0,seasonal_naive_7d
9,2011-04-05,2011-04-19,85099B,14,146.0,333.0,seasonal_naive_7d
9,2011-04-05,2011-04-19,85123A,14,110.0,51.0,seasonal_naive_7d
10,2011-04-19,2011-04-20,17003,1,0.0,0.0,seasonal_naive_7d
10,2011-04-19,2011-04-20,20725,1,85.0,34.0,seasonal_naive_7d
10,2011-04-19,2011-04-20,21212,1,1108.0,24.0,seasonal_naive_7d
10,2011-04-19,2011-04-20,21213,1,993.0,0.0,seasonal_naive_7d
10,2011-04-19,2011-04-20,21232,1,12.0,24.0,seasonal_naive_7d
10,2011-04-19,2011-04-20,21977,1,1046.0,168.0,seasonal_naive_7d
10,2011-04-19,2011-04-20,21980,1,24.0,24.0,seasonal_naive_7d
10,2011-04-19,2011-04-20,21982,1,24.0,60.0,seasonal_naive_7d
10,2011-04-19,2011-04-20,21984,1,24.0,24.0,seasonal_naive_7d
10,2011-04-19,2011-04-20,22197,1,48.0,25.0,seasonal_naive_7d
10,2011-04-19,2011-04-20,84077,1,48.0,1776.0,seasonal_naive_7d
10,2011-04-19,2011-04-20,84270,1,0.0,0.0,seasonal_naive_7d
10,2011-04-19,2011-04-20,84347,1,0.0,0.0,seasonal_naive_7d
10,2011-04-19,2011-04-20,84568,1,0.0,0.0,seasonal_naive_7d
10,2011-04-19,2011-04-20,84755,1,48.0,32.0,seasonal_naive_7d
10,2011-04-19,2011-04-20,84879,1,16.0,162.0,seasonal_naive_7d
10,2011-04-19,2011-04-20,84991,1,1069.0,0.0,seasonal_naive_7d
10,2011-04-19,2011-04-20,84992,1,506.0,0.0,seasonal_naive_7d
10,2011-04-19,2011-04-20,85099B,1,110.0,40.0,seasonal_naive_7d
10,2011-04-19,2011-04-20,85123A,1,73.0,73.0,seasonal_naive_7d
10,2011-04-19,2011-04-21,17003,2,4.0,36.0,seasonal_naive_7d
10,2011-04-19,2011-04-21,20725,2,104.0,40.0,seasonal_naive_7d
10,2011-04-19,2011-04-21,21212,2,26.0,240.0,seasonal_naive_7d
10,2011-04-19,2011-04-21,21213,2,25.0,49.0,seasonal_naive_7d
10,2011-04-19,2011-04-21,21232,2,53.0,24.0,seasonal_naive_7d
10,2011-04-19,2011-04-21,21977,2,148.0,72.0,seasonal_naive_7d
10,2011-04-19,2011-04-21,21980,2,36.0,24.0,seasonal_naive_7d
10,2011-04-19,2011-04-21,21982,2,2.0,24.0,seasonal_naive_7d
10,2011-04-19,2011-04-21,21984,2,1.0,0.0,seasonal_naive_7d
10,2011-04-19,2011-04-21,22197,2,132.0,640.0,seasonal_naive_7d
10,2011-04-19,2011-04-21,84077,2,1200.0,0.0,seasonal_naive_7d
10,2011-04-19,2011-04-21,84270,2,0.0,0.0,seasonal_naive_7d
10,2011-04-19,2011-04-21,84347,2,0.0,0.0,seasonal_naive_7d
10,2011-04-19,2011-04-21,84568,2,18.0,0.0,seasonal_naive_7d
10,2011-04-19,2011-04-21,84755,2,184.0,240.0,seasonal_naive_7d
10,2011-04-19,2011-04-21,84879,2,288.0,280.0,seasonal_naive_7d
10,2011-04-19,2011-04-21,84991,2,30.0,120.0,seasonal_naive_7d
10,2011-04-19,2011-04-21,84992,2,0.0,25.0,seasonal_naive_7d
10,2011-04-19,2011-04-21,85099B,2,124.0,148.0,seasonal_naive_7d
10,2011-04-19,2011-04-21,85123A,2,137.0,127.0,seasonal_naive_7d
10,2011-04-19,2011-04-22,17003,3,0.0,36.0,seasonal_naive_7d
10,2011-04-19,2011-04-22,20725,3,0.0,73.0,seasonal_naive_7d
10,2011-04-19,2011-04-22,21212,3,0.0,65.0,seasonal_naive_7d
10,2011-04-19,2011-04-22,21213,3,0.0,6.0,seasonal_naive_7d
10,2011-04-19,2011-04-22,21232,3,0.0,89.0,seasonal_naive_7d
10,2011-04-19,2011-04-22,21977,3,0.0,5.0,seasonal_naive_7d
10,2011-04-19,2011-04-22,21980,3,0.0,26.0,seasonal_naive_7d
10,2011-04-19,2011-04-22,21982,3,0.0,0.0,seasonal_naive_7d
10,2011-04-19,2011-04-22,21984,3,0.0,0.0,seasonal_naive_7d
10,2011-04-19,2011-04-22,22197,3,0.0,14.0,seasonal_naive_7d
10,2011-04-19,2011-04-22,84077,3,0.0,48.0,seasonal_naive_7d
10,2011-04-19,2011-04-22,84270,3,0.0,0.0,seasonal_naive_7d
10,2011-04-19,2011-04-22,84347,3,0.0,0.0,seasonal_naive_7d
10,2011-04-19,2011-04-22,84568,3,0.0,0.0,seasonal_naive_7d
10,2011-04-19,2011-04-22,84755,3,0.0,40.0,seasonal_naive_7d
10,2011-04-19,2011-04-22,84879,3,0.0,24.0,seasonal_naive_7d
10,2011-04-19,2011-04-22,84991,3,0.0,108.0,seasonal_naive_7d
10,2011-04-19,2011-04-22,84992,3,0.0,0.0,seasonal_naive_7d
10,2011-04-19,2011-04-22,85099B,3,0.0,66.0,seasonal_naive_7d
10,2011-04-19,2011-04-22,85123A,3,0.0,8.0,seasonal_naive_7d
10,2011-04-19,2011-04-23,17003,4,0.0,0.0,seasonal_naive_7d
10,2011-04-19,2011-04-23,20725,4,0.0,0.0,seasonal_naive_7d
10,2011-04-19,2011-04-23,21212,4,0.0,0.0,seasonal_naive_7d
10,2011-04-19,2011-04-23,21213,4,0.0,0.0,seasonal_naive_7d
10,2011-04-19,2011-04-23,21232,4,0.0,0.0,seasonal_naive_7d
10,2011-04-19,2011-04-23,21977,4,0.0,0.0,seasonal_naive_7d
10,2011-04-19,2011-04-23,21980,4,0.0,0.0,seasonal_naive_7d
10,2011-04-19,2011-04-23,21982,4,0.0,0.0,seasonal_naive_7d
10,2011-04-19,2011-04-23,21984,4,0.0,0.0,seasonal_naive_7d
10,2011-04-19,2011-04-23,22197,4,0.0,0.0,seasonal_naive_7d
10,2011-04-19,2011-04-23,84077,4,0.0,0.0,seasonal_naive_7d
10,2011-04-19,2011-04-23,84270,4,0.0,0.0,seasonal_naive_7d
10,2011-04-19,2011-04-23,84347,4,0.0,0.0,seasonal_naive_7d
10,2011-04-19,2011-04-23,84568,4,0.0,0.0,seasonal_naive_7d
10,2011-04-19,2011-04-23,84755,4,0.0,0.0,seasonal_naive_7d
10,2011-04-19,2011-04-23,84879,4,0.0,0.0,seasonal_naive_7d
10,2011-04-19,2011-04-23,84991,4,0.0,0.0,seasonal_naive_7d
10,2011-04-19,2011-04-23,84992,4,0.0,0.0,seasonal_naive_7d
10,2011-04-19,2011-04-23,85099B,4,0.0,0.0,seasonal_naive_7d
10,2011-04-19,2011-04-23,85123A,4,0.0,0.0,seasonal_naive_7d
10,2011-04-19,2011-04-24,17003,5,0.0,0.0,seasonal_naive_7d
10,2011-04-19,2011-04-24,20725,5,0.0,3.0,seasonal_naive_7d
10,2011-04-19,2011-04-24,21212,5,0.0,54.0,seasonal_naive_7d
10,2011-04-19,2011-04-24,21213,5,0.0,4.0,seasonal_naive_7d
10,2011-04-19,2011-04-24,21232,5,0.0,25.0,seasonal_naive_7d
10,2011-04-19,2011-04-24,21977,5,0.0,4.0,seasonal_naive_7d
10,2011-04-19,2011-04-24,21980,5,0.0,0.0,seasonal_naive_7d
10,2011-04-19,2011-04-24,21982,5,0.0,0.0,seasonal_naive_7d
10,2011-04-19,2011-04-24,21984,5,0.0,0.0,seasonal_naive_7d
10,2011-04-19,2011-04-24,22197,5,0.0,3.0,seasonal_naive_7d
10,2011-04-19,2011-04-24,84077,5,0.0,192.0,seasonal_naive_7d
10,2011-04-19,2011-04-24,84270,5,0.0,0.0,seasonal_naive_7d
10,2011-04-19,2011-04-24,84347,5,0.0,0.0,seasonal_naive_7d
10,2011-04-19,2011-04-24,84568,5,0.0,288.0,seasonal_naive_7d
10,2011-04-19,2011-04-24,84755,5,0.0,24.0,seasonal_naive_7d
10,2011-04-19,2011-04-24,84879,5,0.0,124.0,seasonal_naive_7d
10,2011-04-19,2011-04-24,84991,5,0.0,16.0,seasonal_naive_7d
10,2011-04-19,2011-04-24,84992,5,0.0,0.0,seasonal_naive_7d
10,2011-04-19,2011-04-24,85099B,5,0.0,220.0,seasonal_naive_7d
10,2011-04-19,2011-04-24,85123A,5,0.0,23.0,seasonal_naive_7d
10,2011-04-19,2011-04-25,17003,6,0.0,0.0,seasonal_naive_7d
10,2011-04-19,2011-04-25,20725,6,0.0,143.0,seasonal_naive_7d
10,2011-04-19,2011-04-25,21212,6,0.0,208.0,seasonal_naive_7d
10,2011-04-19,2011-04-25,21213,6,0.0,0.0,seasonal_naive_7d
10,2011-04-19,2011-04-25,21232,6,0.0,73.0,seasonal_naive_7d
10,2011-04-19,2011-04-25,21977,6,0.0,76.0,seasonal_naive_7d
10,2011-04-19,2011-04-25,21980,6,0.0,12.0,seasonal_naive_7d
10,2011-04-19,2011-04-25,21982,6,0.0,0.0,seasonal_naive_7d
10,2011-04-19,2011-04-25,21984,6,0.0,0.0,seasonal_naive_7d
10,2011-04-19,2011-04-25,22197,6,0.0,46.0,seasonal_naive_7d
10,2011-04-19,2011-04-25,84077,6,0.0,626.0,seasonal_naive_7d
10,2011-04-19,2011-04-25,84270,6,0.0,0.0,seasonal_naive_7d
10,2011-04-19,2011-04-25,84347,6,0.0,6.0,seasonal_naive_7d
10,2011-04-19,2011-04-25,84568,6,0.0,18.0,seasonal_naive_7d
10,2011-04-19,2011-04-25,84755,6,0.0,68.0,seasonal_naive_7d
10,2011-04-19,2011-04-25,84879,6,0.0,60.0,seasonal_naive_7d
10,2011-04-19,2011-04-25,84991,6,0.0,57.0,seasonal_naive_7d
10,2011-04-19,2011-04-25,84992,6,0.0,26.0,seasonal_naive_7d
10,2011-04-19,2011-04-25,85099B,6,0.0,169.0,seasonal_naive_7d
10,2011-04-19,2011-04-25,85123A,6,0.0,2102.0,seasonal_naive_7d
10,2011-04-19,2011-04-26,17003,7,15.0,7.0,seasonal_naive_7d
10,2011-04-19,2011-04-26,20725,7,62.0,36.0,seasonal_naive_7d
10,2011-04-19,2011-04-26,21212,7,139.0,79.0,seasonal_naive_7d
10,2011-04-19,2011-04-26,21213,7,32.0,5.0,seasonal_naive_7d
10,2011-04-19,2011-04-26,21232,7,18.0,1.0,seasonal_naive_7d
10,2011-04-19,2011-04-26,21977,7,150.0,51.0,seasonal_naive_7d
10,2011-04-19,2011-04-26,21980,7,36.0,24.0,seasonal_naive_7d
10,2011-04-19,2011-04-26,21982,7,12.0,0.0,seasonal_naive_7d
10,2011-04-19,2011-04-26,21984,7,0.0,0.0,seasonal_naive_7d
10,2011-04-19,2011-04-26,22197,7,50.0,6.0,seasonal_naive_7d
10,2011-04-19,2011-04-26,84077,7,1248.0,53.0,seasonal_naive_7d
10,2011-04-19,2011-04-26,84270,7,0.0,0.0,seasonal_naive_7d
10,2011-04-19,2011-04-26,84347,7,0.0,0.0,seasonal_naive_7d
10,2011-04-19,2011-04-26,84568,7,0.0,0.0,seasonal_naive_7d
10,2011-04-19,2011-04-26,84755,7,76.0,304.0,seasonal_naive_7d
10,2011-04-19,2011-04-26,84879,7,111.0,248.0,seasonal_naive_7d
10,2011-04-19,2011-04-26,84991,7,48.0,26.0,seasonal_naive_7d
10,2011-04-19,2011-04-26,84992,7,35.0,30.0,seasonal_naive_7d
10,2011-04-19,2011-04-26,85099B,7,190.0,146.0,seasonal_naive_7d
10,2011-04-19,2011-04-26,85123A,7,179.0,110.0,seasonal_naive_7d
10,2011-04-19,2011-04-27,17003,8,108.0,0.0,seasonal_naive_7d
10,2011-04-19,2011-04-27,20725,8,69.0,34.0,seasonal_naive_7d
10,2011-04-19,2011-04-27,21212,8,53.0,24.0,seasonal_naive_7d
10,2011-04-19,2011-04-27,21213,8,0.0,0.0,seasonal_naive_7d
10,2011-04-19,2011-04-27,21232,8,180.0,24.0,seasonal_naive_7d
10,2011-04-19,2011-04-27,21977,8,9.0,168.0,seasonal_naive_7d
10,2011-04-19,2011-04-27,21980,8,0.0,24.0,seasonal_naive_7d
10,2011-04-19,2011-04-27,21982,8,12.0,60.0,seasonal_naive_7d
10,2011-04-19,2011-04-27,21984,8,24.0,24.0,seasonal_naive_7d
10,2011-04-19,2011-04-27,22197,8,60.0,25.0,seasonal_naive_7d
10,2011-04-19,2011-04-27,84077,8,1152.0,1776.0,seasonal_naive_7d
10,2011-04-19,2011-04-27,84270,8,0.0,0.0,seasonal_naive_7d
10,2011-04-19,2011-04-27,84347,8,0.0,0.0,seasonal_naive_7d
10,2011-04-19,2011-04-27,84568,8,0.0,0.0,seasonal_naive_7d
10,2011-04-19,2011-04-27,84755,8,94.0,32.0,seasonal_naive_7d
10,2011-04-19,2011-04-27,84879,8,88.0,162.0,seasonal_naive_7d
10,2011-04-19,2011-04-27,84991,8,28.0,0.0,seasonal_naive_7d
10,2011-04-19,2011-04-27,84992,8,6.0,0.0,seasonal_naive_7d
10,2011-04-19,2011-04-27,85099B,8,67.0,40.0,seasonal_naive_7d
10,2011-04-19,2011-04-27,85123A,8,73.0,73.0,seasonal_naive_7d
10,2011-04-19,2011-04-28,17003,9,144.0,36.0,seasonal_naive_7d
10,2011-04-19,2011-04-28,20725,9,23.0,40.0,seasonal_naive_7d
10,2011-04-19,2011-04-28,21212,9,99.0,240.0,seasonal_naive_7d
10,2011-04-19,2011-04-28,21213,9,120.0,49.0,seasonal_naive_7d
10,2011-04-19,2011-04-28,21232,9,16.0,24.0,seasonal_naive_7d
10,2011-04-19,2011-04-28,21977,9,96.0,72.0,seasonal_naive_7d
10,2011-04-19,2011-04-28,21980,9,108.0,24.0,seasonal_naive_7d
10,2011-04-19,2011-04-28,21982,9,96.0,24.0,seasonal_naive_7d
10,2011-04-19,2011-04-28,21984,9,0.0,0.0,seasonal_naive_7d
10,2011-04-19,2011-04-28,22197,9,0.0,640.0,seasonal_naive_7d
10,2011-04-19,2011-04-28,84077,9,192.0,0.0,seasonal_naive_7d
10,2011-04-19,2011-04-28,84270,9,0.0,0.0,seasonal_naive_7d
10,2011-04-19,2011-04-28,84347,9,0.0,0.0,seasonal_naive_7d
10,2011-04-19,2011-04-28,84568,9,0.0,0.0,seasonal_naive_7d
10,2011-04-19,2011-04-28,84755,9,128.0,240.0,seasonal_naive_7d
10,2011-04-19,2011-04-28,84879,9,64.0,280.0,seasonal_naive_7d
10,2011-04-19,2011-04-28,84991,9,146.0,120.0,seasonal_naive_7d
10,2011-04-19,2011-04-28,84992,9,2.0,25.0,seasonal_naive_7d
10,2011-04-19,2011-04-28,85099B,9,33.0,148.0,seasonal_naive_7d
10,2011-04-19,2011-04-28,85123A,9,111.0,127.0,seasonal_naive_7d
10,2011-04-19,2011-04-29,17003,10,0.0,36.0,seasonal_naive_7d
10,2011-04-19,2011-04-29,20725,10,0.0,73.0,seasonal_naive_7d
10,2011-04-19,2011-04-29,21212,10,0.0,65.0,seasonal_naive_7d
10,2011-04-19,2011-04-29,21213,10,0.0,6.0,seasonal_naive_7d
10,2011-04-19,2011-04-29,21232,10,0.0,89.0,seasonal_naive_7d
10,2011-04-19,2011-04-29,21977,10,0.0,5.0,seasonal_naive_7d
10,2011-04-19,2011-04-29,21980,10,0.0,26.0,seasonal_naive_7d
10,2011-04-19,2011-04-29,21982,10,0.0,0.0,seasonal_naive_7d
10,2011-04-19,2011-04-29,21984,10,0.0,0.0,seasonal_naive_7d
10,2011-04-19,2011-04-29,22197,10,0.0,14.0,seasonal_naive_7d
10,2011-04-19,2011-04-29,84077,10,0.0,48.0,seasonal_naive_7d
10,2011-04-19,2011-04-29,84270,10,0.0,0.0,seasonal_naive_7d
10,2011-04-19,2011-04-29,84347,10,0.0,0.0,seasonal_naive_7d
10,2011-04-19,2011-04-29,84568,10,0.0,0.0,seasonal_naive_7d
10,2011-04-19,2011-04-29,84755,10,0.0,40.0,seasonal_naive_7d
10,2011-04-19,2011-04-29,84879,10,0.0,24.0,seasonal_naive_7d
10,2011-04-19,2011-04-29,84991,10,0.0,108.0,seasonal_naive_7d
10,2011-04-19,2011-04-29,84992,10,0.0,0.0,seasonal_naive_7d
10,2011-04-19,2011-04-29,85099B,10,0.0,66.0,seasonal_naive_7d
10,2011-04-19,2011-04-29,85123A,10,0.0,8.0,seasonal_naive_7d
10,2011-04-19,2011-04-30,17003,11,0.0,0.0,seasonal_naive_7d
10,2011-04-19,2011-04-30,20725,11,0.0,0.0,seasonal_naive_7d
10,2011-04-19,2011-04-30,21212,11,0.0,0.0,seasonal_naive_7d
10,2011-04-19,2011-04-30,21213,11,0.0,0.0,seasonal_naive_7d
10,2011-04-19,2011-04-30,21232,11,0.0,0.0,seasonal_naive_7d
10,2011-04-19,2011-04-30,21977,11,0.0,0.0,seasonal_naive_7d
10,2011-04-19,2011-04-30,21980,11,0.0,0.0,seasonal_naive_7d
10,2011-04-19,2011-04-30,21982,11,0.0,0.0,seasonal_naive_7d
10,2011-04-19,2011-04-30,21984,11,0.0,0.0,seasonal_naive_7d
10,2011-04-19,2011-04-30,22197,11,0.0,0.0,seasonal_naive_7d
10,2011-04-19,2011-04-30,84077,11,0.0,0.0,seasonal_naive_7d
10,2011-04-19,2011-04-30,84270,11,0.0,0.0,seasonal_naive_7d
10,2011-04-19,2011-04-30,84347,11,0.0,0.0,seasonal_naive_7d
10,2011-04-19,2011-04-30,84568,11,0.0,0.0,seasonal_naive_7d
10,2011-04-19,2011-04-30,84755,11,0.0,0.0,seasonal_naive_7d
10,2011-04-19,2011-04-30,84879,11,0.0,0.0,seasonal_naive_7d
10,2011-04-19,2011-04-30,84991,11,0.0,0.0,seasonal_naive_7d
10,2011-04-19,2011-04-30,84992,11,0.0,0.0,seasonal_naive_7d
10,2011-04-19,2011-04-30,85099B,11,0.0,0.0,seasonal_naive_7d
10,2011-04-19,2011-04-30,85123A,11,0.0,0.0,seasonal_naive_7d
10,2011-04-19,2011-05-01,17003,12,0.0,0.0,seasonal_naive_7d
10,2011-04-19,2011-05-01,20725,12,10.0,3.0,seasonal_naive_7d
10,2011-04-19,2011-05-01,21212,12,24.0,54.0,seasonal_naive_7d
10,2011-04-19,2011-05-01,21213,12,0.0,4.0,seasonal_naive_7d
10,2011-04-19,2011-05-01,21232,12,0.0,25.0,seasonal_naive_7d
10,2011-04-19,2011-05-01,21977,12,0.0,4.0,seasonal_naive_7d
10,2011-04-19,2011-05-01,21980,12,0.0,0.0,seasonal_naive_7d
10,2011-04-19,2011-05-01,21982,12,24.0,0.0,seasonal_naive_7d
10,2011-04-19,2011-05-01,21984,12,0.0,0.0,seasonal_naive_7d
10,2011-04-19,2011-05-01,22197,12,200.0,3.0,seasonal_naive_7d
10,2011-04-19,2011-05-01,84077,12,0.0,192.0,seasonal_naive_7d
10,2011-04-19,2011-05-01,84270,12,0.0,0.0,seasonal_naive_7d
10,2011-04-19,2011-05-01,84347,12,0.0,0.0,seasonal_naive_7d
10,2011-04-19,2011-05-01,84568,12,0.0,288.0,seasonal_naive_7d
10,2011-04-19,2011-05-01,84755,12,0.0,24.0,seasonal_naive_7d
10,2011-04-19,2011-05-01,84879,12,1.0,124.0,seasonal_naive_7d
10,2011-04-19,2011-05-01,84991,12,24.0,16.0,seasonal_naive_7d
10,2011-04-19,2011-05-01,84992,12,0.0,0.0,seasonal_naive_7d
10,2011-04-19,2011-05-01,85099B,12,95.0,220.0,seasonal_naive_7d
10,2011-04-19,2011-05-01,85123A,12,12.0,23.0,seasonal_naive_7d
10,2011-04-19,2011-05-02,17003,13,0.0,0.0,seasonal_naive_7d
10,2011-04-19,2011-05-02,20725,13,0.0,143.0,seasonal_naive_7d
10,2011-04-19,2011-05-02,21212,13,0.0,208.0,seasonal_naive_7d
10,2011-04-19,2011-05-02,21213,13,0.0,0.0,seasonal_naive_7d
10,2011-04-19,2011-05-02,21232,13,0.0,73.0,seasonal_naive_7d
10,2011-04-19,2011-05-02,21977,13,0.0,76.0,seasonal_naive_7d
10,2011-04-19,2011-05-02,21980,13,0.0,12.0,seasonal_naive_7d
10,2011-04-19,2011-05-02,21982,13,0.0,0.0,seasonal_naive_7d
10,2011-04-19,2011-05-02,21984,13,0.0,0.0,seasonal_naive_7d
10,2011-04-19,2011-05-02,22197,13,0.0,46.0,seasonal_naive_7d
10,2011-04-19,2011-05-02,84077,13,0.0,626.0,seasonal_naive_7d
10,2011-04-19,2011-05-02,84270,13,0.0,0.0,seasonal_naive_7d
10,2011-04-19,2011-05-02,84347,13,0.0,6.0,seasonal_naive_7d
10,2011-04-19,2011-05-02,84568,13,0.0,18.0,seasonal_naive_7d
10,2011-04-19,2011-05-02,84755,13,0.0,68.0,seasonal_naive_7d
10,2011-04-19,2011-05-02,84879,13,0.0,60.0,seasonal_naive_7d
10,2011-04-19,2011-05-02,84991,13,0.0,57.0,seasonal_naive_7d
10,2011-04-19,2011-05-02,84992,13,0.0,26.0,seasonal_naive_7d
10,2011-04-19,2011-05-02,85099B,13,0.0,169.0,seasonal_naive_7d
10,2011-04-19,2011-05-02,85123A,13,0.0,2102.0,seasonal_naive_7d
10,2011-04-19,2011-05-03,17003,14,6.0,7.0,seasonal_naive_7d
10,2011-04-19,2011-05-03,20725,14,75.0,36.0,seasonal_naive_7d
10,2011-04-19,2011-05-03,21212,14,116.0,79.0,seasonal_naive_7d
10,2011-04-19,2011-05-03,21213,14,231.0,5.0,seasonal_naive_7d
10,2011-04-19,2011-05-03,21232,14,22.0,1.0,seasonal_naive_7d
10,2011-04-19,2011-05-03,21977,14,50.0,51.0,seasonal_naive_7d
10,2011-04-19,2011-05-03,21980,14,0.0,24.0,seasonal_naive_7d
10,2011-04-19,2011-05-03,21982,14,0.0,0.0,seasonal_naive_7d
10,2011-04-19,2011-05-03,21984,14,1.0,0.0,seasonal_naive_7d
10,2011-04-19,2011-05-03,22197,14,39.0,6.0,seasonal_naive_7d
10,2011-04-19,2011-05-03,84077,14,48.0,53.0,seasonal_naive_7d
10,2011-04-19,2011-05-03,84270,14,0.0,0.0,seasonal_naive_7d
10,2011-04-19,2011-05-03,84347,14,0.0,0.0,seasonal_naive_7d
10,2011-04-19,2011-05-03,84568,14,0.0,0.0,seasonal_naive_7d
10,2011-04-19,2011-05-03,84755,14,48.0,304.0,seasonal_naive_7d
10,2011-04-19,2011-05-03,84879,14,52.0,248.0,seasonal_naive_7d
10,2011-04-19,2011-05-03,84991,14,28.0,26.0,seasonal_naive_7d
10,2011-04-19,2011-05-03,84992,14,2.0,30.0,seasonal_naive_7d
10,2011-04-19,2011-05-03,85099B,14,51.0,146.0,seasonal_naive_7d
10,2011-04-19,2011-05-03,85123A,14,317.0,110.0,seasonal_naive_7d
11,2011-05-03,2011-05-04,17003,1,36.0,108.0,seasonal_naive_7d
11,2011-05-03,2011-05-04,20725,1,1.0,69.0,seasonal_naive_7d
11,2011-05-03,2011-05-04,21212,1,56.0,53.0,seasonal_naive_7d
11,2011-05-03,2011-05-04,21213,1,48.0,0.0,seasonal_naive_7d
11,2011-05-03,2011-05-04,21232,1,144.0,180.0,seasonal_naive_7d
11,2011-05-03,2011-05-04,21977,1,48.0,9.0,seasonal_naive_7d
11,2011-05-03,2011-05-04,21980,1,12.0,0.0,seasonal_naive_7d
11,2011-05-03,2011-05-04,21982,1,0.0,12.0,seasonal_naive_7d
11,2011-05-03,2011-05-04,21984,1,0.0,24.0,seasonal_naive_7d
11,2011-05-03,2011-05-04,22197,1,221.0,60.0,seasonal_naive_7d
11,2011-05-03,2011-05-04,84077,1,432.0,1152.0,seasonal_naive_7d
11,2011-05-03,2011-05-04,84270,1,0.0,0.0,seasonal_naive_7d
11,2011-05-03,2011-05-04,84347,1,0.0,0.0,seasonal_naive_7d
11,2011-05-03,2011-05-04,84568,1,0.0,0.0,seasonal_naive_7d
11,2011-05-03,2011-05-04,84755,1,184.0,94.0,seasonal_naive_7d
11,2011-05-03,2011-05-04,84879,1,96.0,88.0,seasonal_naive_7d
11,2011-05-03,2011-05-04,84991,1,30.0,28.0,seasonal_naive_7d
11,2011-05-03,2011-05-04,84992,1,0.0,6.0,seasonal_naive_7d
11,2011-05-03,2011-05-04,85099B,1,48.0,67.0,seasonal_naive_7d
11,2011-05-03,2011-05-04,85123A,1,85.0,73.0,seasonal_naive_7d
11,2011-05-03,2011-05-05,17003,2,0.0,144.0,seasonal_naive_7d
11,2011-05-03,2011-05-05,20725,2,38.0,23.0,seasonal_naive_7d
11,2011-05-03,2011-05-05,21212,2,146.0,99.0,seasonal_naive_7d
11,2011-05-03,2011-05-05,21213,2,24.0,120.0,seasonal_naive_7d
11,2011-05-03,2011-05-05,21232,2,25.0,16.0,seasonal_naive_7d
11,2011-05-03,2011-05-05,21977,2,50.0,96.0,seasonal_naive_7d
11,2011-05-03,2011-05-05,21980,2,24.0,108.0,seasonal_naive_7d
11,2011-05-03,2011-05-05,21982,2,24.0,96.0,seasonal_naive_7d
11,2011-05-03,2011-05-05,21984,2,1.0,0.0,seasonal_naive_7d
11,2011-05-03,2011-05-05,22197,2,19.0,0.0,seasonal_naive_7d
11,2011-05-03,2011-05-05,84077,2,53.0,192.0,seasonal_naive_7d
11,2011-05-03,2011-05-05,84270,2,0.0,0.0,seasonal_naive_7d
11,2011-05-03,2011-05-05,84347,2,0.0,0.0,seasonal_naive_7d
11,2011-05-03,2011-05-05,84568,2,0.0,0.0,seasonal_naive_7d
11,2011-05-03,2011-05-05,84755,2,268.0,128.0,seasonal_naive_7d
11,2011-05-03,2011-05-05,84879,2,114.0,64.0,seasonal_naive_7d
11,2011-05-03,2011-05-05,84991,2,25.0,146.0,seasonal_naive_7d
11,2011-05-03,2011-05-05,84992,2,1.0,2.0,seasonal_naive_7d
11,2011-05-03,2011-05-05,85099B,2,77.0,33.0,seasonal_naive_7d
11,2011-05-03,2011-05-05,85123A,2,421.0,111.0,seasonal_naive_7d
11,2011-05-03,2011-05-06,17003,3,36.0,0.0,seasonal_naive_7d
11,2011-05-03,2011-05-06,20725,3,140.0,0.0,seasonal_naive_7d
11,2011-05-03,2011-05-06,21212,3,392.0,0.0,seasonal_naive_7d
11,2011-05-03,2011-05-06,21213,3,27.0,0.0,seasonal_naive_7d
11,2011-05-03,2011-05-06,21232,3,71.0,0.0,seasonal_naive_7d
11,2011-05-03,2011-05-06,21977,3,322.0,0.0,seasonal_naive_7d
11,2011-05-03,2011-05-06,21980,3,122.0,0.0,seasonal_naive_7d
11,2011-05-03,2011-05-06,21982,3,48.0,0.0,seasonal_naive_7d
11,2011-05-03,2011-05-06,21984,3,24.0,0.0,seasonal_naive_7d
11,2011-05-03,2011-05-06,22197,3,30.0,0.0,seasonal_naive_7d
11,2011-05-03,2011-05-06,84077,3,240.0,0.0,seasonal_naive_7d
11,2011-05-03,2011-05-06,84270,3,0.0,0.0,seasonal_naive_7d
11,2011-05-03,2011-05-06,84347,3,0.0,0.0,seasonal_naive_7d
11,2011-05-03,2011-05-06,84568,3,19.0,0.0,seasonal_naive_7d
11,2011-05-03,2011-05-06,84755,3,68.0,0.0,seasonal_naive_7d
11,2011-05-03,2011-05-06,84879,3,128.0,0.0,seasonal_naive_7d
11,2011-05-03,2011-05-06,84991,3,153.0,0.0,seasonal_naive_7d
11,2011-05-03,2011-05-06,84992,3,150.0,0.0,seasonal_naive_7d
11,2011-05-03,2011-05-06,85099B,3,94.0,0.0,seasonal_naive_7d
11,2011-05-03,2011-05-06,85123A,3,179.0,0.0,seasonal_naive_7d
11,2011-05-03,2011-05-07,17003,4,0.0,0.0,seasonal_naive_7d
11,2011-05-03,2011-05-07,20725,4,0.0,0.0,seasonal_naive_7d
11,2011-05-03,2011-05-07,21212,4,0.0,0.0,seasonal_naive_7d
11,2011-05-03,2011-05-07,21213,4,0.0,0.0,seasonal_naive_7d
11,2011-05-03,2011-05-07,21232,4,0.0,0.0,seasonal_naive_7d
11,2011-05-03,2011-05-07,21977,4,0.0,0.0,seasonal_naive_7d
11,2011-05-03,2011-05-07,21980,4,0.0,0.0,seasonal_naive_7d
11,2011-05-03,2011-05-07,21982,4,0.0,0.0,seasonal_naive_7d
11,2011-05-03,2011-05-07,21984,4,0.0,0.0,seasonal_naive_7d
11,2011-05-03,2011-05-07,22197,4,0.0,0.0,seasonal_naive_7d
11,2011-05-03,2011-05-07,84077,4,0.0,0.0,seasonal_naive_7d
11,2011-05-03,2011-05-07,84270,4,0.0,0.0,seasonal_naive_7d
11,2011-05-03,2011-05-07,84347,4,0.0,0.0,seasonal_naive_7d
11,2011-05-03,2011-05-07,84568,4,0.0,0.0,seasonal_naive_7d
11,2011-05-03,2011-05-07,84755,4,0.0,0.0,seasonal_naive_7d
11,2011-05-03,2011-05-07,84879,4,0.0,0.0,seasonal_naive_7d
11,2011-05-03,2011-05-07,84991,4,0.0,0.0,seasonal_naive_7d
11,2011-05-03,2011-05-07,84992,4,0.0,0.0,seasonal_naive_7d
11,2011-05-03,2011-05-07,85099B,4,0.0,0.0,seasonal_naive_7d
11,2011-05-03,2011-05-07,85123A,4,0.0,0.0,seasonal_naive_7d
11,2011-05-03,2011-05-08,17003,5,0.0,0.0,seasonal_naive_7d
11,2011-05-03,2011-05-08,20725,5,35.0,10.0,seasonal_naive_7d
11,2011-05-03,2011-05-08,21212,5,78.0,24.0,seasonal_naive_7d
11,2011-05-03,2011-05-08,21213,5,32.0,0.0,seasonal_naive_7d
11,2011-05-03,2011-05-08,21232,5,0.0,0.0,seasonal_naive_7d
11,2011-05-03,2011-05-08,21977,5,85.0,0.0,seasonal_naive_7d
11,2011-05-03,2011-05-08,21980,5,72.0,0.0,seasonal_naive_7d
11,2011-05-03,2011-05-08,21982,5,12.0,24.0,seasonal_naive_7d
11,2011-05-03,2011-05-08,21984,5,24.0,0.0,seasonal_naive_7d
11,2011-05-03,2011-05-08,22197,5,63.0,200.0,seasonal_naive_7d
11,2011-05-03,2011-05-08,84077,5,144.0,0.0,seasonal_naive_7d
11,2011-05-03,2011-05-08,84270,5,0.0,0.0,seasonal_naive_7d
11,2011-05-03,2011-05-08,84347,5,0.0,0.0,seasonal_naive_7d
11,2011-05-03,2011-05-08,84568,5,0.0,0.0,seasonal_naive_7d
11,2011-05-03,2011-05-08,84755,5,224.0,0.0,seasonal_naive_7d
11,2011-05-03,2011-05-08,84879,5,204.0,1.0,seasonal_naive_7d
11,2011-05-03,2011-05-08,84991,5,29.0,24.0,seasonal_naive_7d
11,2011-05-03,2011-05-08,84992,5,54.0,0.0,seasonal_naive_7d
11,2011-05-03,2011-05-08,85099B,5,110.0,95.0,seasonal_naive_7d
11,2011-05-03,2011-05-08,85123A,5,142.0,12.0,seasonal_naive_7d
11,2011-05-03,2011-05-09,17003,6,24.0,0.0,seasonal_naive_7d
11,2011-05-03,2011-05-09,20725,6,113.0,0.0,seasonal_naive_7d
11,2011-05-03,2011-05-09,21212,6,105.0,0.0,seasonal_naive_7d
11,2011-05-03,2011-05-09,21213,6,10.0,0.0,seasonal_naive_7d
11,2011-05-03,2011-05-09,21232,6,28.0,0.0,seasonal_naive_7d
11,2011-05-03,2011-05-09,21977,6,2.0,0.0,seasonal_naive_7d
11,2011-05-03,2011-05-09,21980,6,24.0,0.0,seasonal_naive_7d
11,2011-05-03,2011-05-09,21982,6,24.0,0.0,seasonal_naive_7d
11,2011-05-03,2011-05-09,21984,6,24.0,0.0,seasonal_naive_7d
11,2011-05-03,2011-05-09,22197,6,64.0,0.0,seasonal_naive_7d
11,2011-05-03,2011-05-09,84077,6,0.0,0.0,seasonal_naive_7d
11,2011-05-03,2011-05-09,84270,6,0.0,0.0,seasonal_naive_7d
11,2011-05-03,2011-05-09,84347,6,0.0,0.0,seasonal_naive_7d
11,2011-05-03,2011-05-09,84568,6,20.0,0.0,seasonal_naive_7d
11,2011-05-03,2011-05-09,84755,6,184.0,0.0,seasonal_naive_7d
11,2011-05-03,2011-05-09,84879,6,40.0,0.0,seasonal_naive_7d
11,2011-05-03,2011-05-09,84991,6,31.0,0.0,seasonal_naive_7d
11,2011-05-03,2011-05-09,84992,6,8.0,0.0,seasonal_naive_7d
11,2011-05-03,2011-05-09,85099B,6,76.0,0.0,seasonal_naive_7d
11,2011-05-03,2011-05-09,85123A,6,216.0,0.0,seasonal_naive_7d
11,2011-05-03,2011-05-10,17003,7,0.0,6.0,seasonal_naive_7d
11,2011-05-03,2011-05-10,20725,7,73.0,75.0,seasonal_naive_7d
11,2011-05-03,2011-05-10,21212,7,97.0,116.0,seasonal_naive_7d
11,2011-05-03,2011-05-10,21213,7,63.0,231.0,seasonal_naive_7d
11,2011-05-03,2011-05-10,21232,7,34.0,22.0,seasonal_naive_7d
11,2011-05-03,2011-05-10,21977,7,191.0,50.0,seasonal_naive_7d
11,2011-05-03,2011-05-10,21980,7,24.0,0.0,seasonal_naive_7d
11,2011-05-03,2011-05-10,21982,7,27.0,0.0,seasonal_naive_7d
11,2011-05-03,2011-05-10,21984,7,0.0,1.0,seasonal_naive_7d
11,2011-05-03,2011-05-10,22197,7,56.0,39.0,seasonal_naive_7d
11,2011-05-03,2011-05-10,84077,7,288.0,48.0,seasonal_naive_7d
11,2011-05-03,2011-05-10,84270,7,0.0,0.0,seasonal_naive_7d
11,2011-05-03,2011-05-10,84347,7,0.0,0.0,seasonal_naive_7d
11,2011-05-03,2011-05-10,84568,7,0.0,0.0,seasonal_naive_7d
11,2011-05-03,2011-05-10,84755,7,180.0,48.0,seasonal_naive_7d
11,2011-05-03,2011-05-10,84879,7,192.0,52.0,seasonal_naive_7d
11,2011-05-03,2011-05-10,84991,7,77.0,28.0,seasonal_naive_7d
11,2011-05-03,2011-05-10,84992,7,27.0,2.0,seasonal_naive_7d
11,2011-05-03,2011-05-10,85099B,7,396.0,51.0,seasonal_naive_7d
11,2011-05-03,2011-05-10,85123A,7,161.0,317.0,seasonal_naive_7d
11,2011-05-03,2011-05-11,17003,8,0.0,108.0,seasonal_naive_7d
11,2011-05-03,2011-05-11,20725,8,160.0,69.0,seasonal_naive_7d
11,2011-05-03,2011-05-11,21212,8,52.0,53.0,seasonal_naive_7d
11,2011-05-03,2011-05-11,21213,8,24.0,0.0,seasonal_naive_7d
11,2011-05-03,2011-05-11,21232,8,3.0,180.0,seasonal_naive_7d
11,2011-05-03,2011-05-11,21977,8,52.0,9.0,seasonal_naive_7d
11,2011-05-03,2011-05-11,21980,8,12.0,0.0,seasonal_naive_7d
11,2011-05-03,2011-05-11,21982,8,24.0,12.0,seasonal_naive_7d
11,2011-05-03,2011-05-11,21984,8,0.0,24.0,seasonal_naive_7d
11,2011-05-03,2011-05-11,22197,8,84.0,60.0,seasonal_naive_7d
11,2011-05-03,2011-05-11,84077,8,288.0,1152.0,seasonal_naive_7d
11,2011-05-03,2011-05-11,84270,8,0.0,0.0,seasonal_naive_7d
11,2011-05-03,2011-05-11,84347,8,0.0,0.0,seasonal_naive_7d
11,2011-05-03,2011-05-11,84568,8,0.0,0.0,seasonal_naive_7d
11,2011-05-03,2011-05-11,84755,8,176.0,94.0,seasonal_naive_7d
11,2011-05-03,2011-05-11,84879,8,448.0,88.0,seasonal_naive_7d
11,2011-05-03,2011-05-11,84991,8,97.0,28.0,seasonal_naive_7d
11,2011-05-03,2011-05-11,84992,8,2.0,6.0,seasonal_naive_7d
11,2011-05-03,2011-05-11,85099B,8,154.0,67.0,seasonal_naive_7d
11,2011-05-03,2011-05-11,85123A,8,120.0,73.0,seasonal_naive_7d
11,2011-05-03,2011-05-12,17003,9,144.0,144.0,seasonal_naive_7d
11,2011-05-03,2011-05-12,20725,9,432.0,23.0,seasonal_naive_7d
11,2011-05-03,2011-05-12,21212,9,1236.0,99.0,seasonal_naive_7d
11,2011-05-03,2011-05-12,21213,9,30.0,120.0,seasonal_naive_7d
11,2011-05-03,2011-05-12,21232,9,24.0,16.0,seasonal_naive_7d
11,2011-05-03,2011-05-12,21977,9,136.0,96.0,seasonal_naive_7d
11,2011-05-03,2011-05-12,21980,9,36.0,108.0,seasonal_naive_7d
11,2011-05-03,2011-05-12,21982,9,12.0,96.0,seasonal_naive_7d
11,2011-05-03,2011-05-12,21984,9,0.0,0.0,seasonal_naive_7d
11,2011-05-03,2011-05-12,22197,9,51.0,0.0,seasonal_naive_7d
11,2011-05-03,2011-05-12,84077,9,576.0,192.0,seasonal_naive_7d
11,2011-05-03,2011-05-12,84270,9,0.0,0.0,seasonal_naive_7d
11,2011-05-03,2011-05-12,84347,9,0.0,0.0,seasonal_naive_7d
11,2011-05-03,2011-05-12,84568,9,288.0,0.0,seasonal_naive_7d
11,2011-05-03,2011-05-12,84755,9,120.0,128.0,seasonal_naive_7d
11,2011-05-03,2011-05-12,84879,9,360.0,64.0,seasonal_naive_7d
11,2011-05-03,2011-05-12,84991,9,266.0,146.0,seasonal_naive_7d
11,2011-05-03,2011-05-12,84992,9,183.0,2.0,seasonal_naive_7d
11,2011-05-03,2011-05-12,85099B,9,237.0,33.0,seasonal_naive_7d
11,2011-05-03,2011-05-12,85123A,9,227.0,111.0,seasonal_naive_7d
11,2011-05-03,2011-05-13,17003,10,342.0,0.0,seasonal_naive_7d
11,2011-05-03,2011-05-13,20725,10,91.0,0.0,seasonal_naive_7d
11,2011-05-03,2011-05-13,21212,10,128.0,0.0,seasonal_naive_7d
11,2011-05-03,2011-05-13,21213,10,38.0,0.0,seasonal_naive_7d
11,2011-05-03,2011-05-13,21232,10,47.0,0.0,seasonal_naive_7d
11,2011-05-03,2011-05-13,21977,10,97.0,0.0,seasonal_naive_7d
11,2011-05-03,2011-05-13,21980,10,24.0,0.0,seasonal_naive_7d
11,2011-05-03,2011-05-13,21982,10,6.0,0.0,seasonal_naive_7d
11,2011-05-03,2011-05-13,21984,10,24.0,0.0,seasonal_naive_7d
11,2011-05-03,2011-05-13,22197,10,115.0,0.0,seasonal_naive_7d
11,2011-05-03,2011-05-13,84077,10,0.0,0.0,seasonal_naive_7d
11,2011-05-03,2011-05-13,84270,10,0.0,0.0,seasonal_naive_7d
11,2011-05-03,2011-05-13,84347,10,0.0,0.0,seasonal_naive_7d
11,2011-05-03,2011-05-13,84568,10,0.0,0.0,seasonal_naive_7d
11,2011-05-03,2011-05-13,84755,10,48.0,0.0,seasonal_naive_7d
11,2011-05-03,2011-05-13,84879,10,117.0,0.0,seasonal_naive_7d
11,2011-05-03,2011-05-13,84991,10,49.0,0.0,seasonal_naive_7d
11,2011-05-03,2011-05-13,84992,10,1.0,0.0,seasonal_naive_7d
11,2011-05-03,2011-05-13,85099B,10,340.0,0.0,seasonal_naive_7d
11,2011-05-03,2011-05-13,85123A,10,25.0,0.0,seasonal_naive_7d
11,2011-05-03,2011-05-14,17003,11,0.0,0.0,seasonal_naive_7d
11,2011-05-03,2011-05-14,20725,11,0.0,0.0,seasonal_naive_7d
11,2011-05-03,2011-05-14,21212,11,0.0,0.0,seasonal_naive_7d
11,2011-05-03,2011-05-14,21213,11,0.0,0.0,seasonal_naive_7d
11,2011-05-03,2011-05-14,21232,11,0.0,0.0,seasonal_naive_7d
11,2011-05-03,2011-05-14,21977,11,0.0,0.0,seasonal_naive_7d
11,2011-05-03,2011-05-14,21980,11,0.0,0.0,seasonal_naive_7d
11,2011-05-03,2011-05-14,21982,11,0.0,0.0,seasonal_naive_7d
11,2011-05-03,2011-05-14,21984,11,0.0,0.0,seasonal_naive_7d
11,2011-05-03,2011-05-14,22197,11,0.0,0.0,seasonal_naive_7d
11,2011-05-03,2011-05-14,84077,11,0.0,0.0,seasonal_naive_7d
11,2011-05-03,2011-05-14,84270,11,0.0,0.0,seasonal_naive_7d
11,2011-05-03,2011-05-14,84347,11,0.0,0.0,seasonal_naive_7d
11,2011-05-03,2011-05-14,84568,11,0.0,0.0,seasonal_naive_7d
11,2011-05-03,2011-05-14,84755,11,0.0,0.0,seasonal_naive_7d
11,2011-05-03,2011-05-14,84879,11,0.0,0.0,seasonal_naive_7d
11,2011-05-03,2011-05-14,84991,11,0.0,0.0,seasonal_naive_7d
11,2011-05-03,2011-05-14,84992,11,0.0,0.0,seasonal_naive_7d
11,2011-05-03,2011-05-14,85099B,11,0.0,0.0,seasonal_naive_7d
11,2011-05-03,2011-05-14,85123A,11,0.0,0.0,seasonal_naive_7d
11,2011-05-03,2011-05-15,17003,12,0.0,0.0,seasonal_naive_7d
11,2011-05-03,2011-05-15,20725,12,16.0,10.0,seasonal_naive_7d
11,2011-05-03,2011-05-15,21212,12,29.0,24.0,seasonal_naive_7d
11,2011-05-03,2011-05-15,21213,12,11.0,0.0,seasonal_naive_7d
11,2011-05-03,2011-05-15,21232,12,0.0,0.0,seasonal_naive_7d
11,2011-05-03,2011-05-15,21977,12,20.0,0.0,seasonal_naive_7d
11,2011-05-03,2011-05-15,21980,12,0.0,0.0,seasonal_naive_7d
11,2011-05-03,2011-05-15,21982,12,0.0,24.0,seasonal_naive_7d
11,2011-05-03,2011-05-15,21984,12,0.0,0.0,seasonal_naive_7d
11,2011-05-03,2011-05-15,22197,12,11.0,200.0,seasonal_naive_7d
11,2011-05-03,2011-05-15,84077,12,96.0,0.0,seasonal_naive_7d
11,2011-05-03,2011-05-15,84270,12,0.0,0.0,seasonal_naive_7d
11,2011-05-03,2011-05-15,84347,12,48.0,0.0,seasonal_naive_7d
11,2011-05-03,2011-05-15,84568,12,0.0,0.0,seasonal_naive_7d
11,2011-05-03,2011-05-15,84755,12,16.0,0.0,seasonal_naive_7d
11,2011-05-03,2011-05-15,84879,12,44.0,1.0,seasonal_naive_7d
11,2011-05-03,2011-05-15,84991,12,12.0,24.0,seasonal_naive_7d
11,2011-05-03,2011-05-15,84992,12,10.0,0.0,seasonal_naive_7d
11,2011-05-03,2011-05-15,85099B,12,3.0,95.0,seasonal_naive_7d
11,2011-05-03,2011-05-15,85123A,12,143.0,12.0,seasonal_naive_7d
11,2011-05-03,2011-05-16,17003,13,36.0,0.0,seasonal_naive_7d
11,2011-05-03,2011-05-16,20725,13,108.0,0.0,seasonal_naive_7d
11,2011-05-03,2011-05-16,21212,13,129.0,0.0,seasonal_naive_7d
11,2011-05-03,2011-05-16,21213,13,28.0,0.0,seasonal_naive_7d
11,2011-05-03,2011-05-16,21232,13,63.0,0.0,seasonal_naive_7d
11,2011-05-03,2011-05-16,21977,13,29.0,0.0,seasonal_naive_7d
11,2011-05-03,2011-05-16,21980,13,2.0,0.0,seasonal_naive_7d
11,2011-05-03,2011-05-16,21982,13,36.0,0.0,seasonal_naive_7d
11,2011-05-03,2011-05-16,21984,13,1.0,0.0,seasonal_naive_7d
11,2011-05-03,2011-05-16,22197,13,61.0,0.0,seasonal_naive_7d
11,2011-05-03,2011-05-16,84077,13,48.0,0.0,seasonal_naive_7d
11,2011-05-03,2011-05-16,84270,13,0.0,0.0,seasonal_naive_7d
11,2011-05-03,2011-05-16,84347,13,0.0,0.0,seasonal_naive_7d
11,2011-05-03,2011-05-16,84568,13,0.0,0.0,seasonal_naive_7d
11,2011-05-03,2011-05-16,84755,13,320.0,0.0,seasonal_naive_7d
11,2011-05-03,2011-05-16,84879,13,64.0,0.0,seasonal_naive_7d
11,2011-05-03,2011-05-16,84991,13,26.0,0.0,seasonal_naive_7d
11,2011-05-03,2011-05-16,84992,13,6.0,0.0,seasonal_naive_7d
11,2011-05-03,2011-05-16,85099B,13,133.0,0.0,seasonal_naive_7d
11,2011-05-03,2011-05-16,85123A,13,201.0,0.0,seasonal_naive_7d
11,2011-05-03,2011-05-17,17003,14,0.0,6.0,seasonal_naive_7d
11,2011-05-03,2011-05-17,20725,14,59.0,75.0,seasonal_naive_7d
11,2011-05-03,2011-05-17,21212,14,38.0,116.0,seasonal_naive_7d
11,2011-05-03,2011-05-17,21213,14,30.0,231.0,seasonal_naive_7d
11,2011-05-03,2011-05-17,21232,14,56.0,22.0,seasonal_naive_7d
11,2011-05-03,2011-05-17,21977,14,78.0,50.0,seasonal_naive_7d
11,2011-05-03,2011-05-17,21980,14,24.0,0.0,seasonal_naive_7d
11,2011-05-03,2011-05-17,21982,14,36.0,0.0,seasonal_naive_7d
11,2011-05-03,2011-05-17,21984,14,0.0,1.0,seasonal_naive_7d
11,2011-05-03,2011-05-17,22197,14,556.0,39.0,seasonal_naive_7d
11,2011-05-03,2011-05-17,84077,14,432.0,48.0,seasonal_naive_7d
11,2011-05-03,2011-05-17,84270,14,0.0,0.0,seasonal_naive_7d
11,2011-05-03,2011-05-17,84347,14,0.0,0.0,seasonal_naive_7d
11,2011-05-03,2011-05-17,84568,14,0.0,0.0,seasonal_naive_7d
11,2011-05-03,2011-05-17,84755,14,148.0,48.0,seasonal_naive_7d
11,2011-05-03,2011-05-17,84879,14,168.0,52.0,seasonal_naive_7d
11,2011-05-03,2011-05-17,84991,14,48.0,28.0,seasonal_naive_7d
11,2011-05-03,2011-05-17,84992,14,24.0,2.0,seasonal_naive_7d
11,2011-05-03,2011-05-17,85099B,14,161.0,51.0,seasonal_naive_7d
11,2011-05-03,2011-05-17,85123A,14,166.0,317.0,seasonal_naive_7d
12,2011-05-17,2011-05-18,17003,1,756.0,0.0,seasonal_naive_7d
12,2011-05-17,2011-05-18,20725,1,22.0,160.0,seasonal_naive_7d
12,2011-05-17,2011-05-18,21212,1,217.0,52.0,seasonal_naive_7d
12,2011-05-17,2011-05-18,21213,1,0.0,24.0,seasonal_naive_7d
12,2011-05-17,2011-05-18,21232,1,96.0,3.0,seasonal_naive_7d
12,2011-05-17,2011-05-18,21977,1,0.0,52.0,seasonal_naive_7d
12,2011-05-17,2011-05-18,21980,1,480.0,12.0,seasonal_naive_7d
12,2011-05-17,2011-05-18,21982,1,456.0,24.0,seasonal_naive_7d
12,2011-05-17,2011-05-18,21984,1,0.0,0.0,seasonal_naive_7d
12,2011-05-17,2011-05-18,22197,1,93.0,84.0,seasonal_naive_7d
12,2011-05-17,2011-05-18,84077,1,144.0,288.0,seasonal_naive_7d
12,2011-05-17,2011-05-18,84270,1,0.0,0.0,seasonal_naive_7d
12,2011-05-17,2011-05-18,84347,1,0.0,0.0,seasonal_naive_7d
12,2011-05-17,2011-05-18,84568,1,0.0,0.0,seasonal_naive_7d
12,2011-05-17,2011-05-18,84755,1,76.0,176.0,seasonal_naive_7d
12,2011-05-17,2011-05-18,84879,1,136.0,448.0,seasonal_naive_7d
12,2011-05-17,2011-05-18,84991,1,48.0,97.0,seasonal_naive_7d
12,2011-05-17,2011-05-18,84992,1,2.0,2.0,seasonal_naive_7d
12,2011-05-17,2011-05-18,85099B,1,178.0,154.0,seasonal_naive_7d
12,2011-05-17,2011-05-18,85123A,1,73.0,120.0,seasonal_naive_7d
12,2011-05-17,2011-05-19,17003,2,0.0,144.0,seasonal_naive_7d
12,2011-05-17,2011-05-19,20725,2,83.0,432.0,seasonal_naive_7d
12,2011-05-17,2011-05-19,21212,2,50.0,1236.0,seasonal_naive_7d
12,2011-05-17,2011-05-19,21213,2,24.0,30.0,seasonal_naive_7d
12,2011-05-17,2011-05-19,21232,2,73.0,24.0,seasonal_naive_7d
12,2011-05-17,2011-05-19,21977,2,3.0,136.0,seasonal_naive_7d
12,2011-05-17,2011-05-19,21980,2,51.0,36.0,seasonal_naive_7d
12,2011-05-17,2011-05-19,21982,2,75.0,12.0,seasonal_naive_7d
12,2011-05-17,2011-05-19,21984,2,0.0,0.0,seasonal_naive_7d
12,2011-05-17,2011-05-19,22197,2,140.0,51.0,seasonal_naive_7d
12,2011-05-17,2011-05-19,84077,2,96.0,576.0,seasonal_naive_7d
12,2011-05-17,2011-05-19,84270,2,0.0,0.0,seasonal_naive_7d
12,2011-05-17,2011-05-19,84347,2,0.0,0.0,seasonal_naive_7d
12,2011-05-17,2011-05-19,84568,2,0.0,288.0,seasonal_naive_7d
12,2011-05-17,2011-05-19,84755,2,48.0,120.0,seasonal_naive_7d
12,2011-05-17,2011-05-19,84879,2,48.0,360.0,seasonal_naive_7d
12,2011-05-17,2011-05-19,84991,2,2.0,266.0,seasonal_naive_7d
12,2011-05-17,2011-05-19,84992,2,48.0,183.0,seasonal_naive_7d
12,2011-05-17,2011-05-19,85099B,2,162.0,237.0,seasonal_naive_7d
12,2011-05-17,2011-05-19,85123A,2,109.0,227.0,seasonal_naive_7d
12,2011-05-17,2011-05-20,17003,3,0.0,342.0,seasonal_naive_7d
12,2011-05-17,2011-05-20,20725,3,120.0,91.0,seasonal_naive_7d
12,2011-05-17,2011-05-20,21212,3,29.0,128.0,seasonal_naive_7d
12,2011-05-17,2011-05-20,21213,3,0.0,38.0,seasonal_naive_7d
12,2011-05-17,2011-05-20,21232,3,13.0,47.0,seasonal_naive_7d
12,2011-05-17,2011-05-20,21977,3,28.0,97.0,seasonal_naive_7d
12,2011-05-17,2011-05-20,21980,3,48.0,24.0,seasonal_naive_7d
12,2011-05-17,2011-05-20,21982,3,0.0,6.0,seasonal_naive_7d
12,2011-05-17,2011-05-20,21984,3,0.0,24.0,seasonal_naive_7d
12,2011-05-17,2011-05-20,22197,3,420.0,115.0,seasonal_naive_7d
12,2011-05-17,2011-05-20,84077,3,288.0,0.0,seasonal_naive_7d
12,2011-05-17,2011-05-20,84270,3,0.0,0.0,seasonal_naive_7d
12,2011-05-17,2011-05-20,84347,3,0.0,0.0,seasonal_naive_7d
12,2011-05-17,2011-05-20,84568,3,0.0,0.0,seasonal_naive_7d
12,2011-05-17,2011-05-20,84755,3,16.0,48.0,seasonal_naive_7d
12,2011-05-17,2011-05-20,84879,3,136.0,117.0,seasonal_naive_7d
12,2011-05-17,2011-05-20,84991,3,78.0,49.0,seasonal_naive_7d
12,2011-05-17,2011-05-20,84992,3,4.0,1.0,seasonal_naive_7d
12,2011-05-17,2011-05-20,85099B,3,273.0,340.0,seasonal_naive_7d
12,2011-05-17,2011-05-20,85123A,3,92.0,25.0,seasonal_naive_7d
12,2011-05-17,2011-05-21,17003,4,0.0,0.0,seasonal_naive_7d
12,2011-05-17,2011-05-21,20725,4,0.0,0.0,seasonal_naive_7d
12,2011-05-17,2011-05-21,21212,4,0.0,0.0,seasonal_naive_7d
12,2011-05-17,2011-05-21,21213,4,0.0,0.0,seasonal_naive_7d
12,2011-05-17,2011-05-21,21232,4,0.0,0.0,seasonal_naive_7d
12,2011-05-17,2011-05-21,21977,4,0.0,0.0,seasonal_naive_7d
12,2011-05-17,2011-05-21,21980,4,0.0,0.0,seasonal_naive_7d
12,2011-05-17,2011-05-21,21982,4,0.0,0.0,seasonal_naive_7d
12,2011-05-17,2011-05-21,21984,4,0.0,0.0,seasonal_naive_7d
12,2011-05-17,2011-05-21,22197,4,0.0,0.0,seasonal_naive_7d
12,2011-05-17,2011-05-21,84077,4,0.0,0.0,seasonal_naive_7d
12,2011-05-17,2011-05-21,84270,4,0.0,0.0,seasonal_naive_7d
12,2011-05-17,2011-05-21,84347,4,0.0,0.0,seasonal_naive_7d
12,2011-05-17,2011-05-21,84568,4,0.0,0.0,seasonal_naive_7d
12,2011-05-17,2011-05-21,84755,4,0.0,0.0,seasonal_naive_7d
12,2011-05-17,2011-05-21,84879,4,0.0,0.0,seasonal_naive_7d
12,2011-05-17,2011-05-21,84991,4,0.0,0.0,seasonal_naive_7d
12,2011-05-17,2011-05-21,84992,4,0.0,0.0,seasonal_naive_7d
12,2011-05-17,2011-05-21,85099B,4,0.0,0.0,seasonal_naive_7d
12,2011-05-17,2011-05-21,85123A,4,0.0,0.0,seasonal_naive_7d
12,2011-05-17,2011-05-22,17003,5,0.0,0.0,seasonal_naive_7d
12,2011-05-17,2011-05-22,20725,5,53.0,16.0,seasonal_naive_7d
12,2011-05-17,2011-05-22,21212,5,136.0,29.0,seasonal_naive_7d
12,2011-05-17,2011-05-22,21213,5,0.0,11.0,seasonal_naive_7d
12,2011-05-17,2011-05-22,21232,5,28.0,0.0,seasonal_naive_7d
12,2011-05-17,2011-05-22,21977,5,35.0,20.0,seasonal_naive_7d
12,2011-05-17,2011-05-22,21980,5,0.0,0.0,seasonal_naive_7d
12,2011-05-17,2011-05-22,21982,5,0.0,0.0,seasonal_naive_7d
12,2011-05-17,2011-05-22,21984,5,0.0,0.0,seasonal_naive_7d
12,2011-05-17,2011-05-22,22197,5,30.0,11.0,seasonal_naive_7d
12,2011-05-17,2011-05-22,84077,5,0.0,96.0,seasonal_naive_7d
12,2011-05-17,2011-05-22,84270,5,0.0,0.0,seasonal_naive_7d
12,2011-05-17,2011-05-22,84347,5,0.0,48.0,seasonal_naive_7d
12,2011-05-17,2011-05-22,84568,5,288.0,0.0,seasonal_naive_7d
12,2011-05-17,2011-05-22,84755,5,114.0,16.0,seasonal_naive_7d
12,2011-05-17,2011-05-22,84879,5,43.0,44.0,seasonal_naive_7d
12,2011-05-17,2011-05-22,84991,5,30.0,12.0,seasonal_naive_7d
12,2011-05-17,2011-05-22,84992,5,4.0,10.0,seasonal_naive_7d
12,2011-05-17,2011-05-22,85099B,5,71.0,3.0,seasonal_naive_7d
12,2011-05-17,2011-05-22,85123A,5,153.0,143.0,seasonal_naive_7d
12,2011-05-17,2011-05-23,17003,6,720.0,36.0,seasonal_naive_7d
12,2011-05-17,2011-05-23,20725,6,64.0,108.0,seasonal_naive_7d
12,2011-05-17,2011-05-23,21212,6,63.0,129.0,seasonal_naive_7d
12,2011-05-17,2011-05-23,21213,6,12.0,28.0,seasonal_naive_7d
12,2011-05-17,2011-05-23,21232,6,24.0,63.0,seasonal_naive_7d
12,2011-05-17,2011-05-23,21977,6,2724.0,29.0,seasonal_naive_7d
12,2011-05-17,2011-05-23,21980,6,12.0,2.0,seasonal_naive_7d
12,2011-05-17,2011-05-23,21982,6,24.0,36.0,seasonal_naive_7d
12,2011-05-17,2011-05-23,21984,6,0.0,1.0,seasonal_naive_7d
12,2011-05-17,2011-05-23,22197,6,44.0,61.0,seasonal_naive_7d
12,2011-05-17,2011-05-23,84077,6,144.0,48.0,seasonal_naive_7d
12,2011-05-17,2011-05-23,84270,6,0.0,0.0,seasonal_naive_7d
12,2011-05-17,2011-05-23,84347,6,0.0,0.0,seasonal_naive_7d
12,2011-05-17,2011-05-23,84568,6,0.0,0.0,seasonal_naive_7d
12,2011-05-17,2011-05-23,84755,6,240.0,320.0,seasonal_naive_7d
12,2011-05-17,2011-05-23,84879,6,116.0,64.0,seasonal_naive_7d
12,2011-05-17,2011-05-23,84991,6,10.0,26.0,seasonal_naive_7d
12,2011-05-17,2011-05-23,84992,6,3.0,6.0,seasonal_naive_7d
12,2011-05-17,2011-05-23,85099B,6,365.0,133.0,seasonal_naive_7d
12,2011-05-17,2011-05-23,85123A,6,113.0,201.0,seasonal_naive_7d
12,2011-05-17,2011-05-24,17003,7,1.0,0.0,seasonal_naive_7d
12,2011-05-17,2011-05-24,20725,7,66.0,59.0,seasonal_naive_7d
12,2011-05-17,2011-05-24,21212,7,98.0,38.0,seasonal_naive_7d
12,2011-05-17,2011-05-24,21213,7,50.0,30.0,seasonal_naive_7d
12,2011-05-17,2011-05-24,21232,7,30.0,56.0,seasonal_naive_7d
12,2011-05-17,2011-05-24,21977,7,25.0,78.0,seasonal_naive_7d
12,2011-05-17,2011-05-24,21980,7,0.0,24.0,seasonal_naive_7d
12,2011-05-17,2011-05-24,21982,7,0.0,36.0,seasonal_naive_7d
12,2011-05-17,2011-05-24,21984,7,48.0,0.0,seasonal_naive_7d
12,2011-05-17,2011-05-24,22197,7,63.0,556.0,seasonal_naive_7d
12,2011-05-17,2011-05-24,84077,7,192.0,432.0,seasonal_naive_7d
12,2011-05-17,2011-05-24,84270,7,0.0,0.0,seasonal_naive_7d
12,2011-05-17,2011-05-24,84347,7,0.0,0.0,seasonal_naive_7d
12,2011-05-17,2011-05-24,84568,7,0.0,0.0,seasonal_naive_7d
12,2011-05-17,2011-05-24,84755,7,112.0,148.0,seasonal_naive_7d
12,2011-05-17,2011-05-24,84879,7,100.0,168.0,seasonal_naive_7d
12,2011-05-17,2011-05-24,84991,7,28.0,48.0,seasonal_naive_7d
12,2011-05-17,2011-05-24,84992,7,0.0,24.0,seasonal_naive_7d
12,2011-05-17,2011-05-24,85099B,7,251.0,161.0,seasonal_naive_7d
12,2011-05-17,2011-05-24,85123A,7,144.0,166.0,seasonal_naive_7d
12,2011-05-17,2011-05-25,17003,8,72.0,0.0,seasonal_naive_7d
12,2011-05-17,2011-05-25,20725,8,107.0,160.0,seasonal_naive_7d
12,2011-05-17,2011-05-25,21212,8,27.0,52.0,seasonal_naive_7d
12,2011-05-17,2011-05-25,21213,8,25.0,24.0,seasonal_naive_7d
12,2011-05-17,2011-05-25,21232,8,13.0,3.0,seasonal_naive_7d
12,2011-05-17,2011-05-25,21977,8,26.0,52.0,seasonal_naive_7d
12,2011-05-17,2011-05-25,21980,8,0.0,12.0,seasonal_naive_7d
12,2011-05-17,2011-05-25,21982,8,0.0,24.0,seasonal_naive_7d
12,2011-05-17,2011-05-25,21984,8,0.0,0.0,seasonal_naive_7d
12,2011-05-17,2011-05-25,22197,8,73.0,84.0,seasonal_naive_7d
12,2011-05-17,2011-05-25,84077,8,96.0,288.0,seasonal_naive_7d
12,2011-05-17,2011-05-25,84270,8,0.0,0.0,seasonal_naive_7d
12,2011-05-17,2011-05-25,84347,8,0.0,0.0,seasonal_naive_7d
12,2011-05-17,2011-05-25,84568,8,4.0,0.0,seasonal_naive_7d
12,2011-05-17,2011-05-25,84755,8,200.0,176.0,seasonal_naive_7d
12,2011-05-17,2011-05-25,84879,8,29.0,448.0,seasonal_naive_7d
12,2011-05-17,2011-05-25,84991,8,25.0,97.0,seasonal_naive_7d
12,2011-05-17,2011-05-25,84992,8,24.0,2.0,seasonal_naive_7d
12,2011-05-17,2011-05-25,85099B,8,255.0,154.0,seasonal_naive_7d
12,2011-05-17,2011-05-25,85123A,8,68.0,120.0,seasonal_naive_7d
12,2011-05-17,2011-05-26,17003,9,0.0,144.0,seasonal_naive_7d
12,2011-05-17,2011-05-26,20725,9,263.0,432.0,seasonal_naive_7d
12,2011-05-17,2011-05-26,21212,9,24.0,1236.0,seasonal_naive_7d
12,2011-05-17,2011-05-26,21213,9,0.0,30.0,seasonal_naive_7d
12,2011-05-17,2011-05-26,21232,9,16.0,24.0,seasonal_naive_7d
12,2011-05-17,2011-05-26,21977,9,2.0,136.0,seasonal_naive_7d
12,2011-05-17,2011-05-26,21980,9,24.0,36.0,seasonal_naive_7d
12,2011-05-17,2011-05-26,21982,9,0.0,12.0,seasonal_naive_7d
12,2011-05-17,2011-05-26,21984,9,0.0,0.0,seasonal_naive_7d
12,2011-05-17,2011-05-26,22197,9,38.0,51.0,seasonal_naive_7d
12,2011-05-17,2011-05-26,84077,9,96.0,576.0,seasonal_naive_7d
12,2011-05-17,2011-05-26,84270,9,0.0,0.0,seasonal_naive_7d
12,2011-05-17,2011-05-26,84347,9,0.0,0.0,seasonal_naive_7d
12,2011-05-17,2011-05-26,84568,9,0.0,288.0,seasonal_naive_7d
12,2011-05-17,2011-05-26,84755,9,76.0,120.0,seasonal_naive_7d
12,2011-05-17,2011-05-26,84879,9,264.0,360.0,seasonal_naive_7d
12,2011-05-17,2011-05-26,84991,9,120.0,266.0,seasonal_naive_7d
12,2011-05-17,2011-05-26,84992,9,0.0,183.0,seasonal_naive_7d
12,2011-05-17,2011-05-26,85099B,9,6.0,237.0,seasonal_naive_7d
12,2011-05-17,2011-05-26,85123A,9,653.0,227.0,seasonal_naive_7d
12,2011-05-17,2011-05-27,17003,10,0.0,342.0,seasonal_naive_7d
12,2011-05-17,2011-05-27,20725,10,176.0,91.0,seasonal_naive_7d
12,2011-05-17,2011-05-27,21212,10,136.0,128.0,seasonal_naive_7d
12,2011-05-17,2011-05-27,21213,10,47.0,38.0,seasonal_naive_7d
12,2011-05-17,2011-05-27,21232,10,39.0,47.0,seasonal_naive_7d
12,2011-05-17,2011-05-27,21977,10,48.0,97.0,seasonal_naive_7d
12,2011-05-17,2011-05-27,21980,10,12.0,24.0,seasonal_naive_7d
12,2011-05-17,2011-05-27,21982,10,0.0,6.0,seasonal_naive_7d
12,2011-05-17,2011-05-27,21984,10,24.0,24.0,seasonal_naive_7d
12,2011-05-17,2011-05-27,22197,10,4314.0,115.0,seasonal_naive_7d
12,2011-05-17,2011-05-27,84077,10,48.0,0.0,seasonal_naive_7d
12,2011-05-17,2011-05-27,84270,10,0.0,0.0,seasonal_naive_7d
12,2011-05-17,2011-05-27,84347,10,0.0,0.0,seasonal_naive_7d
12,2011-05-17,2011-05-27,84568,10,0.0,0.0,seasonal_naive_7d
12,2011-05-17,2011-05-27,84755,10,32.0,48.0,seasonal_naive_7d
12,2011-05-17,2011-05-27,84879,10,16.0,117.0,seasonal_naive_7d
12,2011-05-17,2011-05-27,84991,10,105.0,49.0,seasonal_naive_7d
12,2011-05-17,2011-05-27,84992,10,58.0,1.0,seasonal_naive_7d
12,2011-05-17,2011-05-27,85099B,10,44.0,340.0,seasonal_naive_7d
12,2011-05-17,2011-05-27,85123A,10,22.0,25.0,seasonal_naive_7d
12,2011-05-17,2011-05-28,17003,11,0.0,0.0,seasonal_naive_7d
12,2011-05-17,2011-05-28,20725,11,0.0,0.0,seasonal_naive_7d
12,2011-05-17,2011-05-28,21212,11,0.0,0.0,seasonal_naive_7d
12,2011-05-17,2011-05-28,21213,11,0.0,0.0,seasonal_naive_7d
12,2011-05-17,2011-05-28,21232,11,0.0,0.0,seasonal_naive_7d
12,2011-05-17,2011-05-28,21977,11,0.0,0.0,seasonal_naive_7d
12,2011-05-17,2011-05-28,21980,11,0.0,0.0,seasonal_naive_7d
12,2011-05-17,2011-05-28,21982,11,0.0,0.0,seasonal_naive_7d
12,2011-05-17,2011-05-28,21984,11,0.0,0.0,seasonal_naive_7d
12,2011-05-17,2011-05-28,22197,11,0.0,0.0,seasonal_naive_7d
12,2011-05-17,2011-05-28,84077,11,0.0,0.0,seasonal_naive_7d
12,2011-05-17,2011-05-28,84270,11,0.0,0.0,seasonal_naive_7d
12,2011-05-17,2011-05-28,84347,11,0.0,0.0,seasonal_naive_7d
12,2011-05-17,2011-05-28,84568,11,0.0,0.0,seasonal_naive_7d
12,2011-05-17,2011-05-28,84755,11,0.0,0.0,seasonal_naive_7d
12,2011-05-17,2011-05-28,84879,11,0.0,0.0,seasonal_naive_7d
12,2011-05-17,2011-05-28,84991,11,0.0,0.0,seasonal_naive_7d
12,2011-05-17,2011-05-28,84992,11,0.0,0.0,seasonal_naive_7d
12,2011-05-17,2011-05-28,85099B,11,0.0,0.0,seasonal_naive_7d
12,2011-05-17,2011-05-28,85123A,11,0.0,0.0,seasonal_naive_7d
12,2011-05-17,2011-05-29,17003,12,0.0,0.0,seasonal_naive_7d
12,2011-05-17,2011-05-29,20725,12,8.0,16.0,seasonal_naive_7d
12,2011-05-17,2011-05-29,21212,12,12.0,29.0,seasonal_naive_7d
12,2011-05-17,2011-05-29,21213,12,12.0,11.0,seasonal_naive_7d
12,2011-05-17,2011-05-29,21232,12,4.0,0.0,seasonal_naive_7d
12,2011-05-17,2011-05-29,21977,12,0.0,20.0,seasonal_naive_7d
12,2011-05-17,2011-05-29,21980,12,0.0,0.0,seasonal_naive_7d
12,2011-05-17,2011-05-29,21982,12,0.0,0.0,seasonal_naive_7d
12,2011-05-17,2011-05-29,21984,12,0.0,0.0,seasonal_naive_7d
12,2011-05-17,2011-05-29,22197,12,30.0,11.0,seasonal_naive_7d
12,2011-05-17,2011-05-29,84077,12,0.0,96.0,seasonal_naive_7d
12,2011-05-17,2011-05-29,84270,12,0.0,0.0,seasonal_naive_7d
12,2011-05-17,2011-05-29,84347,12,12.0,48.0,seasonal_naive_7d
12,2011-05-17,2011-05-29,84568,12,0.0,0.0,seasonal_naive_7d
12,2011-05-17,2011-05-29,84755,12,16.0,16.0,seasonal_naive_7d
12,2011-05-17,2011-05-29,84879,12,40.0,44.0,seasonal_naive_7d
12,2011-05-17,2011-05-29,84991,12,13.0,12.0,seasonal_naive_7d
12,2011-05-17,2011-05-29,84992,12,2.0,10.0,seasonal_naive_7d
12,2011-05-17,2011-05-29,85099B,12,12.0,3.0,seasonal_naive_7d
12,2011-05-17,2011-05-29,85123A,12,26.0,143.0,seasonal_naive_7d
12,2011-05-17,2011-05-30,17003,13,0.0,36.0,seasonal_naive_7d
12,2011-05-17,2011-05-30,20725,13,0.0,108.0,seasonal_naive_7d
12,2011-05-17,2011-05-30,21212,13,0.0,129.0,seasonal_naive_7d
12,2011-05-17,2011-05-30,21213,13,0.0,28.0,seasonal_naive_7d
12,2011-05-17,2011-05-30,21232,13,0.0,63.0,seasonal_naive_7d
12,2011-05-17,2011-05-30,21977,13,0.0,29.0,seasonal_naive_7d
12,2011-05-17,2011-05-30,21980,13,0.0,2.0,seasonal_naive_7d
12,2011-05-17,2011-05-30,21982,13,0.0,36.0,seasonal_naive_7d
12,2011-05-17,2011-05-30,21984,13,0.0,1.0,seasonal_naive_7d
12,2011-05-17,2011-05-30,22197,13,0.0,61.0,seasonal_naive_7d
12,2011-05-17,2011-05-30,84077,13,0.0,48.0,seasonal_naive_7d
12,2011-05-17,2011-05-30,84270,13,0.0,0.0,seasonal_naive_7d
12,2011-05-17,2011-05-30,84347,13,0.0,0.0,seasonal_naive_7d
12,2011-05-17,2011-05-30,84568,13,0.0,0.0,seasonal_naive_7d
12,2011-05-17,2011-05-30,84755,13,0.0,320.0,seasonal_naive_7d
12,2011-05-17,2011-05-30,84879,13,0.0,64.0,seasonal_naive_7d
12,2011-05-17,2011-05-30,84991,13,0.0,26.0,seasonal_naive_7d
12,2011-05-17,2011-05-30,84992,13,0.0,6.0,seasonal_naive_7d
12,2011-05-17,2011-05-30,85099B,13,0.0,133.0,seasonal_naive_7d
12,2011-05-17,2011-05-30,85123A,13,0.0,201.0,seasonal_naive_7d
12,2011-05-17,2011-05-31,17003,14,36.0,0.0,seasonal_naive_7d
12,2011-05-17,2011-05-31,20725,14,42.0,59.0,seasonal_naive_7d
12,2011-05-17,2011-05-31,21212,14,47.0,38.0,seasonal_naive_7d
12,2011-05-17,2011-05-31,21213,14,15.0,30.0,seasonal_naive_7d
12,2011-05-17,2011-05-31,21232,14,8.0,56.0,seasonal_naive_7d
12,2011-05-17,2011-05-31,21977,14,4.0,78.0,seasonal_naive_7d
12,2011-05-17,2011-05-31,21980,14,24.0,24.0,seasonal_naive_7d
12,2011-05-17,2011-05-31,21982,14,5.0,36.0,seasonal_naive_7d
12,2011-05-17,2011-05-31,21984,14,0.0,0.0,seasonal_naive_7d
12,2011-05-17,2011-05-31,22197,14,34.0,556.0,seasonal_naive_7d
12,2011-05-17,2011-05-31,84077,14,1200.0,432.0,seasonal_naive_7d
12,2011-05-17,2011-05-31,84270,14,0.0,0.0,seasonal_naive_7d
12,2011-05-17,2011-05-31,84347,14,0.0,0.0,seasonal_naive_7d
12,2011-05-17,2011-05-31,84568,14,7.0,0.0,seasonal_naive_7d
12,2011-05-17,2011-05-31,84755,14,60.0,148.0,seasonal_naive_7d
12,2011-05-17,2011-05-31,84879,14,104.0,168.0,seasonal_naive_7d
12,2011-05-17,2011-05-31,84991,14,24.0,48.0,seasonal_naive_7d
12,2011-05-17,2011-05-31,84992,14,0.0,24.0,seasonal_naive_7d
12,2011-05-17,2011-05-31,85099B,14,29.0,161.0,seasonal_naive_7d
12,2011-05-17,2011-05-31,85123A,14,168.0,166.0,seasonal_naive_7d
13,2011-05-31,2011-06-01,17003,1,324.0,72.0,seasonal_naive_7d
13,2011-05-31,2011-06-01,20725,1,11.0,107.0,seasonal_naive_7d
13,2011-05-31,2011-06-01,21212,1,25.0,27.0,seasonal_naive_7d
13,2011-05-31,2011-06-01,21213,1,29.0,25.0,seasonal_naive_7d
13,2011-05-31,2011-06-01,21232,1,2.0,13.0,seasonal_naive_7d
13,2011-05-31,2011-06-01,21977,1,7.0,26.0,seasonal_naive_7d
13,2011-05-31,2011-06-01,21980,1,24.0,0.0,seasonal_naive_7d
13,2011-05-31,2011-06-01,21982,1,25.0,0.0,seasonal_naive_7d
13,2011-05-31,2011-06-01,21984,1,1.0,0.0,seasonal_naive_7d
13,2011-05-31,2011-06-01,22197,1,6.0,73.0,seasonal_naive_7d
13,2011-05-31,2011-06-01,84077,1,50.0,96.0,seasonal_naive_7d
13,2011-05-31,2011-06-01,84270,1,0.0,0.0,seasonal_naive_7d
13,2011-05-31,2011-06-01,84347,1,0.0,0.0,seasonal_naive_7d
13,2011-05-31,2011-06-01,84568,1,288.0,4.0,seasonal_naive_7d
13,2011-05-31,2011-06-01,84755,1,296.0,200.0,seasonal_naive_7d
13,2011-05-31,2011-06-01,84879,1,64.0,29.0,seasonal_naive_7d
13,2011-05-31,2011-06-01,84991,1,2.0,25.0,seasonal_naive_7d
13,2011-05-31,2011-06-01,84992,1,1.0,24.0,seasonal_naive_7d
13,2011-05-31,2011-06-01,85099B,1,21.0,255.0,seasonal_naive_7d
13,2011-05-31,2011-06-01,85123A,1,29.0,68.0,seasonal_naive_7d
13,2011-05-31,2011-06-02,17003,2,0.0,0.0,seasonal_naive_7d
13,2011-05-31,2011-06-02,20725,2,26.0,263.0,seasonal_naive_7d
13,2011-05-31,2011-06-02,21212,2,78.0,24.0,seasonal_naive_7d
13,2011-05-31,2011-06-02,21213,2,3.0,0.0,seasonal_naive_7d
13,2011-05-31,2011-06-02,21232,2,92.0,16.0,seasonal_naive_7d
13,2011-05-31,2011-06-02,21977,2,7.0,2.0,seasonal_naive_7d
13,2011-05-31,2011-06-02,21980,2,0.0,24.0,seasonal_naive_7d
13,2011-05-31,2011-06-02,21982,2,1.0,0.0,seasonal_naive_7d
13,2011-05-31,2011-06-02,21984,2,0.0,0.0,seasonal_naive_7d
13,2011-05-31,2011-06-02,22197,2,44.0,38.0,seasonal_naive_7d
13,2011-05-31,2011-06-02,84077,2,3.0,96.0,seasonal_naive_7d
13,2011-05-31,2011-06-02,84270,2,0.0,0.0,seasonal_naive_7d
13,2011-05-31,2011-06-02,84347,2,1.0,0.0,seasonal_naive_7d
13,2011-05-31,2011-06-02,84568,2,0.0,0.0,seasonal_naive_7d
13,2011-05-31,2011-06-02,84755,2,16.0,76.0,seasonal_naive_7d
13,2011-05-31,2011-06-02,84879,2,56.0,264.0,seasonal_naive_7d
13,2011-05-31,2011-06-02,84991,2,9.0,120.0,seasonal_naive_7d
13,2011-05-31,2011-06-02,84992,2,1.0,0.0,seasonal_naive_7d
13,2011-05-31,2011-06-02,85099B,2,155.0,6.0,seasonal_naive_7d
13,2011-05-31,2011-06-02,85123A,2,354.0,653.0,seasonal_naive_7d
13,2011-05-31,2011-06-03,17003,3,0.0,0.0,seasonal_naive_7d
13,2011-05-31,2011-06-03,20725,3,41.0,176.0,seasonal_naive_7d
13,2011-05-31,2011-06-03,21212,3,3.0,136.0,seasonal_naive_7d
13,2011-05-31,2011-06-03,21213,3,120.0,47.0,seasonal_naive_7d
13,2011-05-31,2011-06-03,21232,3,0.0,39.0,seasonal_naive_7d
13,2011-05-31,2011-06-03,21977,3,1.0,48.0,seasonal_naive_7d
13,2011-05-31,2011-06-03,21980,3,0.0,12.0,seasonal_naive_7d
13,2011-05-31,2011-06-03,21982,3,0.0,0.0,seasonal_naive_7d
13,2011-05-31,2011-06-03,21984,3,0.0,24.0,seasonal_naive_7d
13,2011-05-31,2011-06-03,22197,3,368.0,4314.0,seasonal_naive_7d
13,2011-05-31,2011-06-03,84077,3,48.0,48.0,seasonal_naive_7d
13,2011-05-31,2011-06-03,84270,3,0.0,0.0,seasonal_naive_7d
13,2011-05-31,2011-06-03,84347,3,0.0,0.0,seasonal_naive_7d
13,2011-05-31,2011-06-03,84568,3,2.0,0.0,seasonal_naive_7d
13,2011-05-31,2011-06-03,84755,3,44.0,32.0,seasonal_naive_7d
13,2011-05-31,2011-06-03,84879,3,64.0,16.0,seasonal_naive_7d
13,2011-05-31,2011-06-03,84991,3,1.0,105.0,seasonal_naive_7d
13,2011-05-31,2011-06-03,84992,3,1.0,58.0,seasonal_naive_7d
13,2011-05-31,2011-06-03,85099B,3,33.0,44.0,seasonal_naive_7d
13,2011-05-31,2011-06-03,85123A,3,29.0,22.0,seasonal_naive_7d
13,2011-05-31,2011-06-04,17003,4,0.0,0.0,seasonal_naive_7d
13,2011-05-31,2011-06-04,20725,4,0.0,0.0,seasonal_naive_7d
13,2011-05-31,2011-06-04,21212,4,0.0,0.0,seasonal_naive_7d
13,2011-05-31,2011-06-04,21213,4,0.0,0.0,seasonal_naive_7d
13,2011-05-31,2011-06-04,21232,4,0.0,0.0,seasonal_naive_7d
13,2011-05-31,2011-06-04,21977,4,0.0,0.0,seasonal_naive_7d
13,2011-05-31,2011-06-04,21980,4,0.0,0.0,seasonal_naive_7d
13,2011-05-31,2011-06-04,21982,4,0.0,0.0,seasonal_naive_7d
13,2011-05-31,2011-06-04,21984,4,0.0,0.0,seasonal_naive_7d
13,2011-05-31,2011-06-04,22197,4,0.0,0.0,seasonal_naive_7d
13,2011-05-31,2011-06-04,84077,4,0.0,0.0,seasonal_naive_7d
13,2011-05-31,2011-06-04,84270,4,0.0,0.0,seasonal_naive_7d
13,2011-05-31,2011-06-04,84347,4,0.0,0.0,seasonal_naive_7d
13,2011-05-31,2011-06-04,84568,4,0.0,0.0,seasonal_naive_7d
13,2011-05-31,2011-06-04,84755,4,0.0,0.0,seasonal_naive_7d
13,2011-05-31,2011-06-04,84879,4,0.0,0.0,seasonal_naive_7d
13,2011-05-31,2011-06-04,84991,4,0.0,0.0,seasonal_naive_7d
13,2011-05-31,2011-06-04,84992,4,0.0,0.0,seasonal_naive_7d
13,2011-05-31,2011-06-04,85099B,4,0.0,0.0,seasonal_naive_7d
13,2011-05-31,2011-06-04,85123A,4,0.0,0.0,seasonal_naive_7d
13,2011-05-31,2011-06-05,17003,5,0.0,0.0,seasonal_naive_7d
13,2011-05-31,2011-06-05,20725,5,64.0,8.0,seasonal_naive_7d
13,2011-05-31,2011-06-05,21212,5,76.0,12.0,seasonal_naive_7d
13,2011-05-31,2011-06-05,21213,5,88.0,12.0,seasonal_naive_7d
13,2011-05-31,2011-06-05,21232,5,12.0,4.0,seasonal_naive_7d
13,2011-05-31,2011-06-05,21977,5,1.0,0.0,seasonal_naive_7d
13,2011-05-31,2011-06-05,21980,5,72.0,0.0,seasonal_naive_7d
13,2011-05-31,2011-06-05,21982,5,48.0,0.0,seasonal_naive_7d
13,2011-05-31,2011-06-05,21984,5,0.0,0.0,seasonal_naive_7d
13,2011-05-31,2011-06-05,22197,5,81.0,30.0,seasonal_naive_7d
13,2011-05-31,2011-06-05,84077,5,144.0,0.0,seasonal_naive_7d
13,2011-05-31,2011-06-05,84270,5,0.0,0.0,seasonal_naive_7d
13,2011-05-31,2011-06-05,84347,5,0.0,12.0,seasonal_naive_7d
13,2011-05-31,2011-06-05,84568,5,0.0,0.0,seasonal_naive_7d
13,2011-05-31,2011-06-05,84755,5,80.0,16.0,seasonal_naive_7d
13,2011-05-31,2011-06-05,84879,5,96.0,40.0,seasonal_naive_7d
13,2011-05-31,2011-06-05,84991,5,100.0,13.0,seasonal_naive_7d
13,2011-05-31,2011-06-05,84992,5,25.0,2.0,seasonal_naive_7d
13,2011-05-31,2011-06-05,85099B,5,35.0,12.0,seasonal_naive_7d
13,2011-05-31,2011-06-05,85123A,5,49.0,26.0,seasonal_naive_7d
13,2011-05-31,2011-06-06,17003,6,0.0,0.0,seasonal_naive_7d
13,2011-05-31,2011-06-06,20725,6,20.0,0.0,seasonal_naive_7d
13,2011-05-31,2011-06-06,21212,6,48.0,0.0,seasonal_naive_7d
13,2011-05-31,2011-06-06,21213,6,49.0,0.0,seasonal_naive_7d
13,2011-05-31,2011-06-06,21232,6,12.0,0.0,seasonal_naive_7d
13,2011-05-31,2011-06-06,21977,6,48.0,0.0,seasonal_naive_7d
13,2011-05-31,2011-06-06,21980,6,0.0,0.0,seasonal_naive_7d
13,2011-05-31,2011-06-06,21982,6,0.0,0.0,seasonal_naive_7d
13,2011-05-31,2011-06-06,21984,6,0.0,0.0,seasonal_naive_7d
13,2011-05-31,2011-06-06,22197,6,17.0,0.0,seasonal_naive_7d
13,2011-05-31,2011-06-06,84077,6,0.0,0.0,seasonal_naive_7d
13,2011-05-31,2011-06-06,84270,6,0.0,0.0,seasonal_naive_7d
13,2011-05-31,2011-06-06,84347,6,0.0,0.0,seasonal_naive_7d
13,2011-05-31,2011-06-06,84568,6,0.0,0.0,seasonal_naive_7d
13,2011-05-31,2011-06-06,84755,6,32.0,0.0,seasonal_naive_7d
13,2011-05-31,2011-06-06,84879,6,64.0,0.0,seasonal_naive_7d
13,2011-05-31,2011-06-06,84991,6,28.0,0.0,seasonal_naive_7d
13,2011-05-31,2011-06-06,84992,6,24.0,0.0,seasonal_naive_7d
13,2011-05-31,2011-06-06,85099B,6,123.0,0.0,seasonal_naive_7d
13,2011-05-31,2011-06-06,85123A,6,108.0,0.0,seasonal_naive_7d
13,2011-05-31,2011-06-07,17003,7,85.0,36.0,seasonal_naive_7d
13,2011-05-31,2011-06-07,20725,7,195.0,42.0,seasonal_naive_7d
13,2011-05-31,2011-06-07,21212,7,173.0,47.0,seasonal_naive_7d
13,2011-05-31,2011-06-07,21213,7,10.0,15.0,seasonal_naive_7d
13,2011-05-31,2011-06-07,21232,7,1.0,8.0,seasonal_naive_7d
13,2011-05-31,2011-06-07,21977,7,52.0,4.0,seasonal_naive_7d
13,2011-05-31,2011-06-07,21980,7,0.0,24.0,seasonal_naive_7d
13,2011-05-31,2011-06-07,21982,7,0.0,5.0,seasonal_naive_7d
13,2011-05-31,2011-06-07,21984,7,0.0,0.0,seasonal_naive_7d
13,2011-05-31,2011-06-07,22197,7,19.0,34.0,seasonal_naive_7d
13,2011-05-31,2011-06-07,84077,7,336.0,1200.0,seasonal_naive_7d
13,2011-05-31,2011-06-07,84270,7,0.0,0.0,seasonal_naive_7d
13,2011-05-31,2011-06-07,84347,7,0.0,0.0,seasonal_naive_7d
13,2011-05-31,2011-06-07,84568,7,0.0,7.0,seasonal_naive_7d
13,2011-05-31,2011-06-07,84755,7,240.0,60.0,seasonal_naive_7d
13,2011-05-31,2011-06-07,84879,7,44.0,104.0,seasonal_naive_7d
13,2011-05-31,2011-06-07,84991,7,0.0,24.0,seasonal_naive_7d
13,2011-05-31,2011-06-07,84992,7,31.0,0.0,seasonal_naive_7d
13,2011-05-31,2011-06-07,85099B,7,317.0,29.0,seasonal_naive_7d
13,2011-05-31,2011-06-07,85123A,7,56.0,168.0,seasonal_naive_7d
13,2011-05-31,2011-06-08,17003,8,756.0,72.0,seasonal_naive_7d
13,2011-05-31,2011-06-08,20725,8,236.0,107.0,seasonal_naive_7d
13,2011-05-31,2011-06-08,21212,8,124.0,27.0,seasonal_naive_7d
13,2011-05-31,2011-06-08,21213,8,76.0,25.0,seasonal_naive_7d
13,2011-05-31,2011-06-08,21232,8,57.0,13.0,seasonal_naive_7d
13,2011-05-31,2011-06-08,21977,8,4.0,26.0,seasonal_naive_7d
13,2011-05-31,2011-06-08,21980,8,0.0,0.0,seasonal_naive_7d
13,2011-05-31,2011-06-08,21982,8,24.0,0.0,seasonal_naive_7d
13,2011-05-31,2011-06-08,21984,8,36.0,0.0,seasonal_naive_7d
13,2011-05-31,2011-06-08,22197,8,51.0,73.0,seasonal_naive_7d
13,2011-05-31,2011-06-08,84077,8,96.0,96.0,seasonal_naive_7d
13,2011-05-31,2011-06-08,84270,8,0.0,0.0,seasonal_naive_7d
13,2011-05-31,2011-06-08,84347,8,0.0,0.0,seasonal_naive_7d
13,2011-05-31,2011-06-08,84568,8,0.0,4.0,seasonal_naive_7d
13,2011-05-31,2011-06-08,84755,8,60.0,200.0,seasonal_naive_7d
13,2011-05-31,2011-06-08,84879,8,104.0,29.0,seasonal_naive_7d
13,2011-05-31,2011-06-08,84991,8,27.0,25.0,seasonal_naive_7d
13,2011-05-31,2011-06-08,84992,8,1.0,24.0,seasonal_naive_7d
13,2011-05-31,2011-06-08,85099B,8,135.0,255.0,seasonal_naive_7d
13,2011-05-31,2011-06-08,85123A,8,110.0,68.0,seasonal_naive_7d
13,2011-05-31,2011-06-09,17003,9,36.0,0.0,seasonal_naive_7d
13,2011-05-31,2011-06-09,20725,9,54.0,263.0,seasonal_naive_7d
13,2011-05-31,2011-06-09,21212,9,78.0,24.0,seasonal_naive_7d
13,2011-05-31,2011-06-09,21213,9,28.0,0.0,seasonal_naive_7d
13,2011-05-31,2011-06-09,21232,9,44.0,16.0,seasonal_naive_7d
13,2011-05-31,2011-06-09,21977,9,202.0,2.0,seasonal_naive_7d
13,2011-05-31,2011-06-09,21980,9,0.0,24.0,seasonal_naive_7d
13,2011-05-31,2011-06-09,21982,9,24.0,0.0,seasonal_naive_7d
13,2011-05-31,2011-06-09,21984,9,0.0,0.0,seasonal_naive_7d
13,2011-05-31,2011-06-09,22197,9,161.0,38.0,seasonal_naive_7d
13,2011-05-31,2011-06-09,84077,9,48.0,96.0,seasonal_naive_7d
13,2011-05-31,2011-06-09,84270,9,0.0,0.0,seasonal_naive_7d
13,2011-05-31,2011-06-09,84347,9,0.0,0.0,seasonal_naive_7d
13,2011-05-31,2011-06-09,84568,9,0.0,0.0,seasonal_naive_7d
13,2011-05-31,2011-06-09,84755,9,88.0,76.0,seasonal_naive_7d
13,2011-05-31,2011-06-09,84879,9,32.0,264.0,seasonal_naive_7d
13,2011-05-31,2011-06-09,84991,9,11.0,120.0,seasonal_naive_7d
13,2011-05-31,2011-06-09,84992,9,49.0,0.0,seasonal_naive_7d
13,2011-05-31,2011-06-09,85099B,9,88.0,6.0,seasonal_naive_7d
13,2011-05-31,2011-06-09,85123A,9,15.0,653.0,seasonal_naive_7d
13,2011-05-31,2011-06-10,17003,10,0.0,0.0,seasonal_naive_7d
13,2011-05-31,2011-06-10,20725,10,55.0,176.0,seasonal_naive_7d
13,2011-05-31,2011-06-10,21212,10,160.0,136.0,seasonal_naive_7d
13,2011-05-31,2011-06-10,21213,10,3.0,47.0,seasonal_naive_7d
13,2011-05-31,2011-06-10,21232,10,6.0,39.0,seasonal_naive_7d
13,2011-05-31,2011-06-10,21977,10,2.0,48.0,seasonal_naive_7d
13,2011-05-31,2011-06-10,21980,10,0.0,12.0,seasonal_naive_7d
13,2011-05-31,2011-06-10,21982,10,24.0,0.0,seasonal_naive_7d
13,2011-05-31,2011-06-10,21984,10,0.0,24.0,seasonal_naive_7d
13,2011-05-31,2011-06-10,22197,10,105.0,4314.0,seasonal_naive_7d
13,2011-05-31,2011-06-10,84077,10,0.0,48.0,seasonal_naive_7d
13,2011-05-31,2011-06-10,84270,10,0.0,0.0,seasonal_naive_7d
13,2011-05-31,2011-06-10,84347,10,0.0,0.0,seasonal_naive_7d
13,2011-05-31,2011-06-10,84568,10,0.0,0.0,seasonal_naive_7d
13,2011-05-31,2011-06-10,84755,10,96.0,32.0,seasonal_naive_7d
13,2011-05-31,2011-06-10,84879,10,40.0,16.0,seasonal_naive_7d
13,2011-05-31,2011-06-10,84991,10,4.0,105.0,seasonal_naive_7d
13,2011-05-31,2011-06-10,84992,10,3.0,58.0,seasonal_naive_7d
13,2011-05-31,2011-06-10,85099B,10,72.0,44.0,seasonal_naive_7d
13,2011-05-31,2011-06-10,85123A,10,68.0,22.0,seasonal_naive_7d
13,2011-05-31,2011-06-11,17003,11,0.0,0.0,seasonal_naive_7d
13,2011-05-31,2011-06-11,20725,11,0.0,0.0,seasonal_naive_7d
13,2011-05-31,2011-06-11,21212,11,0.0,0.0,seasonal_naive_7d
13,2011-05-31,2011-06-11,21213,11,0.0,0.0,seasonal_naive_7d
13,2011-05-31,2011-06-11,21232,11,0.0,0.0,seasonal_naive_7d
13,2011-05-31,2011-06-11,21977,11,0.0,0.0,seasonal_naive_7d
13,2011-05-31,2011-06-11,21980,11,0.0,0.0,seasonal_naive_7d
13,2011-05-31,2011-06-11,21982,11,0.0,0.0,seasonal_naive_7d
13,2011-05-31,2011-06-11,21984,11,0.0,0.0,seasonal_naive_7d
13,2011-05-31,2011-06-11,22197,11,0.0,0.0,seasonal_naive_7d
13,2011-05-31,2011-06-11,84077,11,0.0,0.0,seasonal_naive_7d
13,2011-05-31,2011-06-11,84270,11,0.0,0.0,seasonal_naive_7d
13,2011-05-31,2011-06-11,84347,11,0.0,0.0,seasonal_naive_7d
13,2011-05-31,2011-06-11,84568,11,0.0,0.0,seasonal_naive_7d
13,2011-05-31,2011-06-11,84755,11,0.0,0.0,seasonal_naive_7d
13,2011-05-31,2011-06-11,84879,11,0.0,0.0,seasonal_naive_7d
13,2011-05-31,2011-06-11,84991,11,0.0,0.0,seasonal_naive_7d
13,2011-05-31,2011-06-11,84992,11,0.0,0.0,seasonal_naive_7d
13,2011-05-31,2011-06-11,85099B,11,0.0,0.0,seasonal_naive_7d
13,2011-05-31,2011-06-11,85123A,11,0.0,0.0,seasonal_naive_7d
13,2011-05-31,2011-06-12,17003,12,36.0,0.0,seasonal_naive_7d
13,2011-05-31,2011-06-12,20725,12,25.0,8.0,seasonal_naive_7d
13,2011-05-31,2011-06-12,21212,12,36.0,12.0,seasonal_naive_7d
13,2011-05-31,2011-06-12,21213,12,12.0,12.0,seasonal_naive_7d
13,2011-05-31,2011-06-12,21232,12,75.0,4.0,seasonal_naive_7d
13,2011-05-31,2011-06-12,21977,12,29.0,0.0,seasonal_naive_7d
13,2011-05-31,2011-06-12,21980,12,0.0,0.0,seasonal_naive_7d
13,2011-05-31,2011-06-12,21982,12,6.0,0.0,seasonal_naive_7d
13,2011-05-31,2011-06-12,21984,12,0.0,0.0,seasonal_naive_7d
13,2011-05-31,2011-06-12,22197,12,57.0,30.0,seasonal_naive_7d
13,2011-05-31,2011-06-12,84077,12,0.0,0.0,seasonal_naive_7d
13,2011-05-31,2011-06-12,84270,12,0.0,0.0,seasonal_naive_7d
13,2011-05-31,2011-06-12,84347,12,0.0,12.0,seasonal_naive_7d
13,2011-05-31,2011-06-12,84568,12,288.0,0.0,seasonal_naive_7d
13,2011-05-31,2011-06-12,84755,12,56.0,16.0,seasonal_naive_7d
13,2011-05-31,2011-06-12,84879,12,8.0,40.0,seasonal_naive_7d
13,2011-05-31,2011-06-12,84991,12,20.0,13.0,seasonal_naive_7d
13,2011-05-31,2011-06-12,84992,12,6.0,2.0,seasonal_naive_7d
13,2011-05-31,2011-06-12,85099B,12,148.0,12.0,seasonal_naive_7d
13,2011-05-31,2011-06-12,85123A,12,33.0,26.0,seasonal_naive_7d
13,2011-05-31,2011-06-13,17003,13,0.0,0.0,seasonal_naive_7d
13,2011-05-31,2011-06-13,20725,13,11.0,0.0,seasonal_naive_7d
13,2011-05-31,2011-06-13,21212,13,1.0,0.0,seasonal_naive_7d
13,2011-05-31,2011-06-13,21213,13,2.0,0.0,seasonal_naive_7d
13,2011-05-31,2011-06-13,21232,13,13.0,0.0,seasonal_naive_7d
13,2011-05-31,2011-06-13,21977,13,51.0,0.0,seasonal_naive_7d
13,2011-05-31,2011-06-13,21980,13,0.0,0.0,seasonal_naive_7d
13,2011-05-31,2011-06-13,21982,13,25.0,0.0,seasonal_naive_7d
13,2011-05-31,2011-06-13,21984,13,48.0,0.0,seasonal_naive_7d
13,2011-05-31,2011-06-13,22197,13,33.0,0.0,seasonal_naive_7d
13,2011-05-31,2011-06-13,84077,13,1.0,0.0,seasonal_naive_7d
13,2011-05-31,2011-06-13,84270,13,0.0,0.0,seasonal_naive_7d
13,2011-05-31,2011-06-13,84347,13,0.0,0.0,seasonal_naive_7d
13,2011-05-31,2011-06-13,84568,13,0.0,0.0,seasonal_naive_7d
13,2011-05-31,2011-06-13,84755,13,40.0,0.0,seasonal_naive_7d
13,2011-05-31,2011-06-13,84879,13,16.0,0.0,seasonal_naive_7d
13,2011-05-31,2011-06-13,84991,13,4.0,0.0,seasonal_naive_7d
13,2011-05-31,2011-06-13,84992,13,1.0,0.0,seasonal_naive_7d
13,2011-05-31,2011-06-13,85099B,13,35.0,0.0,seasonal_naive_7d
13,2011-05-31,2011-06-13,85123A,13,17.0,0.0,seasonal_naive_7d
13,2011-05-31,2011-06-14,17003,14,0.0,36.0,seasonal_naive_7d
13,2011-05-31,2011-06-14,20725,14,25.0,42.0,seasonal_naive_7d
13,2011-05-31,2011-06-14,21212,14,38.0,47.0,seasonal_naive_7d
13,2011-05-31,2011-06-14,21213,14,36.0,15.0,seasonal_naive_7d
13,2011-05-31,2011-06-14,21232,14,22.0,8.0,seasonal_naive_7d
13,2011-05-31,2011-06-14,21977,14,28.0,4.0,seasonal_naive_7d
13,2011-05-31,2011-06-14,21980,14,24.0,24.0,seasonal_naive_7d
13,2011-05-31,2011-06-14,21982,14,24.0,5.0,seasonal_naive_7d
13,2011-05-31,2011-06-14,21984,14,0.0,0.0,seasonal_naive_7d
13,2011-05-31,2011-06-14,22197,14,127.0,34.0,seasonal_naive_7d
13,2011-05-31,2011-06-14,84077,14,48.0,1200.0,seasonal_naive_7d
13,2011-05-31,2011-06-14,84270,14,0.0,0.0,seasonal_naive_7d
13,2011-05-31,2011-06-14,84347,14,1.0,0.0,seasonal_naive_7d
13,2011-05-31,2011-06-14,84568,14,6.0,7.0,seasonal_naive_7d
13,2011-05-31,2011-06-14,84755,14,228.0,60.0,seasonal_naive_7d
13,2011-05-31,2011-06-14,84879,14,52.0,104.0,seasonal_naive_7d
13,2011-05-31,2011-06-14,84991,14,27.0,24.0,seasonal_naive_7d
13,2011-05-31,2011-06-14,84992,14,0.0,0.0,seasonal_naive_7d
13,2011-05-31,2011-06-14,85099B,14,234.0,29.0,seasonal_naive_7d
13,2011-05-31,2011-06-14,85123A,14,50.0,168.0,seasonal_naive_7d
14,2011-06-14,2011-06-15,17003,1,720.0,756.0,seasonal_naive_7d
14,2011-06-14,2011-06-15,20725,1,168.0,236.0,seasonal_naive_7d
14,2011-06-14,2011-06-15,21212,1,409.0,124.0,seasonal_naive_7d
14,2011-06-14,2011-06-15,21213,1,219.0,76.0,seasonal_naive_7d
14,2011-06-14,2011-06-15,21232,1,4.0,57.0,seasonal_naive_7d
14,2011-06-14,2011-06-15,21977,1,266.0,4.0,seasonal_naive_7d
14,2011-06-14,2011-06-15,21980,1,4.0,0.0,seasonal_naive_7d
14,2011-06-14,2011-06-15,21982,1,2.0,24.0,seasonal_naive_7d
14,2011-06-14,2011-06-15,21984,1,4.0,36.0,seasonal_naive_7d
14,2011-06-14,2011-06-15,22197,1,128.0,51.0,seasonal_naive_7d
14,2011-06-14,2011-06-15,84077,1,0.0,96.0,seasonal_naive_7d
14,2011-06-14,2011-06-15,84270,1,0.0,0.0,seasonal_naive_7d
14,2011-06-14,2011-06-15,84347,1,1.0,0.0,seasonal_naive_7d
14,2011-06-14,2011-06-15,84568,1,7.0,0.0,seasonal_naive_7d
14,2011-06-14,2011-06-15,84755,1,88.0,60.0,seasonal_naive_7d
14,2011-06-14,2011-06-15,84879,1,48.0,104.0,seasonal_naive_7d
14,2011-06-14,2011-06-15,84991,1,177.0,27.0,seasonal_naive_7d
14,2011-06-14,2011-06-15,84992,1,120.0,1.0,seasonal_naive_7d
14,2011-06-14,2011-06-15,85099B,1,313.0,135.0,seasonal_naive_7d
14,2011-06-14,2011-06-15,85123A,1,120.0,110.0,seasonal_naive_7d
14,2011-06-14,2011-06-16,17003,2,0.0,36.0,seasonal_naive_7d
14,2011-06-14,2011-06-16,20725,2,47.0,54.0,seasonal_naive_7d
14,2011-06-14,2011-06-16,21212,2,122.0,78.0,seasonal_naive_7d
14,2011-06-14,2011-06-16,21213,2,48.0,28.0,seasonal_naive_7d
14,2011-06-14,2011-06-16,21232,2,20.0,44.0,seasonal_naive_7d
14,2011-06-14,2011-06-16,21977,2,48.0,202.0,seasonal_naive_7d
14,2011-06-14,2011-06-16,21980,2,0.0,0.0,seasonal_naive_7d
14,2011-06-14,2011-06-16,21982,2,1.0,24.0,seasonal_naive_7d
14,2011-06-14,2011-06-16,21984,2,0.0,0.0,seasonal_naive_7d
14,2011-06-14,2011-06-16,22197,2,13.0,161.0,seasonal_naive_7d
14,2011-06-14,2011-06-16,84077,2,0.0,48.0,seasonal_naive_7d
14,2011-06-14,2011-06-16,84270,2,0.0,0.0,seasonal_naive_7d
14,2011-06-14,2011-06-16,84347,2,0.0,0.0,seasonal_naive_7d
14,2011-06-14,2011-06-16,84568,2,0.0,0.0,seasonal_naive_7d
14,2011-06-14,2011-06-16,84755,2,204.0,88.0,seasonal_naive_7d
14,2011-06-14,2011-06-16,84879,2,57.0,32.0,seasonal_naive_7d
14,2011-06-14,2011-06-16,84991,2,48.0,11.0,seasonal_naive_7d
14,2011-06-14,2011-06-16,84992,2,0.0,49.0,seasonal_naive_7d
14,2011-06-14,2011-06-16,85099B,2,134.0,88.0,seasonal_naive_7d
14,2011-06-14,2011-06-16,85123A,2,42.0,15.0,seasonal_naive_7d
14,2011-06-14,2011-06-17,17003,3,0.0,0.0,seasonal_naive_7d
14,2011-06-14,2011-06-17,20725,3,84.0,55.0,seasonal_naive_7d
14,2011-06-14,2011-06-17,21212,3,139.0,160.0,seasonal_naive_7d
14,2011-06-14,2011-06-17,21213,3,52.0,3.0,seasonal_naive_7d
14,2011-06-14,2011-06-17,21232,3,15.0,6.0,seasonal_naive_7d
14,2011-06-14,2011-06-17,21977,3,72.0,2.0,seasonal_naive_7d
14,2011-06-14,2011-06-17,21980,3,24.0,0.0,seasonal_naive_7d
14,2011-06-14,2011-06-17,21982,3,0.0,24.0,seasonal_naive_7d
14,2011-06-14,2011-06-17,21984,3,36.0,0.0,seasonal_naive_7d
14,2011-06-14,2011-06-17,22197,3,82.0,105.0,seasonal_naive_7d
14,2011-06-14,2011-06-17,84077,3,48.0,0.0,seasonal_naive_7d
14,2011-06-14,2011-06-17,84270,3,0.0,0.0,seasonal_naive_7d
14,2011-06-14,2011-06-17,84347,3,0.0,0.0,seasonal_naive_7d
14,2011-06-14,2011-06-17,84568,3,0.0,0.0,seasonal_naive_7d
14,2011-06-14,2011-06-17,84755,3,0.0,96.0,seasonal_naive_7d
14,2011-06-14,2011-06-17,84879,3,233.0,40.0,seasonal_naive_7d
14,2011-06-14,2011-06-17,84991,3,48.0,4.0,seasonal_naive_7d
14,2011-06-14,2011-06-17,84992,3,72.0,3.0,seasonal_naive_7d
14,2011-06-14,2011-06-17,85099B,3,120.0,72.0,seasonal_naive_7d
14,2011-06-14,2011-06-17,85123A,3,15.0,68.0,seasonal_naive_7d
14,2011-06-14,2011-06-18,17003,4,0.0,0.0,seasonal_naive_7d
14,2011-06-14,2011-06-18,20725,4,0.0,0.0,seasonal_naive_7d
14,2011-06-14,2011-06-18,21212,4,0.0,0.0,seasonal_naive_7d
14,2011-06-14,2011-06-18,21213,4,0.0,0.0,seasonal_naive_7d
14,2011-06-14,2011-06-18,21232,4,0.0,0.0,seasonal_naive_7d
14,2011-06-14,2011-06-18,21977,4,0.0,0.0,seasonal_naive_7d
14,2011-06-14,2011-06-18,21980,4,0.0,0.0,seasonal_naive_7d
14,2011-06-14,2011-06-18,21982,4,0.0,0.0,seasonal_naive_7d
14,2011-06-14,2011-06-18,21984,4,0.0,0.0,seasonal_naive_7d
14,2011-06-14,2011-06-18,22197,4,0.0,0.0,seasonal_naive_7d
14,2011-06-14,2011-06-18,84077,4,0.0,0.0,seasonal_naive_7d
14,2011-06-14,2011-06-18,84270,4,0.0,0.0,seasonal_naive_7d
14,2011-06-14,2011-06-18,84347,4,0.0,0.0,seasonal_naive_7d
14,2011-06-14,2011-06-18,84568,4,0.0,0.0,seasonal_naive_7d
14,2011-06-14,2011-06-18,84755,4,0.0,0.0,seasonal_naive_7d
14,2011-06-14,2011-06-18,84879,4,0.0,0.0,seasonal_naive_7d
14,2011-06-14,2011-06-18,84991,4,0.0,0.0,seasonal_naive_7d
14,2011-06-14,2011-06-18,84992,4,0.0,0.0,seasonal_naive_7d
14,2011-06-14,2011-06-18,85099B,4,0.0,0.0,seasonal_naive_7d
14,2011-06-14,2011-06-18,85123A,4,0.0,0.0,seasonal_naive_7d
14,2011-06-14,2011-06-19,17003,5,117.0,36.0,seasonal_naive_7d
14,2011-06-14,2011-06-19,20725,5,113.0,25.0,seasonal_naive_7d
14,2011-06-14,2011-06-19,21212,5,147.0,36.0,seasonal_naive_7d
14,2011-06-14,2011-06-19,21213,5,146.0,12.0,seasonal_naive_7d
14,2011-06-14,2011-06-19,21232,5,12.0,75.0,seasonal_naive_7d
14,2011-06-14,2011-06-19,21977,5,6.0,29.0,seasonal_naive_7d
14,2011-06-14,2011-06-19,21980,5,0.0,0.0,seasonal_naive_7d
14,2011-06-14,2011-06-19,21982,5,0.0,6.0,seasonal_naive_7d
14,2011-06-14,2011-06-19,21984,5,24.0,0.0,seasonal_naive_7d
14,2011-06-14,2011-06-19,22197,5,54.0,57.0,seasonal_naive_7d
14,2011-06-14,2011-06-19,84077,5,48.0,0.0,seasonal_naive_7d
14,2011-06-14,2011-06-19,84270,5,0.0,0.0,seasonal_naive_7d
14,2011-06-14,2011-06-19,84347,5,0.0,0.0,seasonal_naive_7d
14,2011-06-14,2011-06-19,84568,5,0.0,288.0,seasonal_naive_7d
14,2011-06-14,2011-06-19,84755,5,72.0,56.0,seasonal_naive_7d
14,2011-06-14,2011-06-19,84879,5,40.0,8.0,seasonal_naive_7d
14,2011-06-14,2011-06-19,84991,5,0.0,20.0,seasonal_naive_7d
14,2011-06-14,2011-06-19,84992,5,0.0,6.0,seasonal_naive_7d
14,2011-06-14,2011-06-19,85099B,5,123.0,148.0,seasonal_naive_7d
14,2011-06-14,2011-06-19,85123A,5,147.0,33.0,seasonal_naive_7d
14,2011-06-14,2011-06-20,17003,6,0.0,0.0,seasonal_naive_7d
14,2011-06-14,2011-06-20,20725,6,27.0,11.0,seasonal_naive_7d
14,2011-06-14,2011-06-20,21212,6,57.0,1.0,seasonal_naive_7d
14,2011-06-14,2011-06-20,21213,6,34.0,2.0,seasonal_naive_7d
14,2011-06-14,2011-06-20,21232,6,50.0,13.0,seasonal_naive_7d
14,2011-06-14,2011-06-20,21977,6,27.0,51.0,seasonal_naive_7d
14,2011-06-14,2011-06-20,21980,6,26.0,0.0,seasonal_naive_7d
14,2011-06-14,2011-06-20,21982,6,7.0,25.0,seasonal_naive_7d
14,2011-06-14,2011-06-20,21984,6,0.0,48.0,seasonal_naive_7d
14,2011-06-14,2011-06-20,22197,6,59.0,33.0,seasonal_naive_7d
14,2011-06-14,2011-06-20,84077,6,384.0,1.0,seasonal_naive_7d
14,2011-06-14,2011-06-20,84270,6,0.0,0.0,seasonal_naive_7d
14,2011-06-14,2011-06-20,84347,6,0.0,0.0,seasonal_naive_7d
14,2011-06-14,2011-06-20,84568,6,308.0,0.0,seasonal_naive_7d
14,2011-06-14,2011-06-20,84755,6,52.0,40.0,seasonal_naive_7d
14,2011-06-14,2011-06-20,84879,6,24.0,16.0,seasonal_naive_7d
14,2011-06-14,2011-06-20,84991,6,61.0,4.0,seasonal_naive_7d
14,2011-06-14,2011-06-20,84992,6,6.0,1.0,seasonal_naive_7d
14,2011-06-14,2011-06-20,85099B,6,356.0,35.0,seasonal_naive_7d
14,2011-06-14,2011-06-20,85123A,6,29.0,17.0,seasonal_naive_7d
14,2011-06-14,2011-06-21,17003,7,144.0,0.0,seasonal_naive_7d
14,2011-06-14,2011-06-21,20725,7,65.0,25.0,seasonal_naive_7d
14,2011-06-14,2011-06-21,21212,7,36.0,38.0,seasonal_naive_7d
14,2011-06-14,2011-06-21,21213,7,1.0,36.0,seasonal_naive_7d
14,2011-06-14,2011-06-21,21232,7,23.0,22.0,seasonal_naive_7d
14,2011-06-14,2011-06-21,21977,7,2.0,28.0,seasonal_naive_7d
14,2011-06-14,2011-06-21,21980,7,8.0,24.0,seasonal_naive_7d
14,2011-06-14,2011-06-21,21982,7,0.0,24.0,seasonal_naive_7d
14,2011-06-14,2011-06-21,21984,7,4.0,0.0,seasonal_naive_7d
14,2011-06-14,2011-06-21,22197,7,49.0,127.0,seasonal_naive_7d
14,2011-06-14,2011-06-21,84077,7,96.0,48.0,seasonal_naive_7d
14,2011-06-14,2011-06-21,84270,7,0.0,0.0,seasonal_naive_7d
14,2011-06-14,2011-06-21,84347,7,0.0,1.0,seasonal_naive_7d
14,2011-06-14,2011-06-21,84568,7,12.0,6.0,seasonal_naive_7d
14,2011-06-14,2011-06-21,84755,7,4.0,228.0,seasonal_naive_7d
14,2011-06-14,2011-06-21,84879,7,82.0,52.0,seasonal_naive_7d
14,2011-06-14,2011-06-21,84991,7,3.0,27.0,seasonal_naive_7d
14,2011-06-14,2011-06-21,84992,7,27.0,0.0,seasonal_naive_7d
14,2011-06-14,2011-06-21,85099B,7,162.0,234.0,seasonal_naive_7d
14,2011-06-14,2011-06-21,85123A,7,13.0,50.0,seasonal_naive_7d
14,2011-06-14,2011-06-22,17003,8,720.0,756.0,seasonal_naive_7d
14,2011-06-14,2011-06-22,20725,8,22.0,236.0,seasonal_naive_7d
14,2011-06-14,2011-06-22,21212,8,26.0,124.0,seasonal_naive_7d
14,2011-06-14,2011-06-22,21213,8,144.0,76.0,seasonal_naive_7d
14,2011-06-14,2011-06-22,21232,8,9.0,57.0,seasonal_naive_7d
14,2011-06-14,2011-06-22,21977,8,444.0,4.0,seasonal_naive_7d
14,2011-06-14,2011-06-22,21980,8,24.0,0.0,seasonal_naive_7d
14,2011-06-14,2011-06-22,21982,8,0.0,24.0,seasonal_naive_7d
14,2011-06-14,2011-06-22,21984,8,0.0,36.0,seasonal_naive_7d
14,2011-06-14,2011-06-22,22197,8,1.0,51.0,seasonal_naive_7d
14,2011-06-14,2011-06-22,84077,8,240.0,96.0,seasonal_naive_7d
14,2011-06-14,2011-06-22,84270,8,0.0,0.0,seasonal_naive_7d
14,2011-06-14,2011-06-22,84347,8,0.0,0.0,seasonal_naive_7d
14,2011-06-14,2011-06-22,84568,8,0.0,0.0,seasonal_naive_7d
14,2011-06-14,2011-06-22,84755,8,32.0,60.0,seasonal_naive_7d
14,2011-06-14,2011-06-22,84879,8,60.0,104.0,seasonal_naive_7d
14,2011-06-14,2011-06-22,84991,8,0.0,27.0,seasonal_naive_7d
14,2011-06-14,2011-06-22,84992,8,0.0,1.0,seasonal_naive_7d
14,2011-06-14,2011-06-22,85099B,8,120.0,135.0,seasonal_naive_7d
14,2011-06-14,2011-06-22,85123A,8,18.0,110.0,seasonal_naive_7d
14,2011-06-14,2011-06-23,17003,9,0.0,36.0,seasonal_naive_7d
14,2011-06-14,2011-06-23,20725,9,50.0,54.0,seasonal_naive_7d
14,2011-06-14,2011-06-23,21212,9,59.0,78.0,seasonal_naive_7d
14,2011-06-14,2011-06-23,21213,9,54.0,28.0,seasonal_naive_7d
14,2011-06-14,2011-06-23,21232,9,10.0,44.0,seasonal_naive_7d
14,2011-06-14,2011-06-23,21977,9,72.0,202.0,seasonal_naive_7d
14,2011-06-14,2011-06-23,21980,9,0.0,0.0,seasonal_naive_7d
14,2011-06-14,2011-06-23,21982,9,2.0,24.0,seasonal_naive_7d
14,2011-06-14,2011-06-23,21984,9,2.0,0.0,seasonal_naive_7d
14,2011-06-14,2011-06-23,22197,9,110.0,161.0,seasonal_naive_7d
14,2011-06-14,2011-06-23,84077,9,97.0,48.0,seasonal_naive_7d
14,2011-06-14,2011-06-23,84270,9,0.0,0.0,seasonal_naive_7d
14,2011-06-14,2011-06-23,84347,9,0.0,0.0,seasonal_naive_7d
14,2011-06-14,2011-06-23,84568,9,8.0,0.0,seasonal_naive_7d
14,2011-06-14,2011-06-23,84755,9,60.0,88.0,seasonal_naive_7d
14,2011-06-14,2011-06-23,84879,9,48.0,32.0,seasonal_naive_7d
14,2011-06-14,2011-06-23,84991,9,28.0,11.0,seasonal_naive_7d
14,2011-06-14,2011-06-23,84992,9,55.0,49.0,seasonal_naive_7d
14,2011-06-14,2011-06-23,85099B,9,142.0,88.0,seasonal_naive_7d
14,2011-06-14,2011-06-23,85123A,9,106.0,15.0,seasonal_naive_7d
14,2011-06-14,2011-06-24,17003,10,0.0,0.0,seasonal_naive_7d
14,2011-06-14,2011-06-24,20725,10,41.0,55.0,seasonal_naive_7d
14,2011-06-14,2011-06-24,21212,10,0.0,160.0,seasonal_naive_7d
14,2011-06-14,2011-06-24,21213,10,1.0,3.0,seasonal_naive_7d
14,2011-06-14,2011-06-24,21232,10,85.0,6.0,seasonal_naive_7d
14,2011-06-14,2011-06-24,21977,10,0.0,2.0,seasonal_naive_7d
14,2011-06-14,2011-06-24,21980,10,0.0,0.0,seasonal_naive_7d
14,2011-06-14,2011-06-24,21982,10,1.0,24.0,seasonal_naive_7d
14,2011-06-14,2011-06-24,21984,10,0.0,0.0,seasonal_naive_7d
14,2011-06-14,2011-06-24,22197,10,126.0,105.0,seasonal_naive_7d
14,2011-06-14,2011-06-24,84077,10,144.0,0.0,seasonal_naive_7d
14,2011-06-14,2011-06-24,84270,10,0.0,0.0,seasonal_naive_7d
14,2011-06-14,2011-06-24,84347,10,1.0,0.0,seasonal_naive_7d
14,2011-06-14,2011-06-24,84568,10,0.0,0.0,seasonal_naive_7d
14,2011-06-14,2011-06-24,84755,10,48.0,96.0,seasonal_naive_7d
14,2011-06-14,2011-06-24,84879,10,56.0,40.0,seasonal_naive_7d
14,2011-06-14,2011-06-24,84991,10,0.0,4.0,seasonal_naive_7d
14,2011-06-14,2011-06-24,84992,10,0.0,3.0,seasonal_naive_7d
14,2011-06-14,2011-06-24,85099B,10,31.0,72.0,seasonal_naive_7d
14,2011-06-14,2011-06-24,85123A,10,38.0,68.0,seasonal_naive_7d
14,2011-06-14,2011-06-25,17003,11,0.0,0.0,seasonal_naive_7d
14,2011-06-14,2011-06-25,20725,11,0.0,0.0,seasonal_naive_7d
14,2011-06-14,2011-06-25,21212,11,0.0,0.0,seasonal_naive_7d
14,2011-06-14,2011-06-25,21213,11,0.0,0.0,seasonal_naive_7d
14,2011-06-14,2011-06-25,21232,11,0.0,0.0,seasonal_naive_7d
14,2011-06-14,2011-06-25,21977,11,0.0,0.0,seasonal_naive_7d
14,2011-06-14,2011-06-25,21980,11,0.0,0.0,seasonal_naive_7d
14,2011-06-14,2011-06-25,21982,11,0.0,0.0,seasonal_naive_7d
14,2011-06-14,2011-06-25,21984,11,0.0,0.0,seasonal_naive_7d
14,2011-06-14,2011-06-25,22197,11,0.0,0.0,seasonal_naive_7d
14,2011-06-14,2011-06-25,84077,11,0.0,0.0,seasonal_naive_7d
14,2011-06-14,2011-06-25,84270,11,0.0,0.0,seasonal_naive_7d
14,2011-06-14,2011-06-25,84347,11,0.0,0.0,seasonal_naive_7d
14,2011-06-14,2011-06-25,84568,11,0.0,0.0,seasonal_naive_7d
14,2011-06-14,2011-06-25,84755,11,0.0,0.0,seasonal_naive_7d
14,2011-06-14,2011-06-25,84879,11,0.0,0.0,seasonal_naive_7d
14,2011-06-14,2011-06-25,84991,11,0.0,0.0,seasonal_naive_7d
14,2011-06-14,2011-06-25,84992,11,0.0,0.0,seasonal_naive_7d
14,2011-06-14,2011-06-25,85099B,11,0.0,0.0,seasonal_naive_7d
14,2011-06-14,2011-06-25,85123A,11,0.0,0.0,seasonal_naive_7d
14,2011-06-14,2011-06-26,17003,12,0.0,36.0,seasonal_naive_7d
14,2011-06-14,2011-06-26,20725,12,33.0,25.0,seasonal_naive_7d
14,2011-06-14,2011-06-26,21212,12,3.0,36.0,seasonal_naive_7d
14,2011-06-14,2011-06-26,21213,12,2.0,12.0,seasonal_naive_7d
14,2011-06-14,2011-06-26,21232,12,12.0,75.0,seasonal_naive_7d
14,2011-06-14,2011-06-26,21977,12,0.0,29.0,seasonal_naive_7d
14,2011-06-14,2011-06-26,21980,12,0.0,0.0,seasonal_naive_7d
14,2011-06-14,2011-06-26,21982,12,0.0,6.0,seasonal_naive_7d
14,2011-06-14,2011-06-26,21984,12,24.0,0.0,seasonal_naive_7d
14,2011-06-14,2011-06-26,22197,12,0.0,57.0,seasonal_naive_7d
14,2011-06-14,2011-06-26,84077,12,0.0,0.0,seasonal_naive_7d
14,2011-06-14,2011-06-26,84270,12,0.0,0.0,seasonal_naive_7d
14,2011-06-14,2011-06-26,84347,12,0.0,0.0,seasonal_naive_7d
14,2011-06-14,2011-06-26,84568,12,0.0,288.0,seasonal_naive_7d
14,2011-06-14,2011-06-26,84755,12,0.0,56.0,seasonal_naive_7d
14,2011-06-14,2011-06-26,84879,12,0.0,8.0,seasonal_naive_7d
14,2011-06-14,2011-06-26,84991,12,2.0,20.0,seasonal_naive_7d
14,2011-06-14,2011-06-26,84992,12,2.0,6.0,seasonal_naive_7d
14,2011-06-14,2011-06-26,85099B,12,30.0,148.0,seasonal_naive_7d
14,2011-06-14,2011-06-26,85123A,12,32.0,33.0,seasonal_naive_7d
14,2011-06-14,2011-06-27,17003,13,14.0,0.0,seasonal_naive_7d
14,2011-06-14,2011-06-27,20725,13,25.0,11.0,seasonal_naive_7d
14,2011-06-14,2011-06-27,21212,13,36.0,1.0,seasonal_naive_7d
14,2011-06-14,2011-06-27,21213,13,24.0,2.0,seasonal_naive_7d
14,2011-06-14,2011-06-27,21232,13,9.0,13.0,seasonal_naive_7d
14,2011-06-14,2011-06-27,21977,13,39.0,51.0,seasonal_naive_7d
14,2011-06-14,2011-06-27,21980,13,0.0,0.0,seasonal_naive_7d
14,2011-06-14,2011-06-27,21982,13,0.0,25.0,seasonal_naive_7d
14,2011-06-14,2011-06-27,21984,13,0.0,48.0,seasonal_naive_7d
14,2011-06-14,2011-06-27,22197,13,60.0,33.0,seasonal_naive_7d
14,2011-06-14,2011-06-27,84077,13,48.0,1.0,seasonal_naive_7d
14,2011-06-14,2011-06-27,84270,13,0.0,0.0,seasonal_naive_7d
14,2011-06-14,2011-06-27,84347,13,0.0,0.0,seasonal_naive_7d
14,2011-06-14,2011-06-27,84568,13,0.0,0.0,seasonal_naive_7d
14,2011-06-14,2011-06-27,84755,13,180.0,40.0,seasonal_naive_7d
14,2011-06-14,2011-06-27,84879,13,76.0,16.0,seasonal_naive_7d
14,2011-06-14,2011-06-27,84991,13,3.0,4.0,seasonal_naive_7d
14,2011-06-14,2011-06-27,84992,13,0.0,1.0,seasonal_naive_7d
14,2011-06-14,2011-06-27,85099B,13,237.0,35.0,seasonal_naive_7d
14,2011-06-14,2011-06-27,85123A,13,66.0,17.0,seasonal_naive_7d
14,2011-06-14,2011-06-28,17003,14,0.0,0.0,seasonal_naive_7d
14,2011-06-14,2011-06-28,20725,14,139.0,25.0,seasonal_naive_7d
14,2011-06-14,2011-06-28,21212,14,53.0,38.0,seasonal_naive_7d
14,2011-06-14,2011-06-28,21213,14,0.0,36.0,seasonal_naive_7d
14,2011-06-14,2011-06-28,21232,14,29.0,22.0,seasonal_naive_7d
14,2011-06-14,2011-06-28,21977,14,24.0,28.0,seasonal_naive_7d
14,2011-06-14,2011-06-28,21980,14,0.0,24.0,seasonal_naive_7d
14,2011-06-14,2011-06-28,21982,14,0.0,24.0,seasonal_naive_7d
14,2011-06-14,2011-06-28,21984,14,0.0,0.0,seasonal_naive_7d
14,2011-06-14,2011-06-28,22197,14,56.0,127.0,seasonal_naive_7d
14,2011-06-14,2011-06-28,84077,14,96.0,48.0,seasonal_naive_7d
14,2011-06-14,2011-06-28,84270,14,0.0,0.0,seasonal_naive_7d
14,2011-06-14,2011-06-28,84347,14,0.0,1.0,seasonal_naive_7d
14,2011-06-14,2011-06-28,84568,14,288.0,6.0,seasonal_naive_7d
14,2011-06-14,2011-06-28,84755,14,192.0,228.0,seasonal_naive_7d
14,2011-06-14,2011-06-28,84879,14,40.0,52.0,seasonal_naive_7d
14,2011-06-14,2011-06-28,84991,14,24.0,27.0,seasonal_naive_7d
14,2011-06-14,2011-06-28,84992,14,120.0,0.0,seasonal_naive_7d
14,2011-06-14,2011-06-28,85099B,14,222.0,234.0,seasonal_naive_7d
14,2011-06-14,2011-06-28,85123A,14,12.0,50.0,seasonal_naive_7d
15,2011-06-28,2011-06-29,17003,1,38.0,720.0,seasonal_naive_7d
15,2011-06-28,2011-06-29,20725,1,3.0,22.0,seasonal_naive_7d
15,2011-06-28,2011-06-29,21212,1,7.0,26.0,seasonal_naive_7d
15,2011-06-28,2011-06-29,21213,1,28.0,144.0,seasonal_naive_7d
15,2011-06-28,2011-06-29,21232,1,26.0,9.0,seasonal_naive_7d
15,2011-06-28,2011-06-29,21977,1,49.0,444.0,seasonal_naive_7d
15,2011-06-28,2011-06-29,21980,1,6.0,24.0,seasonal_naive_7d
15,2011-06-28,2011-06-29,21982,1,0.0,0.0,seasonal_naive_7d
15,2011-06-28,2011-06-29,21984,1,0.0,0.0,seasonal_naive_7d
15,2011-06-28,2011-06-29,22197,1,24.0,1.0,seasonal_naive_7d
15,2011-06-28,2011-06-29,84077,1,3.0,240.0,seasonal_naive_7d
15,2011-06-28,2011-06-29,84270,1,0.0,0.0,seasonal_naive_7d
15,2011-06-28,2011-06-29,84347,1,3.0,0.0,seasonal_naive_7d
15,2011-06-28,2011-06-29,84568,1,0.0,0.0,seasonal_naive_7d
15,2011-06-28,2011-06-29,84755,1,36.0,32.0,seasonal_naive_7d
15,2011-06-28,2011-06-29,84879,1,104.0,60.0,seasonal_naive_7d
15,2011-06-28,2011-06-29,84991,1,133.0,0.0,seasonal_naive_7d
15,2011-06-28,2011-06-29,84992,1,0.0,0.0,seasonal_naive_7d
15,2011-06-28,2011-06-29,85099B,1,60.0,120.0,seasonal_naive_7d
15,2011-06-28,2011-06-29,85123A,1,77.0,18.0,seasonal_naive_7d
15,2011-06-28,2011-06-30,17003,2,0.0,0.0,seasonal_naive_7d
15,2011-06-28,2011-06-30,20725,2,58.0,50.0,seasonal_naive_7d
15,2011-06-28,2011-06-30,21212,2,2.0,59.0,seasonal_naive_7d
15,2011-06-28,2011-06-30,21213,2,24.0,54.0,seasonal_naive_7d
15,2011-06-28,2011-06-30,21232,2,16.0,10.0,seasonal_naive_7d
15,2011-06-28,2011-06-30,21977,2,24.0,72.0,seasonal_naive_7d
15,2011-06-28,2011-06-30,21980,2,0.0,0.0,seasonal_naive_7d
15,2011-06-28,2011-06-30,21982,2,12.0,2.0,seasonal_naive_7d
15,2011-06-28,2011-06-30,21984,2,12.0,2.0,seasonal_naive_7d
15,2011-06-28,2011-06-30,22197,2,264.0,110.0,seasonal_naive_7d
15,2011-06-28,2011-06-30,84077,2,144.0,97.0,seasonal_naive_7d
15,2011-06-28,2011-06-30,84270,2,0.0,0.0,seasonal_naive_7d
15,2011-06-28,2011-06-30,84347,2,0.0,0.0,seasonal_naive_7d
15,2011-06-28,2011-06-30,84568,2,0.0,8.0,seasonal_naive_7d
15,2011-06-28,2011-06-30,84755,2,104.0,60.0,seasonal_naive_7d
15,2011-06-28,2011-06-30,84879,2,56.0,48.0,seasonal_naive_7d
15,2011-06-28,2011-06-30,84991,2,24.0,28.0,seasonal_naive_7d
15,2011-06-28,2011-06-30,84992,2,0.0,55.0,seasonal_naive_7d
15,2011-06-28,2011-06-30,85099B,2,235.0,142.0,seasonal_naive_7d
15,2011-06-28,2011-06-30,85123A,2,46.0,106.0,seasonal_naive_7d
15,2011-06-28,2011-07-01,17003,3,36.0,0.0,seasonal_naive_7d
15,2011-06-28,2011-07-01,20725,3,32.0,41.0,seasonal_naive_7d
15,2011-06-28,2011-07-01,21212,3,24.0,0.0,seasonal_naive_7d
15,2011-06-28,2011-07-01,21213,3,25.0,1.0,seasonal_naive_7d
15,2011-06-28,2011-07-01,21232,3,16.0,85.0,seasonal_naive_7d
15,2011-06-28,2011-07-01,21977,3,0.0,0.0,seasonal_naive_7d
15,2011-06-28,2011-07-01,21980,3,0.0,0.0,seasonal_naive_7d
15,2011-06-28,2011-07-01,21982,3,0.0,1.0,seasonal_naive_7d
15,2011-06-28,2011-07-01,21984,3,24.0,0.0,seasonal_naive_7d
15,2011-06-28,2011-07-01,22197,3,26.0,126.0,seasonal_naive_7d
15,2011-06-28,2011-07-01,84077,3,0.0,144.0,seasonal_naive_7d
15,2011-06-28,2011-07-01,84270,3,0.0,0.0,seasonal_naive_7d
15,2011-06-28,2011-07-01,84347,3,0.0,1.0,seasonal_naive_7d
15,2011-06-28,2011-07-01,84568,3,0.0,0.0,seasonal_naive_7d
15,2011-06-28,2011-07-01,84755,3,0.0,48.0,seasonal_naive_7d
15,2011-06-28,2011-07-01,84879,3,16.0,56.0,seasonal_naive_7d
15,2011-06-28,2011-07-01,84991,3,0.0,0.0,seasonal_naive_7d
15,2011-06-28,2011-07-01,84992,3,0.0,0.0,seasonal_naive_7d
15,2011-06-28,2011-07-01,85099B,3,57.0,31.0,seasonal_naive_7d
15,2011-06-28,2011-07-01,85123A,3,39.0,38.0,seasonal_naive_7d
15,2011-06-28,2011-07-02,17003,4,0.0,0.0,seasonal_naive_7d
15,2011-06-28,2011-07-02,20725,4,0.0,0.0,seasonal_naive_7d
15,2011-06-28,2011-07-02,21212,4,0.0,0.0,seasonal_naive_7d
15,2011-06-28,2011-07-02,21213,4,0.0,0.0,seasonal_naive_7d
15,2011-06-28,2011-07-02,21232,4,0.0,0.0,seasonal_naive_7d
15,2011-06-28,2011-07-02,21977,4,0.0,0.0,seasonal_naive_7d
15,2011-06-28,2011-07-02,21980,4,0.0,0.0,seasonal_naive_7d
15,2011-06-28,2011-07-02,21982,4,0.0,0.0,seasonal_naive_7d
15,2011-06-28,2011-07-02,21984,4,0.0,0.0,seasonal_naive_7d
15,2011-06-28,2011-07-02,22197,4,0.0,0.0,seasonal_naive_7d
15,2011-06-28,2011-07-02,84077,4,0.0,0.0,seasonal_naive_7d
15,2011-06-28,2011-07-02,84270,4,0.0,0.0,seasonal_naive_7d
15,2011-06-28,2011-07-02,84347,4,0.0,0.0,seasonal_naive_7d
15,2011-06-28,2011-07-02,84568,4,0.0,0.0,seasonal_naive_7d
15,2011-06-28,2011-07-02,84755,4,0.0,0.0,seasonal_naive_7d
15,2011-06-28,2011-07-02,84879,4,0.0,0.0,seasonal_naive_7d
15,2011-06-28,2011-07-02,84991,4,0.0,0.0,seasonal_naive_7d
15,2011-06-28,2011-07-02,84992,4,0.0,0.0,seasonal_naive_7d
15,2011-06-28,2011-07-02,85099B,4,0.0,0.0,seasonal_naive_7d
15,2011-06-28,2011-07-02,85123A,4,0.0,0.0,seasonal_naive_7d
15,2011-06-28,2011-07-03,17003,5,0.0,0.0,seasonal_naive_7d
15,2011-06-28,2011-07-03,20725,5,46.0,33.0,seasonal_naive_7d
15,2011-06-28,2011-07-03,21212,5,1.0,3.0,seasonal_naive_7d
15,2011-06-28,2011-07-03,21213,5,0.0,2.0,seasonal_naive_7d
15,2011-06-28,2011-07-03,21232,5,8.0,12.0,seasonal_naive_7d
15,2011-06-28,2011-07-03,21977,5,24.0,0.0,seasonal_naive_7d
15,2011-06-28,2011-07-03,21980,5,0.0,0.0,seasonal_naive_7d
15,2011-06-28,2011-07-03,21982,5,0.0,0.0,seasonal_naive_7d
15,2011-06-28,2011-07-03,21984,5,0.0,24.0,seasonal_naive_7d
15,2011-06-28,2011-07-03,22197,5,0.0,0.0,seasonal_naive_7d
15,2011-06-28,2011-07-03,84077,5,0.0,0.0,seasonal_naive_7d
15,2011-06-28,2011-07-03,84270,5,0.0,0.0,seasonal_naive_7d
15,2011-06-28,2011-07-03,84347,5,0.0,0.0,seasonal_naive_7d
15,2011-06-28,2011-07-03,84568,5,0.0,0.0,seasonal_naive_7d
15,2011-06-28,2011-07-03,84755,5,8.0,0.0,seasonal_naive_7d
15,2011-06-28,2011-07-03,84879,5,0.0,0.0,seasonal_naive_7d
15,2011-06-28,2011-07-03,84991,5,1.0,2.0,seasonal_naive_7d
15,2011-06-28,2011-07-03,84992,5,0.0,2.0,seasonal_naive_7d
15,2011-06-28,2011-07-03,85099B,5,4.0,30.0,seasonal_naive_7d
15,2011-06-28,2011-07-03,85123A,5,18.0,32.0,seasonal_naive_7d
15,2011-06-28,2011-07-04,17003,6,180.0,14.0,seasonal_naive_7d
15,2011-06-28,2011-07-04,20725,6,194.0,25.0,seasonal_naive_7d
15,2011-06-28,2011-07-04,21212,6,97.0,36.0,seasonal_naive_7d
15,2011-06-28,2011-07-04,21213,6,25.0,24.0,seasonal_naive_7d
15,2011-06-28,2011-07-04,21232,6,1.0,9.0,seasonal_naive_7d
15,2011-06-28,2011-07-04,21977,6,48.0,39.0,seasonal_naive_7d
15,2011-06-28,2011-07-04,21980,6,0.0,0.0,seasonal_naive_7d
15,2011-06-28,2011-07-04,21982,6,0.0,0.0,seasonal_naive_7d
15,2011-06-28,2011-07-04,21984,6,7.0,0.0,seasonal_naive_7d
15,2011-06-28,2011-07-04,22197,6,57.0,60.0,seasonal_naive_7d
15,2011-06-28,2011-07-04,84077,6,97.0,48.0,seasonal_naive_7d
15,2011-06-28,2011-07-04,84270,6,0.0,0.0,seasonal_naive_7d
15,2011-06-28,2011-07-04,84347,6,0.0,0.0,seasonal_naive_7d
15,2011-06-28,2011-07-04,84568,6,0.0,0.0,seasonal_naive_7d
15,2011-06-28,2011-07-04,84755,6,56.0,180.0,seasonal_naive_7d
15,2011-06-28,2011-07-04,84879,6,32.0,76.0,seasonal_naive_7d
15,2011-06-28,2011-07-04,84991,6,1.0,3.0,seasonal_naive_7d
15,2011-06-28,2011-07-04,84992,6,0.0,0.0,seasonal_naive_7d
15,2011-06-28,2011-07-04,85099B,6,51.0,237.0,seasonal_naive_7d
15,2011-06-28,2011-07-04,85123A,6,9.0,66.0,seasonal_naive_7d
15,2011-06-28,2011-07-05,17003,7,0.0,0.0,seasonal_naive_7d
15,2011-06-28,2011-07-05,20725,7,27.0,139.0,seasonal_naive_7d
15,2011-06-28,2011-07-05,21212,7,378.0,53.0,seasonal_naive_7d
15,2011-06-28,2011-07-05,21213,7,483.0,0.0,seasonal_naive_7d
15,2011-06-28,2011-07-05,21232,7,19.0,29.0,seasonal_naive_7d
15,2011-06-28,2011-07-05,21977,7,49.0,24.0,seasonal_naive_7d
15,2011-06-28,2011-07-05,21980,7,84.0,0.0,seasonal_naive_7d
15,2011-06-28,2011-07-05,21982,7,0.0,0.0,seasonal_naive_7d
15,2011-06-28,2011-07-05,21984,7,25.0,0.0,seasonal_naive_7d
15,2011-06-28,2011-07-05,22197,7,227.0,56.0,seasonal_naive_7d
15,2011-06-28,2011-07-05,84077,7,56.0,96.0,seasonal_naive_7d
15,2011-06-28,2011-07-05,84270,7,0.0,0.0,seasonal_naive_7d
15,2011-06-28,2011-07-05,84347,7,0.0,0.0,seasonal_naive_7d
15,2011-06-28,2011-07-05,84568,7,0.0,288.0,seasonal_naive_7d
15,2011-06-28,2011-07-05,84755,7,148.0,192.0,seasonal_naive_7d
15,2011-06-28,2011-07-05,84879,7,92.0,40.0,seasonal_naive_7d
15,2011-06-28,2011-07-05,84991,7,556.0,24.0,seasonal_naive_7d
15,2011-06-28,2011-07-05,84992,7,25.0,120.0,seasonal_naive_7d
15,2011-06-28,2011-07-05,85099B,7,296.0,222.0,seasonal_naive_7d
15,2011-06-28,2011-07-05,85123A,7,134.0,12.0,seasonal_naive_7d
15,2011-06-28,2011-07-06,17003,8,36.0,720.0,seasonal_naive_7d
15,2011-06-28,2011-07-06,20725,8,39.0,22.0,seasonal_naive_7d
15,2011-06-28,2011-07-06,21212,8,32.0,26.0,seasonal_naive_7d
15,2011-06-28,2011-07-06,21213,8,2.0,144.0,seasonal_naive_7d
15,2011-06-28,2011-07-06,21232,8,18.0,9.0,seasonal_naive_7d
15,2011-06-28,2011-07-06,21977,8,7.0,444.0,seasonal_naive_7d
15,2011-06-28,2011-07-06,21980,8,0.0,24.0,seasonal_naive_7d
15,2011-06-28,2011-07-06,21982,8,0.0,0.0,seasonal_naive_7d
15,2011-06-28,2011-07-06,21984,8,0.0,0.0,seasonal_naive_7d
15,2011-06-28,2011-07-06,22197,8,16.0,1.0,seasonal_naive_7d
15,2011-06-28,2011-07-06,84077,8,625.0,240.0,seasonal_naive_7d
15,2011-06-28,2011-07-06,84270,8,0.0,0.0,seasonal_naive_7d
15,2011-06-28,2011-07-06,84347,8,0.0,0.0,seasonal_naive_7d
15,2011-06-28,2011-07-06,84568,8,0.0,0.0,seasonal_naive_7d
15,2011-06-28,2011-07-06,84755,8,32.0,32.0,seasonal_naive_7d
15,2011-06-28,2011-07-06,84879,8,136.0,60.0,seasonal_naive_7d
15,2011-06-28,2011-07-06,84991,8,2.0,0.0,seasonal_naive_7d
15,2011-06-28,2011-07-06,84992,8,6.0,0.0,seasonal_naive_7d
15,2011-06-28,2011-07-06,85099B,8,200.0,120.0,seasonal_naive_7d
15,2011-06-28,2011-07-06,85123A,8,5.0,18.0,seasonal_naive_7d
15,2011-06-28,2011-07-07,17003,9,30.0,0.0,seasonal_naive_7d
15,2011-06-28,2011-07-07,20725,9,10.0,50.0,seasonal_naive_7d
15,2011-06-28,2011-07-07,21212,9,564.0,59.0,seasonal_naive_7d
15,2011-06-28,2011-07-07,21213,9,24.0,54.0,seasonal_naive_7d
15,2011-06-28,2011-07-07,21232,9,44.0,10.0,seasonal_naive_7d
15,2011-06-28,2011-07-07,21977,9,12.0,72.0,seasonal_naive_7d
15,2011-06-28,2011-07-07,21980,9,0.0,0.0,seasonal_naive_7d
15,2011-06-28,2011-07-07,21982,9,24.0,2.0,seasonal_naive_7d
15,2011-06-28,2011-07-07,21984,9,48.0,2.0,seasonal_naive_7d
15,2011-06-28,2011-07-07,22197,9,48.0,110.0,seasonal_naive_7d
15,2011-06-28,2011-07-07,84077,9,235.0,97.0,seasonal_naive_7d
15,2011-06-28,2011-07-07,84270,9,0.0,0.0,seasonal_naive_7d
15,2011-06-28,2011-07-07,84347,9,120.0,0.0,seasonal_naive_7d
15,2011-06-28,2011-07-07,84568,9,3.0,8.0,seasonal_naive_7d
15,2011-06-28,2011-07-07,84755,9,68.0,60.0,seasonal_naive_7d
15,2011-06-28,2011-07-07,84879,9,120.0,48.0,seasonal_naive_7d
15,2011-06-28,2011-07-07,84991,9,86.0,28.0,seasonal_naive_7d
15,2011-06-28,2011-07-07,84992,9,1477.0,55.0,seasonal_naive_7d
15,2011-06-28,2011-07-07,85099B,9,376.0,142.0,seasonal_naive_7d
15,2011-06-28,2011-07-07,85123A,9,59.0,106.0,seasonal_naive_7d
15,2011-06-28,2011-07-08,17003,10,0.0,0.0,seasonal_naive_7d
15,2011-06-28,2011-07-08,20725,10,158.0,41.0,seasonal_naive_7d
15,2011-06-28,2011-07-08,21212,10,35.0,0.0,seasonal_naive_7d
15,2011-06-28,2011-07-08,21213,10,0.0,1.0,seasonal_naive_7d
15,2011-06-28,2011-07-08,21232,10,0.0,85.0,seasonal_naive_7d
15,2011-06-28,2011-07-08,21977,10,1.0,0.0,seasonal_naive_7d
15,2011-06-28,2011-07-08,21980,10,1.0,0.0,seasonal_naive_7d
15,2011-06-28,2011-07-08,21982,10,0.0,1.0,seasonal_naive_7d
15,2011-06-28,2011-07-08,21984,10,0.0,0.0,seasonal_naive_7d
15,2011-06-28,2011-07-08,22197,10,259.0,126.0,seasonal_naive_7d
15,2011-06-28,2011-07-08,84077,10,96.0,144.0,seasonal_naive_7d
15,2011-06-28,2011-07-08,84270,10,0.0,0.0,seasonal_naive_7d
15,2011-06-28,2011-07-08,84347,10,0.0,1.0,seasonal_naive_7d
15,2011-06-28,2011-07-08,84568,10,5.0,0.0,seasonal_naive_7d
15,2011-06-28,2011-07-08,84755,10,184.0,48.0,seasonal_naive_7d
15,2011-06-28,2011-07-08,84879,10,64.0,56.0,seasonal_naive_7d
15,2011-06-28,2011-07-08,84991,10,0.0,0.0,seasonal_naive_7d
15,2011-06-28,2011-07-08,84992,10,25.0,0.0,seasonal_naive_7d
15,2011-06-28,2011-07-08,85099B,10,434.0,31.0,seasonal_naive_7d
15,2011-06-28,2011-07-08,85123A,10,37.0,38.0,seasonal_naive_7d
15,2011-06-28,2011-07-09,17003,11,0.0,0.0,seasonal_naive_7d
15,2011-06-28,2011-07-09,20725,11,0.0,0.0,seasonal_naive_7d
15,2011-06-28,2011-07-09,21212,11,0.0,0.0,seasonal_naive_7d
15,2011-06-28,2011-07-09,21213,11,0.0,0.0,seasonal_naive_7d
15,2011-06-28,2011-07-09,21232,11,0.0,0.0,seasonal_naive_7d
15,2011-06-28,2011-07-09,21977,11,0.0,0.0,seasonal_naive_7d
15,2011-06-28,2011-07-09,21980,11,0.0,0.0,seasonal_naive_7d
15,2011-06-28,2011-07-09,21982,11,0.0,0.0,seasonal_naive_7d
15,2011-06-28,2011-07-09,21984,11,0.0,0.0,seasonal_naive_7d
15,2011-06-28,2011-07-09,22197,11,0.0,0.0,seasonal_naive_7d
15,2011-06-28,2011-07-09,84077,11,0.0,0.0,seasonal_naive_7d
15,2011-06-28,2011-07-09,84270,11,0.0,0.0,seasonal_naive_7d
15,2011-06-28,2011-07-09,84347,11,0.0,0.0,seasonal_naive_7d
15,2011-06-28,2011-07-09,84568,11,0.0,0.0,seasonal_naive_7d
15,2011-06-28,2011-07-09,84755,11,0.0,0.0,seasonal_naive_7d
15,2011-06-28,2011-07-09,84879,11,0.0,0.0,seasonal_naive_7d
15,2011-06-28,2011-07-09,84991,11,0.0,0.0,seasonal_naive_7d
15,2011-06-28,2011-07-09,84992,11,0.0,0.0,seasonal_naive_7d
15,2011-06-28,2011-07-09,85099B,11,0.0,0.0,seasonal_naive_7d
15,2011-06-28,2011-07-09,85123A,11,0.0,0.0,seasonal_naive_7d
15,2011-06-28,2011-07-10,17003,12,72.0,0.0,seasonal_naive_7d
15,2011-06-28,2011-07-10,20725,12,12.0,33.0,seasonal_naive_7d
15,2011-06-28,2011-07-10,21212,12,6.0,3.0,seasonal_naive_7d
15,2011-06-28,2011-07-10,21213,12,3.0,2.0,seasonal_naive_7d
15,2011-06-28,2011-07-10,21232,12,7.0,12.0,seasonal_naive_7d
15,2011-06-28,2011-07-10,21977,12,0.0,0.0,seasonal_naive_7d
15,2011-06-28,2011-07-10,21980,12,0.0,0.0,seasonal_naive_7d
15,2011-06-28,2011-07-10,21982,12,0.0,0.0,seasonal_naive_7d
15,2011-06-28,2011-07-10,21984,12,0.0,24.0,seasonal_naive_7d
15,2011-06-28,2011-07-10,22197,12,29.0,0.0,seasonal_naive_7d
15,2011-06-28,2011-07-10,84077,12,0.0,0.0,seasonal_naive_7d
15,2011-06-28,2011-07-10,84270,12,0.0,0.0,seasonal_naive_7d
15,2011-06-28,2011-07-10,84347,12,0.0,0.0,seasonal_naive_7d
15,2011-06-28,2011-07-10,84568,12,0.0,0.0,seasonal_naive_7d
15,2011-06-28,2011-07-10,84755,12,8.0,0.0,seasonal_naive_7d
15,2011-06-28,2011-07-10,84879,12,16.0,0.0,seasonal_naive_7d
15,2011-06-28,2011-07-10,84991,12,0.0,2.0,seasonal_naive_7d
15,2011-06-28,2011-07-10,84992,12,4.0,2.0,seasonal_naive_7d
15,2011-06-28,2011-07-10,85099B,12,7.0,30.0,seasonal_naive_7d
15,2011-06-28,2011-07-10,85123A,12,20.0,32.0,seasonal_naive_7d
15,2011-06-28,2011-07-11,17003,13,0.0,14.0,seasonal_naive_7d
15,2011-06-28,2011-07-11,20725,13,45.0,25.0,seasonal_naive_7d
15,2011-06-28,2011-07-11,21212,13,27.0,36.0,seasonal_naive_7d
15,2011-06-28,2011-07-11,21213,13,28.0,24.0,seasonal_naive_7d
15,2011-06-28,2011-07-11,21232,13,49.0,9.0,seasonal_naive_7d
15,2011-06-28,2011-07-11,21977,13,9.0,39.0,seasonal_naive_7d
15,2011-06-28,2011-07-11,21980,13,0.0,0.0,seasonal_naive_7d
15,2011-06-28,2011-07-11,21982,13,2.0,0.0,seasonal_naive_7d
15,2011-06-28,2011-07-11,21984,13,0.0,0.0,seasonal_naive_7d
15,2011-06-28,2011-07-11,22197,13,14.0,60.0,seasonal_naive_7d
15,2011-06-28,2011-07-11,84077,13,672.0,48.0,seasonal_naive_7d
15,2011-06-28,2011-07-11,84270,13,0.0,0.0,seasonal_naive_7d
15,2011-06-28,2011-07-11,84347,13,0.0,0.0,seasonal_naive_7d
15,2011-06-28,2011-07-11,84568,13,0.0,0.0,seasonal_naive_7d
15,2011-06-28,2011-07-11,84755,13,36.0,180.0,seasonal_naive_7d
15,2011-06-28,2011-07-11,84879,13,119.0,76.0,seasonal_naive_7d
15,2011-06-28,2011-07-11,84991,13,30.0,3.0,seasonal_naive_7d
15,2011-06-28,2011-07-11,84992,13,4.0,0.0,seasonal_naive_7d
15,2011-06-28,2011-07-11,85099B,13,22.0,237.0,seasonal_naive_7d
15,2011-06-28,2011-07-11,85123A,13,81.0,66.0,seasonal_naive_7d
15,2011-06-28,2011-07-12,17003,14,36.0,0.0,seasonal_naive_7d
15,2011-06-28,2011-07-12,20725,14,40.0,139.0,seasonal_naive_7d
15,2011-06-28,2011-07-12,21212,14,73.0,53.0,seasonal_naive_7d
15,2011-06-28,2011-07-12,21213,14,1.0,0.0,seasonal_naive_7d
15,2011-06-28,2011-07-12,21232,14,13.0,29.0,seasonal_naive_7d
15,2011-06-28,2011-07-12,21977,14,8.0,24.0,seasonal_naive_7d
15,2011-06-28,2011-07-12,21980,14,36.0,0.0,seasonal_naive_7d
15,2011-06-28,2011-07-12,21982,14,1.0,0.0,seasonal_naive_7d
15,2011-06-28,2011-07-12,21984,14,0.0,0.0,seasonal_naive_7d
15,2011-06-28,2011-07-12,22197,14,20.0,56.0,seasonal_naive_7d
15,2011-06-28,2011-07-12,84077,14,0.0,96.0,seasonal_naive_7d
15,2011-06-28,2011-07-12,84270,14,0.0,0.0,seasonal_naive_7d
15,2011-06-28,2011-07-12,84347,14,0.0,0.0,seasonal_naive_7d
15,2011-06-28,2011-07-12,84568,14,288.0,288.0,seasonal_naive_7d
15,2011-06-28,2011-07-12,84755,14,176.0,192.0,seasonal_naive_7d
15,2011-06-28,2011-07-12,84879,14,8.0,40.0,seasonal_naive_7d
15,2011-06-28,2011-07-12,84991,14,5.0,24.0,seasonal_naive_7d
15,2011-06-28,2011-07-12,84992,14,0.0,120.0,seasonal_naive_7d
15,2011-06-28,2011-07-12,85099B,14,31.0,222.0,seasonal_naive_7d
15,2011-06-28,2011-07-12,85123A,14,789.0,12.0,seasonal_naive_7d
16,2011-07-12,2011-07-13,17003,1,0.0,36.0,seasonal_naive_7d
16,2011-07-12,2011-07-13,20725,1,38.0,39.0,seasonal_naive_7d
16,2011-07-12,2011-07-13,21212,1,29.0,32.0,seasonal_naive_7d
16,2011-07-12,2011-07-13,21213,1,26.0,2.0,seasonal_naive_7d
16,2011-07-12,2011-07-13,21232,1,38.0,18.0,seasonal_naive_7d
16,2011-07-12,2011-07-13,21977,1,27.0,7.0,seasonal_naive_7d
16,2011-07-12,2011-07-13,21980,1,26.0,0.0,seasonal_naive_7d
16,2011-07-12,2011-07-13,21982,1,1.0,0.0,seasonal_naive_7d
16,2011-07-12,2011-07-13,21984,1,1.0,0.0,seasonal_naive_7d
16,2011-07-12,2011-07-13,22197,1,35.0,16.0,seasonal_naive_7d
16,2011-07-12,2011-07-13,84077,1,48.0,625.0,seasonal_naive_7d
16,2011-07-12,2011-07-13,84270,1,0.0,0.0,seasonal_naive_7d
16,2011-07-12,2011-07-13,84347,1,0.0,0.0,seasonal_naive_7d
16,2011-07-12,2011-07-13,84568,1,7.0,0.0,seasonal_naive_7d
16,2011-07-12,2011-07-13,84755,1,24.0,32.0,seasonal_naive_7d
16,2011-07-12,2011-07-13,84879,1,82.0,136.0,seasonal_naive_7d
16,2011-07-12,2011-07-13,84991,1,26.0,2.0,seasonal_naive_7d
16,2011-07-12,2011-07-13,84992,1,3.0,6.0,seasonal_naive_7d
16,2011-07-12,2011-07-13,85099B,1,76.0,200.0,seasonal_naive_7d
16,2011-07-12,2011-07-13,85123A,1,58.0,5.0,seasonal_naive_7d
16,2011-07-12,2011-07-14,17003,2,36.0,30.0,seasonal_naive_7d
16,2011-07-12,2011-07-14,20725,2,43.0,10.0,seasonal_naive_7d
16,2011-07-12,2011-07-14,21212,2,27.0,564.0,seasonal_naive_7d
16,2011-07-12,2011-07-14,21213,2,2.0,24.0,seasonal_naive_7d
16,2011-07-12,2011-07-14,21232,2,57.0,44.0,seasonal_naive_7d
16,2011-07-12,2011-07-14,21977,2,51.0,12.0,seasonal_naive_7d
16,2011-07-12,2011-07-14,21980,2,24.0,0.0,seasonal_naive_7d
16,2011-07-12,2011-07-14,21982,2,1.0,24.0,seasonal_naive_7d
16,2011-07-12,2011-07-14,21984,2,0.0,48.0,seasonal_naive_7d
16,2011-07-12,2011-07-14,22197,2,70.0,48.0,seasonal_naive_7d
16,2011-07-12,2011-07-14,84077,2,48.0,235.0,seasonal_naive_7d
16,2011-07-12,2011-07-14,84270,2,0.0,0.0,seasonal_naive_7d
16,2011-07-12,2011-07-14,84347,2,0.0,120.0,seasonal_naive_7d
16,2011-07-12,2011-07-14,84568,2,0.0,3.0,seasonal_naive_7d
16,2011-07-12,2011-07-14,84755,2,40.0,68.0,seasonal_naive_7d
16,2011-07-12,2011-07-14,84879,2,64.0,120.0,seasonal_naive_7d
16,2011-07-12,2011-07-14,84991,2,72.0,86.0,seasonal_naive_7d
16,2011-07-12,2011-07-14,84992,2,0.0,1477.0,seasonal_naive_7d
16,2011-07-12,2011-07-14,85099B,2,123.0,376.0,seasonal_naive_7d
16,2011-07-12,2011-07-14,85123A,2,224.0,59.0,seasonal_naive_7d
16,2011-07-12,2011-07-15,17003,3,216.0,0.0,seasonal_naive_7d
16,2011-07-12,2011-07-15,20725,3,12.0,158.0,seasonal_naive_7d
16,2011-07-12,2011-07-15,21212,3,73.0,35.0,seasonal_naive_7d
16,2011-07-12,2011-07-15,21213,3,2.0,0.0,seasonal_naive_7d
16,2011-07-12,2011-07-15,21232,3,1.0,0.0,seasonal_naive_7d
16,2011-07-12,2011-07-15,21977,3,72.0,1.0,seasonal_naive_7d
16,2011-07-12,2011-07-15,21980,3,2.0,1.0,seasonal_naive_7d
16,2011-07-12,2011-07-15,21982,3,2.0,0.0,seasonal_naive_7d
16,2011-07-12,2011-07-15,21984,3,1.0,0.0,seasonal_naive_7d
16,2011-07-12,2011-07-15,22197,3,4.0,259.0,seasonal_naive_7d
16,2011-07-12,2011-07-15,84077,3,192.0,96.0,seasonal_naive_7d
16,2011-07-12,2011-07-15,84270,3,0.0,0.0,seasonal_naive_7d
16,2011-07-12,2011-07-15,84347,3,0.0,0.0,seasonal_naive_7d
16,2011-07-12,2011-07-15,84568,3,0.0,5.0,seasonal_naive_7d
16,2011-07-12,2011-07-15,84755,3,40.0,184.0,seasonal_naive_7d
16,2011-07-12,2011-07-15,84879,3,16.0,64.0,seasonal_naive_7d
16,2011-07-12,2011-07-15,84991,3,0.0,0.0,seasonal_naive_7d
16,2011-07-12,2011-07-15,84992,3,48.0,25.0,seasonal_naive_7d
16,2011-07-12,2011-07-15,85099B,3,44.0,434.0,seasonal_naive_7d
16,2011-07-12,2011-07-15,85123A,3,23.0,37.0,seasonal_naive_7d
16,2011-07-12,2011-07-16,17003,4,0.0,0.0,seasonal_naive_7d
16,2011-07-12,2011-07-16,20725,4,0.0,0.0,seasonal_naive_7d
16,2011-07-12,2011-07-16,21212,4,0.0,0.0,seasonal_naive_7d
16,2011-07-12,2011-07-16,21213,4,0.0,0.0,seasonal_naive_7d
16,2011-07-12,2011-07-16,21232,4,0.0,0.0,seasonal_naive_7d
16,2011-07-12,2011-07-16,21977,4,0.0,0.0,seasonal_naive_7d
16,2011-07-12,2011-07-16,21980,4,0.0,0.0,seasonal_naive_7d
16,2011-07-12,2011-07-16,21982,4,0.0,0.0,seasonal_naive_7d
16,2011-07-12,2011-07-16,21984,4,0.0,0.0,seasonal_naive_7d
16,2011-07-12,2011-07-16,22197,4,0.0,0.0,seasonal_naive_7d
16,2011-07-12,2011-07-16,84077,4,0.0,0.0,seasonal_naive_7d
16,2011-07-12,2011-07-16,84270,4,0.0,0.0,seasonal_naive_7d
16,2011-07-12,2011-07-16,84347,4,0.0,0.0,seasonal_naive_7d
16,2011-07-12,2011-07-16,84568,4,0.0,0.0,seasonal_naive_7d
16,2011-07-12,2011-07-16,84755,4,0.0,0.0,seasonal_naive_7d
16,2011-07-12,2011-07-16,84879,4,0.0,0.0,seasonal_naive_7d
16,2011-07-12,2011-07-16,84991,4,0.0,0.0,seasonal_naive_7d
16,2011-07-12,2011-07-16,84992,4,0.0,0.0,seasonal_naive_7d
16,2011-07-12,2011-07-16,85099B,4,0.0,0.0,seasonal_naive_7d
16,2011-07-12,2011-07-16,85123A,4,0.0,0.0,seasonal_naive_7d
16,2011-07-12,2011-07-17,17003,5,724.0,72.0,seasonal_naive_7d
16,2011-07-12,2011-07-17,20725,5,53.0,12.0,seasonal_naive_7d
16,2011-07-12,2011-07-17,21212,5,24.0,6.0,seasonal_naive_7d
16,2011-07-12,2011-07-17,21213,5,147.0,3.0,seasonal_naive_7d
16,2011-07-12,2011-07-17,21232,5,0.0,7.0,seasonal_naive_7d
16,2011-07-12,2011-07-17,21977,5,24.0,0.0,seasonal_naive_7d
16,2011-07-12,2011-07-17,21980,5,1.0,0.0,seasonal_naive_7d
16,2011-07-12,2011-07-17,21982,5,0.0,0.0,seasonal_naive_7d
16,2011-07-12,2011-07-17,21984,5,24.0,0.0,seasonal_naive_7d
16,2011-07-12,2011-07-17,22197,5,14.0,29.0,seasonal_naive_7d
16,2011-07-12,2011-07-17,84077,5,144.0,0.0,seasonal_naive_7d
16,2011-07-12,2011-07-17,84270,5,0.0,0.0,seasonal_naive_7d
16,2011-07-12,2011-07-17,84347,5,0.0,0.0,seasonal_naive_7d
16,2011-07-12,2011-07-17,84568,5,288.0,0.0,seasonal_naive_7d
16,2011-07-12,2011-07-17,84755,5,16.0,8.0,seasonal_naive_7d
16,2011-07-12,2011-07-17,84879,5,83.0,16.0,seasonal_naive_7d
16,2011-07-12,2011-07-17,84991,5,0.0,0.0,seasonal_naive_7d
16,2011-07-12,2011-07-17,84992,5,0.0,4.0,seasonal_naive_7d
16,2011-07-12,2011-07-17,85099B,5,135.0,7.0,seasonal_naive_7d
16,2011-07-12,2011-07-17,85123A,5,23.0,20.0,seasonal_naive_7d
16,2011-07-12,2011-07-18,17003,6,0.0,0.0,seasonal_naive_7d
16,2011-07-12,2011-07-18,20725,6,63.0,45.0,seasonal_naive_7d
16,2011-07-12,2011-07-18,21212,6,66.0,27.0,seasonal_naive_7d
16,2011-07-12,2011-07-18,21213,6,6.0,28.0,seasonal_naive_7d
16,2011-07-12,2011-07-18,21232,6,2.0,49.0,seasonal_naive_7d
16,2011-07-12,2011-07-18,21977,6,28.0,9.0,seasonal_naive_7d
16,2011-07-12,2011-07-18,21980,6,0.0,0.0,seasonal_naive_7d
16,2011-07-12,2011-07-18,21982,6,26.0,2.0,seasonal_naive_7d
16,2011-07-12,2011-07-18,21984,6,0.0,0.0,seasonal_naive_7d
16,2011-07-12,2011-07-18,22197,6,48.0,14.0,seasonal_naive_7d
16,2011-07-12,2011-07-18,84077,6,0.0,672.0,seasonal_naive_7d
16,2011-07-12,2011-07-18,84270,6,0.0,0.0,seasonal_naive_7d
16,2011-07-12,2011-07-18,84347,6,0.0,0.0,seasonal_naive_7d
16,2011-07-12,2011-07-18,84568,6,32.0,0.0,seasonal_naive_7d
16,2011-07-12,2011-07-18,84755,6,116.0,36.0,seasonal_naive_7d
16,2011-07-12,2011-07-18,84879,6,82.0,119.0,seasonal_naive_7d
16,2011-07-12,2011-07-18,84991,6,8.0,30.0,seasonal_naive_7d
16,2011-07-12,2011-07-18,84992,6,55.0,4.0,seasonal_naive_7d
16,2011-07-12,2011-07-18,85099B,6,71.0,22.0,seasonal_naive_7d
16,2011-07-12,2011-07-18,85123A,6,120.0,81.0,seasonal_naive_7d
16,2011-07-12,2011-07-19,17003,7,144.0,36.0,seasonal_naive_7d
16,2011-07-12,2011-07-19,20725,7,286.0,40.0,seasonal_naive_7d
16,2011-07-12,2011-07-19,21212,7,112.0,73.0,seasonal_naive_7d
16,2011-07-12,2011-07-19,21213,7,96.0,1.0,seasonal_naive_7d
16,2011-07-12,2011-07-19,21232,7,145.0,13.0,seasonal_naive_7d
16,2011-07-12,2011-07-19,21977,7,624.0,8.0,seasonal_naive_7d
16,2011-07-12,2011-07-19,21980,7,121.0,36.0,seasonal_naive_7d
16,2011-07-12,2011-07-19,21982,7,38.0,1.0,seasonal_naive_7d
16,2011-07-12,2011-07-19,21984,7,101.0,0.0,seasonal_naive_7d
16,2011-07-12,2011-07-19,22197,7,97.0,20.0,seasonal_naive_7d
16,2011-07-12,2011-07-19,84077,7,240.0,0.0,seasonal_naive_7d
16,2011-07-12,2011-07-19,84270,7,0.0,0.0,seasonal_naive_7d
16,2011-07-12,2011-07-19,84347,7,0.0,0.0,seasonal_naive_7d
16,2011-07-12,2011-07-19,84568,7,0.0,288.0,seasonal_naive_7d
16,2011-07-12,2011-07-19,84755,7,160.0,176.0,seasonal_naive_7d
16,2011-07-12,2011-07-19,84879,7,134.0,8.0,seasonal_naive_7d
16,2011-07-12,2011-07-19,84991,7,24.0,5.0,seasonal_naive_7d
16,2011-07-12,2011-07-19,84992,7,48.0,0.0,seasonal_naive_7d
16,2011-07-12,2011-07-19,85099B,7,273.0,31.0,seasonal_naive_7d
16,2011-07-12,2011-07-19,85123A,7,157.0,789.0,seasonal_naive_7d
16,2011-07-12,2011-07-20,17003,8,36.0,36.0,seasonal_naive_7d
16,2011-07-12,2011-07-20,20725,8,25.0,39.0,seasonal_naive_7d
16,2011-07-12,2011-07-20,21212,8,95.0,32.0,seasonal_naive_7d
16,2011-07-12,2011-07-20,21213,8,24.0,2.0,seasonal_naive_7d
16,2011-07-12,2011-07-20,21232,8,11.0,18.0,seasonal_naive_7d
16,2011-07-12,2011-07-20,21977,8,27.0,7.0,seasonal_naive_7d
16,2011-07-12,2011-07-20,21980,8,0.0,0.0,seasonal_naive_7d
16,2011-07-12,2011-07-20,21982,8,26.0,0.0,seasonal_naive_7d
16,2011-07-12,2011-07-20,21984,8,2.0,0.0,seasonal_naive_7d
16,2011-07-12,2011-07-20,22197,8,74.0,16.0,seasonal_naive_7d
16,2011-07-12,2011-07-20,84077,8,96.0,625.0,seasonal_naive_7d
16,2011-07-12,2011-07-20,84270,8,0.0,0.0,seasonal_naive_7d
16,2011-07-12,2011-07-20,84347,8,0.0,0.0,seasonal_naive_7d
16,2011-07-12,2011-07-20,84568,8,4.0,0.0,seasonal_naive_7d
16,2011-07-12,2011-07-20,84755,8,72.0,32.0,seasonal_naive_7d
16,2011-07-12,2011-07-20,84879,8,18.0,136.0,seasonal_naive_7d
16,2011-07-12,2011-07-20,84991,8,37.0,2.0,seasonal_naive_7d
16,2011-07-12,2011-07-20,84992,8,26.0,6.0,seasonal_naive_7d
16,2011-07-12,2011-07-20,85099B,8,279.0,200.0,seasonal_naive_7d
16,2011-07-12,2011-07-20,85123A,8,104.0,5.0,seasonal_naive_7d
16,2011-07-12,2011-07-21,17003,9,1.0,30.0,seasonal_naive_7d
16,2011-07-12,2011-07-21,20725,9,30.0,10.0,seasonal_naive_7d
16,2011-07-12,2011-07-21,21212,9,1.0,564.0,seasonal_naive_7d
16,2011-07-12,2011-07-21,21213,9,1.0,24.0,seasonal_naive_7d
16,2011-07-12,2011-07-21,21232,9,0.0,44.0,seasonal_naive_7d
16,2011-07-12,2011-07-21,21977,9,49.0,12.0,seasonal_naive_7d
16,2011-07-12,2011-07-21,21980,9,48.0,0.0,seasonal_naive_7d
16,2011-07-12,2011-07-21,21982,9,0.0,24.0,seasonal_naive_7d
16,2011-07-12,2011-07-21,21984,9,0.0,48.0,seasonal_naive_7d
16,2011-07-12,2011-07-21,22197,9,168.0,48.0,seasonal_naive_7d
16,2011-07-12,2011-07-21,84077,9,240.0,235.0,seasonal_naive_7d
16,2011-07-12,2011-07-21,84270,9,0.0,0.0,seasonal_naive_7d
16,2011-07-12,2011-07-21,84347,9,1.0,120.0,seasonal_naive_7d
16,2011-07-12,2011-07-21,84568,9,0.0,3.0,seasonal_naive_7d
16,2011-07-12,2011-07-21,84755,9,100.0,68.0,seasonal_naive_7d
16,2011-07-12,2011-07-21,84879,9,160.0,120.0,seasonal_naive_7d
16,2011-07-12,2011-07-21,84991,9,0.0,86.0,seasonal_naive_7d
16,2011-07-12,2011-07-21,84992,9,72.0,1477.0,seasonal_naive_7d
16,2011-07-12,2011-07-21,85099B,9,45.0,376.0,seasonal_naive_7d
16,2011-07-12,2011-07-21,85123A,9,56.0,59.0,seasonal_naive_7d
16,2011-07-12,2011-07-22,17003,10,0.0,0.0,seasonal_naive_7d
16,2011-07-12,2011-07-22,20725,10,68.0,158.0,seasonal_naive_7d
16,2011-07-12,2011-07-22,21212,10,33.0,35.0,seasonal_naive_7d
16,2011-07-12,2011-07-22,21213,10,27.0,0.0,seasonal_naive_7d
16,2011-07-12,2011-07-22,21232,10,13.0,0.0,seasonal_naive_7d
16,2011-07-12,2011-07-22,21977,10,3.0,1.0,seasonal_naive_7d
16,2011-07-12,2011-07-22,21980,10,36.0,1.0,seasonal_naive_7d
16,2011-07-12,2011-07-22,21982,10,24.0,0.0,seasonal_naive_7d
16,2011-07-12,2011-07-22,21984,10,24.0,0.0,seasonal_naive_7d
16,2011-07-12,2011-07-22,22197,10,100.0,259.0,seasonal_naive_7d
16,2011-07-12,2011-07-22,84077,10,102.0,96.0,seasonal_naive_7d
16,2011-07-12,2011-07-22,84270,10,0.0,0.0,seasonal_naive_7d
16,2011-07-12,2011-07-22,84347,10,0.0,0.0,seasonal_naive_7d
16,2011-07-12,2011-07-22,84568,10,8.0,5.0,seasonal_naive_7d
16,2011-07-12,2011-07-22,84755,10,32.0,184.0,seasonal_naive_7d
16,2011-07-12,2011-07-22,84879,10,56.0,64.0,seasonal_naive_7d
16,2011-07-12,2011-07-22,84991,10,49.0,0.0,seasonal_naive_7d
16,2011-07-12,2011-07-22,84992,10,0.0,25.0,seasonal_naive_7d
16,2011-07-12,2011-07-22,85099B,10,40.0,434.0,seasonal_naive_7d
16,2011-07-12,2011-07-22,85123A,10,132.0,37.0,seasonal_naive_7d
16,2011-07-12,2011-07-23,17003,11,0.0,0.0,seasonal_naive_7d
16,2011-07-12,2011-07-23,20725,11,0.0,0.0,seasonal_naive_7d
16,2011-07-12,2011-07-23,21212,11,0.0,0.0,seasonal_naive_7d
16,2011-07-12,2011-07-23,21213,11,0.0,0.0,seasonal_naive_7d
16,2011-07-12,2011-07-23,21232,11,0.0,0.0,seasonal_naive_7d
16,2011-07-12,2011-07-23,21977,11,0.0,0.0,seasonal_naive_7d
16,2011-07-12,2011-07-23,21980,11,0.0,0.0,seasonal_naive_7d
16,2011-07-12,2011-07-23,21982,11,0.0,0.0,seasonal_naive_7d
16,2011-07-12,2011-07-23,21984,11,0.0,0.0,seasonal_naive_7d
16,2011-07-12,2011-07-23,22197,11,0.0,0.0,seasonal_naive_7d
16,2011-07-12,2011-07-23,84077,11,0.0,0.0,seasonal_naive_7d
16,2011-07-12,2011-07-23,84270,11,0.0,0.0,seasonal_naive_7d
16,2011-07-12,2011-07-23,84347,11,0.0,0.0,seasonal_naive_7d
16,2011-07-12,2011-07-23,84568,11,0.0,0.0,seasonal_naive_7d
16,2011-07-12,2011-07-23,84755,11,0.0,0.0,seasonal_naive_7d
16,2011-07-12,2011-07-23,84879,11,0.0,0.0,seasonal_naive_7d
16,2011-07-12,2011-07-23,84991,11,0.0,0.0,seasonal_naive_7d
16,2011-07-12,2011-07-23,84992,11,0.0,0.0,seasonal_naive_7d
16,2011-07-12,2011-07-23,85099B,11,0.0,0.0,seasonal_naive_7d
16,2011-07-12,2011-07-23,85123A,11,0.0,0.0,seasonal_naive_7d
16,2011-07-12,2011-07-24,17003,12,108.0,72.0,seasonal_naive_7d
16,2011-07-12,2011-07-24,20725,12,124.0,12.0,seasonal_naive_7d
16,2011-07-12,2011-07-24,21212,12,28.0,6.0,seasonal_naive_7d
16,2011-07-12,2011-07-24,21213,12,6.0,3.0,seasonal_naive_7d
16,2011-07-12,2011-07-24,21232,12,6.0,7.0,seasonal_naive_7d
16,2011-07-12,2011-07-24,21977,12,600.0,0.0,seasonal_naive_7d
16,2011-07-12,2011-07-24,21980,12,12.0,0.0,seasonal_naive_7d
16,2011-07-12,2011-07-24,21982,12,39.0,0.0,seasonal_naive_7d
16,2011-07-12,2011-07-24,21984,12,0.0,0.0,seasonal_naive_7d
16,2011-07-12,2011-07-24,22197,12,134.0,29.0,seasonal_naive_7d
16,2011-07-12,2011-07-24,84077,12,48.0,0.0,seasonal_naive_7d
16,2011-07-12,2011-07-24,84270,12,0.0,0.0,seasonal_naive_7d
16,2011-07-12,2011-07-24,84347,12,0.0,0.0,seasonal_naive_7d
16,2011-07-12,2011-07-24,84568,12,0.0,0.0,seasonal_naive_7d
16,2011-07-12,2011-07-24,84755,12,40.0,8.0,seasonal_naive_7d
16,2011-07-12,2011-07-24,84879,12,69.0,16.0,seasonal_naive_7d
16,2011-07-12,2011-07-24,84991,12,6.0,0.0,seasonal_naive_7d
16,2011-07-12,2011-07-24,84992,12,4.0,4.0,seasonal_naive_7d
16,2011-07-12,2011-07-24,85099B,12,25.0,7.0,seasonal_naive_7d
16,2011-07-12,2011-07-24,85123A,12,160.0,20.0,seasonal_naive_7d
16,2011-07-12,2011-07-25,17003,13,0.0,0.0,seasonal_naive_7d
16,2011-07-12,2011-07-25,20725,13,42.0,45.0,seasonal_naive_7d
16,2011-07-12,2011-07-25,21212,13,195.0,27.0,seasonal_naive_7d
16,2011-07-12,2011-07-25,21213,13,76.0,28.0,seasonal_naive_7d
16,2011-07-12,2011-07-25,21232,13,46.0,49.0,seasonal_naive_7d
16,2011-07-12,2011-07-25,21977,13,175.0,9.0,seasonal_naive_7d
16,2011-07-12,2011-07-25,21980,13,37.0,0.0,seasonal_naive_7d
16,2011-07-12,2011-07-25,21982,13,60.0,2.0,seasonal_naive_7d
16,2011-07-12,2011-07-25,21984,13,36.0,0.0,seasonal_naive_7d
16,2011-07-12,2011-07-25,22197,13,31.0,14.0,seasonal_naive_7d
16,2011-07-12,2011-07-25,84077,13,290.0,672.0,seasonal_naive_7d
16,2011-07-12,2011-07-25,84270,13,0.0,0.0,seasonal_naive_7d
16,2011-07-12,2011-07-25,84347,13,0.0,0.0,seasonal_naive_7d
16,2011-07-12,2011-07-25,84568,13,14.0,0.0,seasonal_naive_7d
16,2011-07-12,2011-07-25,84755,13,24.0,36.0,seasonal_naive_7d
16,2011-07-12,2011-07-25,84879,13,104.0,119.0,seasonal_naive_7d
16,2011-07-12,2011-07-25,84991,13,56.0,30.0,seasonal_naive_7d
16,2011-07-12,2011-07-25,84992,13,0.0,4.0,seasonal_naive_7d
16,2011-07-12,2011-07-25,85099B,13,59.0,22.0,seasonal_naive_7d
16,2011-07-12,2011-07-25,85123A,13,43.0,81.0,seasonal_naive_7d
16,2011-07-12,2011-07-26,17003,14,149.0,36.0,seasonal_naive_7d
16,2011-07-12,2011-07-26,20725,14,59.0,40.0,seasonal_naive_7d
16,2011-07-12,2011-07-26,21212,14,184.0,73.0,seasonal_naive_7d
16,2011-07-12,2011-07-26,21213,14,29.0,1.0,seasonal_naive_7d
16,2011-07-12,2011-07-26,21232,14,1.0,13.0,seasonal_naive_7d
16,2011-07-12,2011-07-26,21977,14,78.0,8.0,seasonal_naive_7d
16,2011-07-12,2011-07-26,21980,14,0.0,36.0,seasonal_naive_7d
16,2011-07-12,2011-07-26,21982,14,0.0,1.0,seasonal_naive_7d
16,2011-07-12,2011-07-26,21984,14,0.0,0.0,seasonal_naive_7d
16,2011-07-12,2011-07-26,22197,14,25.0,20.0,seasonal_naive_7d
16,2011-07-12,2011-07-26,84077,14,100.0,0.0,seasonal_naive_7d
16,2011-07-12,2011-07-26,84270,14,0.0,0.0,seasonal_naive_7d
16,2011-07-12,2011-07-26,84347,14,6.0,0.0,seasonal_naive_7d
16,2011-07-12,2011-07-26,84568,14,30.0,288.0,seasonal_naive_7d
16,2011-07-12,2011-07-26,84755,14,208.0,176.0,seasonal_naive_7d
16,2011-07-12,2011-07-26,84879,14,16.0,8.0,seasonal_naive_7d
16,2011-07-12,2011-07-26,84991,14,30.0,5.0,seasonal_naive_7d
16,2011-07-12,2011-07-26,84992,14,6.0,0.0,seasonal_naive_7d
16,2011-07-12,2011-07-26,85099B,14,148.0,31.0,seasonal_naive_7d
16,2011-07-12,2011-07-26,85123A,14,8.0,789.0,seasonal_naive_7d
17,2011-07-26,2011-07-27,17003,1,0.0,36.0,seasonal_naive_7d
17,2011-07-26,2011-07-27,20725,1,70.0,25.0,seasonal_naive_7d
17,2011-07-26,2011-07-27,21212,1,48.0,95.0,seasonal_naive_7d
17,2011-07-26,2011-07-27,21213,1,1.0,24.0,seasonal_naive_7d
17,2011-07-26,2011-07-27,21232,1,12.0,11.0,seasonal_naive_7d
17,2011-07-26,2011-07-27,21977,1,51.0,27.0,seasonal_naive_7d
17,2011-07-26,2011-07-27,21980,1,48.0,0.0,seasonal_naive_7d
17,2011-07-26,2011-07-27,21982,1,1.0,26.0,seasonal_naive_7d
17,2011-07-26,2011-07-27,21984,1,0.0,2.0,seasonal_naive_7d
17,2011-07-26,2011-07-27,22197,1,72.0,74.0,seasonal_naive_7d
17,2011-07-26,2011-07-27,84077,1,49.0,96.0,seasonal_naive_7d
17,2011-07-26,2011-07-27,84270,1,0.0,0.0,seasonal_naive_7d
17,2011-07-26,2011-07-27,84347,1,0.0,0.0,seasonal_naive_7d
17,2011-07-26,2011-07-27,84568,1,3.0,4.0,seasonal_naive_7d
17,2011-07-26,2011-07-27,84755,1,32.0,72.0,seasonal_naive_7d
17,2011-07-26,2011-07-27,84879,1,56.0,18.0,seasonal_naive_7d
17,2011-07-26,2011-07-27,84991,1,146.0,37.0,seasonal_naive_7d
17,2011-07-26,2011-07-27,84992,1,48.0,26.0,seasonal_naive_7d
17,2011-07-26,2011-07-27,85099B,1,162.0,279.0,seasonal_naive_7d
17,2011-07-26,2011-07-27,85123A,1,58.0,104.0,seasonal_naive_7d
17,2011-07-26,2011-07-28,17003,2,0.0,1.0,seasonal_naive_7d
17,2011-07-26,2011-07-28,20725,2,141.0,30.0,seasonal_naive_7d
17,2011-07-26,2011-07-28,21212,2,50.0,1.0,seasonal_naive_7d
17,2011-07-26,2011-07-28,21213,2,48.0,1.0,seasonal_naive_7d
17,2011-07-26,2011-07-28,21232,2,0.0,0.0,seasonal_naive_7d
17,2011-07-26,2011-07-28,21977,2,100.0,49.0,seasonal_naive_7d
17,2011-07-26,2011-07-28,21980,2,0.0,48.0,seasonal_naive_7d
17,2011-07-26,2011-07-28,21982,2,0.0,0.0,seasonal_naive_7d
17,2011-07-26,2011-07-28,21984,2,0.0,0.0,seasonal_naive_7d
17,2011-07-26,2011-07-28,22197,2,18.0,168.0,seasonal_naive_7d
17,2011-07-26,2011-07-28,84077,2,288.0,240.0,seasonal_naive_7d
17,2011-07-26,2011-07-28,84270,2,0.0,0.0,seasonal_naive_7d
17,2011-07-26,2011-07-28,84347,2,1.0,1.0,seasonal_naive_7d
17,2011-07-26,2011-07-28,84568,2,1452.0,0.0,seasonal_naive_7d
17,2011-07-26,2011-07-28,84755,2,16.0,100.0,seasonal_naive_7d
17,2011-07-26,2011-07-28,84879,2,86.0,160.0,seasonal_naive_7d
17,2011-07-26,2011-07-28,84991,2,74.0,0.0,seasonal_naive_7d
17,2011-07-26,2011-07-28,84992,2,0.0,72.0,seasonal_naive_7d
17,2011-07-26,2011-07-28,85099B,2,48.0,45.0,seasonal_naive_7d
17,2011-07-26,2011-07-28,85123A,2,490.0,56.0,seasonal_naive_7d
17,2011-07-26,2011-07-29,17003,3,0.0,0.0,seasonal_naive_7d
17,2011-07-26,2011-07-29,20725,3,49.0,68.0,seasonal_naive_7d
17,2011-07-26,2011-07-29,21212,3,72.0,33.0,seasonal_naive_7d
17,2011-07-26,2011-07-29,21213,3,72.0,27.0,seasonal_naive_7d
17,2011-07-26,2011-07-29,21232,3,36.0,13.0,seasonal_naive_7d
17,2011-07-26,2011-07-29,21977,3,72.0,3.0,seasonal_naive_7d
17,2011-07-26,2011-07-29,21980,3,0.0,36.0,seasonal_naive_7d
17,2011-07-26,2011-07-29,21982,3,0.0,24.0,seasonal_naive_7d
17,2011-07-26,2011-07-29,21984,3,0.0,24.0,seasonal_naive_7d
17,2011-07-26,2011-07-29,22197,3,86.0,100.0,seasonal_naive_7d
17,2011-07-26,2011-07-29,84077,3,48.0,102.0,seasonal_naive_7d
17,2011-07-26,2011-07-29,84270,3,0.0,0.0,seasonal_naive_7d
17,2011-07-26,2011-07-29,84347,3,0.0,0.0,seasonal_naive_7d
17,2011-07-26,2011-07-29,84568,3,5.0,8.0,seasonal_naive_7d
17,2011-07-26,2011-07-29,84755,3,18.0,32.0,seasonal_naive_7d
17,2011-07-26,2011-07-29,84879,3,152.0,56.0,seasonal_naive_7d
17,2011-07-26,2011-07-29,84991,3,72.0,49.0,seasonal_naive_7d
17,2011-07-26,2011-07-29,84992,3,24.0,0.0,seasonal_naive_7d
17,2011-07-26,2011-07-29,85099B,3,111.0,40.0,seasonal_naive_7d
17,2011-07-26,2011-07-29,85123A,3,74.0,132.0,seasonal_naive_7d
17,2011-07-26,2011-07-30,17003,4,0.0,0.0,seasonal_naive_7d
17,2011-07-26,2011-07-30,20725,4,0.0,0.0,seasonal_naive_7d
17,2011-07-26,2011-07-30,21212,4,0.0,0.0,seasonal_naive_7d
17,2011-07-26,2011-07-30,21213,4,0.0,0.0,seasonal_naive_7d
17,2011-07-26,2011-07-30,21232,4,0.0,0.0,seasonal_naive_7d
17,2011-07-26,2011-07-30,21977,4,0.0,0.0,seasonal_naive_7d
17,2011-07-26,2011-07-30,21980,4,0.0,0.0,seasonal_naive_7d
17,2011-07-26,2011-07-30,21982,4,0.0,0.0,seasonal_naive_7d
17,2011-07-26,2011-07-30,21984,4,0.0,0.0,seasonal_naive_7d
17,2011-07-26,2011-07-30,22197,4,0.0,0.0,seasonal_naive_7d
17,2011-07-26,2011-07-30,84077,4,0.0,0.0,seasonal_naive_7d
17,2011-07-26,2011-07-30,84270,4,0.0,0.0,seasonal_naive_7d
17,2011-07-26,2011-07-30,84347,4,0.0,0.0,seasonal_naive_7d
17,2011-07-26,2011-07-30,84568,4,0.0,0.0,seasonal_naive_7d
17,2011-07-26,2011-07-30,84755,4,0.0,0.0,seasonal_naive_7d
17,2011-07-26,2011-07-30,84879,4,0.0,0.0,seasonal_naive_7d
17,2011-07-26,2011-07-30,84991,4,0.0,0.0,seasonal_naive_7d
17,2011-07-26,2011-07-30,84992,4,0.0,0.0,seasonal_naive_7d
17,2011-07-26,2011-07-30,85099B,4,0.0,0.0,seasonal_naive_7d
17,2011-07-26,2011-07-30,85123A,4,0.0,0.0,seasonal_naive_7d
17,2011-07-26,2011-07-31,17003,5,0.0,108.0,seasonal_naive_7d
17,2011-07-26,2011-07-31,20725,5,24.0,124.0,seasonal_naive_7d
17,2011-07-26,2011-07-31,21212,5,534.0,28.0,seasonal_naive_7d
17,2011-07-26,2011-07-31,21213,5,5.0,6.0,seasonal_naive_7d
17,2011-07-26,2011-07-31,21232,5,0.0,6.0,seasonal_naive_7d
17,2011-07-26,2011-07-31,21977,5,266.0,600.0,seasonal_naive_7d
17,2011-07-26,2011-07-31,21980,5,84.0,12.0,seasonal_naive_7d
17,2011-07-26,2011-07-31,21982,5,25.0,39.0,seasonal_naive_7d
17,2011-07-26,2011-07-31,21984,5,1.0,0.0,seasonal_naive_7d
17,2011-07-26,2011-07-31,22197,5,204.0,134.0,seasonal_naive_7d
17,2011-07-26,2011-07-31,84077,5,48.0,48.0,seasonal_naive_7d
17,2011-07-26,2011-07-31,84270,5,0.0,0.0,seasonal_naive_7d
17,2011-07-26,2011-07-31,84347,5,0.0,0.0,seasonal_naive_7d
17,2011-07-26,2011-07-31,84568,5,2880.0,0.0,seasonal_naive_7d
17,2011-07-26,2011-07-31,84755,5,8.0,40.0,seasonal_naive_7d
17,2011-07-26,2011-07-31,84879,5,64.0,69.0,seasonal_naive_7d
17,2011-07-26,2011-07-31,84991,5,24.0,6.0,seasonal_naive_7d
17,2011-07-26,2011-07-31,84992,5,30.0,4.0,seasonal_naive_7d
17,2011-07-26,2011-07-31,85099B,5,12.0,25.0,seasonal_naive_7d
17,2011-07-26,2011-07-31,85123A,5,107.0,160.0,seasonal_naive_7d
17,2011-07-26,2011-08-01,17003,6,72.0,0.0,seasonal_naive_7d
17,2011-07-26,2011-08-01,20725,6,54.0,42.0,seasonal_naive_7d
17,2011-07-26,2011-08-01,21212,6,24.0,195.0,seasonal_naive_7d
17,2011-07-26,2011-08-01,21213,6,72.0,76.0,seasonal_naive_7d
17,2011-07-26,2011-08-01,21232,6,33.0,46.0,seasonal_naive_7d
17,2011-07-26,2011-08-01,21977,6,49.0,175.0,seasonal_naive_7d
17,2011-07-26,2011-08-01,21980,6,0.0,37.0,seasonal_naive_7d
17,2011-07-26,2011-08-01,21982,6,24.0,60.0,seasonal_naive_7d
17,2011-07-26,2011-08-01,21984,6,0.0,36.0,seasonal_naive_7d
17,2011-07-26,2011-08-01,22197,6,21.0,31.0,seasonal_naive_7d
17,2011-07-26,2011-08-01,84077,6,0.0,290.0,seasonal_naive_7d
17,2011-07-26,2011-08-01,84270,6,0.0,0.0,seasonal_naive_7d
17,2011-07-26,2011-08-01,84347,6,0.0,0.0,seasonal_naive_7d
17,2011-07-26,2011-08-01,84568,6,22.0,14.0,seasonal_naive_7d
17,2011-07-26,2011-08-01,84755,6,64.0,24.0,seasonal_naive_7d
17,2011-07-26,2011-08-01,84879,6,88.0,104.0,seasonal_naive_7d
17,2011-07-26,2011-08-01,84991,6,25.0,56.0,seasonal_naive_7d
17,2011-07-26,2011-08-01,84992,6,72.0,0.0,seasonal_naive_7d
17,2011-07-26,2011-08-01,85099B,6,348.0,59.0,seasonal_naive_7d
17,2011-07-26,2011-08-01,85123A,6,61.0,43.0,seasonal_naive_7d
17,2011-07-26,2011-08-02,17003,7,1.0,149.0,seasonal_naive_7d
17,2011-07-26,2011-08-02,20725,7,259.0,59.0,seasonal_naive_7d
17,2011-07-26,2011-08-02,21212,7,40.0,184.0,seasonal_naive_7d
17,2011-07-26,2011-08-02,21213,7,0.0,29.0,seasonal_naive_7d
17,2011-07-26,2011-08-02,21232,7,13.0,1.0,seasonal_naive_7d
17,2011-07-26,2011-08-02,21977,7,24.0,78.0,seasonal_naive_7d
17,2011-07-26,2011-08-02,21980,7,4.0,0.0,seasonal_naive_7d
17,2011-07-26,2011-08-02,21982,7,24.0,0.0,seasonal_naive_7d
17,2011-07-26,2011-08-02,21984,7,0.0,0.0,seasonal_naive_7d
17,2011-07-26,2011-08-02,22197,7,45.0,25.0,seasonal_naive_7d
17,2011-07-26,2011-08-02,84077,7,0.0,100.0,seasonal_naive_7d
17,2011-07-26,2011-08-02,84270,7,0.0,0.0,seasonal_naive_7d
17,2011-07-26,2011-08-02,84347,7,0.0,6.0,seasonal_naive_7d
17,2011-07-26,2011-08-02,84568,7,301.0,30.0,seasonal_naive_7d
17,2011-07-26,2011-08-02,84755,7,0.0,208.0,seasonal_naive_7d
17,2011-07-26,2011-08-02,84879,7,24.0,16.0,seasonal_naive_7d
17,2011-07-26,2011-08-02,84991,7,49.0,30.0,seasonal_naive_7d
17,2011-07-26,2011-08-02,84992,7,24.0,6.0,seasonal_naive_7d
17,2011-07-26,2011-08-02,85099B,7,54.0,148.0,seasonal_naive_7d
17,2011-07-26,2011-08-02,85123A,7,32.0,8.0,seasonal_naive_7d
17,2011-07-26,2011-08-03,17003,8,36.0,36.0,seasonal_naive_7d
17,2011-07-26,2011-08-03,20725,8,34.0,25.0,seasonal_naive_7d
17,2011-07-26,2011-08-03,21212,8,127.0,95.0,seasonal_naive_7d
17,2011-07-26,2011-08-03,21213,8,144.0,24.0,seasonal_naive_7d
17,2011-07-26,2011-08-03,21232,8,8.0,11.0,seasonal_naive_7d
17,2011-07-26,2011-08-03,21977,8,78.0,27.0,seasonal_naive_7d
17,2011-07-26,2011-08-03,21980,8,0.0,0.0,seasonal_naive_7d
17,2011-07-26,2011-08-03,21982,8,6.0,26.0,seasonal_naive_7d
17,2011-07-26,2011-08-03,21984,8,0.0,2.0,seasonal_naive_7d
17,2011-07-26,2011-08-03,22197,8,15.0,74.0,seasonal_naive_7d
17,2011-07-26,2011-08-03,84077,8,96.0,96.0,seasonal_naive_7d
17,2011-07-26,2011-08-03,84270,8,0.0,0.0,seasonal_naive_7d
17,2011-07-26,2011-08-03,84347,8,0.0,0.0,seasonal_naive_7d
17,2011-07-26,2011-08-03,84568,8,0.0,4.0,seasonal_naive_7d
17,2011-07-26,2011-08-03,84755,8,88.0,72.0,seasonal_naive_7d
17,2011-07-26,2011-08-03,84879,8,82.0,18.0,seasonal_naive_7d
17,2011-07-26,2011-08-03,84991,8,32.0,37.0,seasonal_naive_7d
17,2011-07-26,2011-08-03,84992,8,54.0,26.0,seasonal_naive_7d
17,2011-07-26,2011-08-03,85099B,8,38.0,279.0,seasonal_naive_7d
17,2011-07-26,2011-08-03,85123A,8,91.0,104.0,seasonal_naive_7d
17,2011-07-26,2011-08-04,17003,9,0.0,1.0,seasonal_naive_7d
17,2011-07-26,2011-08-04,20725,9,246.0,30.0,seasonal_naive_7d
17,2011-07-26,2011-08-04,21212,9,198.0,1.0,seasonal_naive_7d
17,2011-07-26,2011-08-04,21213,9,25.0,1.0,seasonal_naive_7d
17,2011-07-26,2011-08-04,21232,9,85.0,0.0,seasonal_naive_7d
17,2011-07-26,2011-08-04,21977,9,72.0,49.0,seasonal_naive_7d
17,2011-07-26,2011-08-04,21980,9,1.0,48.0,seasonal_naive_7d
17,2011-07-26,2011-08-04,21982,9,25.0,0.0,seasonal_naive_7d
17,2011-07-26,2011-08-04,21984,9,24.0,0.0,seasonal_naive_7d
17,2011-07-26,2011-08-04,22197,9,2036.0,168.0,seasonal_naive_7d
17,2011-07-26,2011-08-04,84077,9,2.0,240.0,seasonal_naive_7d
17,2011-07-26,2011-08-04,84270,9,0.0,0.0,seasonal_naive_7d
17,2011-07-26,2011-08-04,84347,9,12.0,1.0,seasonal_naive_7d
17,2011-07-26,2011-08-04,84568,9,0.0,0.0,seasonal_naive_7d
17,2011-07-26,2011-08-04,84755,9,68.0,100.0,seasonal_naive_7d
17,2011-07-26,2011-08-04,84879,9,3359.0,160.0,seasonal_naive_7d
17,2011-07-26,2011-08-04,84991,9,48.0,0.0,seasonal_naive_7d
17,2011-07-26,2011-08-04,84992,9,120.0,72.0,seasonal_naive_7d
17,2011-07-26,2011-08-04,85099B,9,453.0,45.0,seasonal_naive_7d
17,2011-07-26,2011-08-04,85123A,9,130.0,56.0,seasonal_naive_7d
17,2011-07-26,2011-08-05,17003,10,1.0,0.0,seasonal_naive_7d
17,2011-07-26,2011-08-05,20725,10,6.0,68.0,seasonal_naive_7d
17,2011-07-26,2011-08-05,21212,10,30.0,33.0,seasonal_naive_7d
17,2011-07-26,2011-08-05,21213,10,0.0,27.0,seasonal_naive_7d
17,2011-07-26,2011-08-05,21232,10,2.0,13.0,seasonal_naive_7d
17,2011-07-26,2011-08-05,21977,10,0.0,3.0,seasonal_naive_7d
17,2011-07-26,2011-08-05,21980,10,0.0,36.0,seasonal_naive_7d
17,2011-07-26,2011-08-05,21982,10,12.0,24.0,seasonal_naive_7d
17,2011-07-26,2011-08-05,21984,10,0.0,24.0,seasonal_naive_7d
17,2011-07-26,2011-08-05,22197,10,61.0,100.0,seasonal_naive_7d
17,2011-07-26,2011-08-05,84077,10,0.0,102.0,seasonal_naive_7d
17,2011-07-26,2011-08-05,84270,10,0.0,0.0,seasonal_naive_7d
17,2011-07-26,2011-08-05,84347,10,0.0,0.0,seasonal_naive_7d
17,2011-07-26,2011-08-05,84568,10,17.0,8.0,seasonal_naive_7d
17,2011-07-26,2011-08-05,84755,10,8.0,32.0,seasonal_naive_7d
17,2011-07-26,2011-08-05,84879,10,86.0,56.0,seasonal_naive_7d
17,2011-07-26,2011-08-05,84991,10,90.0,49.0,seasonal_naive_7d
17,2011-07-26,2011-08-05,84992,10,0.0,0.0,seasonal_naive_7d
17,2011-07-26,2011-08-05,85099B,10,134.0,40.0,seasonal_naive_7d
17,2011-07-26,2011-08-05,85123A,10,38.0,132.0,seasonal_naive_7d
17,2011-07-26,2011-08-06,17003,11,0.0,0.0,seasonal_naive_7d
17,2011-07-26,2011-08-06,20725,11,0.0,0.0,seasonal_naive_7d
17,2011-07-26,2011-08-06,21212,11,0.0,0.0,seasonal_naive_7d
17,2011-07-26,2011-08-06,21213,11,0.0,0.0,seasonal_naive_7d
17,2011-07-26,2011-08-06,21232,11,0.0,0.0,seasonal_naive_7d
17,2011-07-26,2011-08-06,21977,11,0.0,0.0,seasonal_naive_7d
17,2011-07-26,2011-08-06,21980,11,0.0,0.0,seasonal_naive_7d
17,2011-07-26,2011-08-06,21982,11,0.0,0.0,seasonal_naive_7d
17,2011-07-26,2011-08-06,21984,11,0.0,0.0,seasonal_naive_7d
17,2011-07-26,2011-08-06,22197,11,0.0,0.0,seasonal_naive_7d
17,2011-07-26,2011-08-06,84077,11,0.0,0.0,seasonal_naive_7d
17,2011-07-26,2011-08-06,84270,11,0.0,0.0,seasonal_naive_7d
17,2011-07-26,2011-08-06,84347,11,0.0,0.0,seasonal_naive_7d
17,2011-07-26,2011-08-06,84568,11,0.0,0.0,seasonal_naive_7d
17,2011-07-26,2011-08-06,84755,11,0.0,0.0,seasonal_naive_7d
17,2011-07-26,2011-08-06,84879,11,0.0,0.0,seasonal_naive_7d
17,2011-07-26,2011-08-06,84991,11,0.0,0.0,seasonal_naive_7d
17,2011-07-26,2011-08-06,84992,11,0.0,0.0,seasonal_naive_7d
17,2011-07-26,2011-08-06,85099B,11,0.0,0.0,seasonal_naive_7d
17,2011-07-26,2011-08-06,85123A,11,0.0,0.0,seasonal_naive_7d
17,2011-07-26,2011-08-07,17003,12,36.0,108.0,seasonal_naive_7d
17,2011-07-26,2011-08-07,20725,12,4.0,124.0,seasonal_naive_7d
17,2011-07-26,2011-08-07,21212,12,26.0,28.0,seasonal_naive_7d
17,2011-07-26,2011-08-07,21213,12,0.0,6.0,seasonal_naive_7d
17,2011-07-26,2011-08-07,21232,12,0.0,6.0,seasonal_naive_7d
17,2011-07-26,2011-08-07,21977,12,48.0,600.0,seasonal_naive_7d
17,2011-07-26,2011-08-07,21980,12,4.0,12.0,seasonal_naive_7d
17,2011-07-26,2011-08-07,21982,12,20.0,39.0,seasonal_naive_7d
17,2011-07-26,2011-08-07,21984,12,4.0,0.0,seasonal_naive_7d
17,2011-07-26,2011-08-07,22197,12,0.0,134.0,seasonal_naive_7d
17,2011-07-26,2011-08-07,84077,12,0.0,48.0,seasonal_naive_7d
17,2011-07-26,2011-08-07,84270,12,0.0,0.0,seasonal_naive_7d
17,2011-07-26,2011-08-07,84347,12,0.0,0.0,seasonal_naive_7d
17,2011-07-26,2011-08-07,84568,12,0.0,0.0,seasonal_naive_7d
17,2011-07-26,2011-08-07,84755,12,0.0,40.0,seasonal_naive_7d
17,2011-07-26,2011-08-07,84879,12,161.0,69.0,seasonal_naive_7d
17,2011-07-26,2011-08-07,84991,12,4.0,6.0,seasonal_naive_7d
17,2011-07-26,2011-08-07,84992,12,3.0,4.0,seasonal_naive_7d
17,2011-07-26,2011-08-07,85099B,12,23.0,25.0,seasonal_naive_7d
17,2011-07-26,2011-08-07,85123A,12,89.0,160.0,seasonal_naive_7d
17,2011-07-26,2011-08-08,17003,13,0.0,0.0,seasonal_naive_7d
17,2011-07-26,2011-08-08,20725,13,157.0,42.0,seasonal_naive_7d
17,2011-07-26,2011-08-08,21212,13,51.0,195.0,seasonal_naive_7d
17,2011-07-26,2011-08-08,21213,13,52.0,76.0,seasonal_naive_7d
17,2011-07-26,2011-08-08,21232,13,5.0,46.0,seasonal_naive_7d
17,2011-07-26,2011-08-08,21977,13,25.0,175.0,seasonal_naive_7d
17,2011-07-26,2011-08-08,21980,13,12.0,37.0,seasonal_naive_7d
17,2011-07-26,2011-08-08,21982,13,0.0,60.0,seasonal_naive_7d
17,2011-07-26,2011-08-08,21984,13,0.0,36.0,seasonal_naive_7d
17,2011-07-26,2011-08-08,22197,13,257.0,31.0,seasonal_naive_7d
17,2011-07-26,2011-08-08,84077,13,96.0,290.0,seasonal_naive_7d
17,2011-07-26,2011-08-08,84270,13,0.0,0.0,seasonal_naive_7d
17,2011-07-26,2011-08-08,84347,13,0.0,0.0,seasonal_naive_7d
17,2011-07-26,2011-08-08,84568,13,0.0,14.0,seasonal_naive_7d
17,2011-07-26,2011-08-08,84755,13,0.0,24.0,seasonal_naive_7d
17,2011-07-26,2011-08-08,84879,13,128.0,104.0,seasonal_naive_7d
17,2011-07-26,2011-08-08,84991,13,122.0,56.0,seasonal_naive_7d
17,2011-07-26,2011-08-08,84992,13,74.0,0.0,seasonal_naive_7d
17,2011-07-26,2011-08-08,85099B,13,358.0,59.0,seasonal_naive_7d
17,2011-07-26,2011-08-08,85123A,13,73.0,43.0,seasonal_naive_7d
17,2011-07-26,2011-08-09,17003,14,0.0,149.0,seasonal_naive_7d
17,2011-07-26,2011-08-09,20725,14,91.0,59.0,seasonal_naive_7d
17,2011-07-26,2011-08-09,21212,14,144.0,184.0,seasonal_naive_7d
17,2011-07-26,2011-08-09,21213,14,6.0,29.0,seasonal_naive_7d
17,2011-07-26,2011-08-09,21232,14,12.0,1.0,seasonal_naive_7d
17,2011-07-26,2011-08-09,21977,14,149.0,78.0,seasonal_naive_7d
17,2011-07-26,2011-08-09,21980,14,0.0,0.0,seasonal_naive_7d
17,2011-07-26,2011-08-09,21982,14,24.0,0.0,seasonal_naive_7d
17,2011-07-26,2011-08-09,21984,14,0.0,0.0,seasonal_naive_7d
17,2011-07-26,2011-08-09,22197,14,3.0,25.0,seasonal_naive_7d
17,2011-07-26,2011-08-09,84077,14,0.0,100.0,seasonal_naive_7d
17,2011-07-26,2011-08-09,84270,14,0.0,0.0,seasonal_naive_7d
17,2011-07-26,2011-08-09,84347,14,0.0,6.0,seasonal_naive_7d
17,2011-07-26,2011-08-09,84568,14,4.0,30.0,seasonal_naive_7d
17,2011-07-26,2011-08-09,84755,14,56.0,208.0,seasonal_naive_7d
17,2011-07-26,2011-08-09,84879,14,48.0,16.0,seasonal_naive_7d
17,2011-07-26,2011-08-09,84991,14,145.0,30.0,seasonal_naive_7d
17,2011-07-26,2011-08-09,84992,14,24.0,6.0,seasonal_naive_7d
17,2011-07-26,2011-08-09,85099B,14,263.0,148.0,seasonal_naive_7d
17,2011-07-26,2011-08-09,85123A,14,121.0,8.0,seasonal_naive_7d
18,2011-08-09,2011-08-10,17003,1,36.0,36.0,seasonal_naive_7d
18,2011-08-09,2011-08-10,20725,1,175.0,34.0,seasonal_naive_7d
18,2011-08-09,2011-08-10,21212,1,36.0,127.0,seasonal_naive_7d
18,2011-08-09,2011-08-10,21213,1,0.0,144.0,seasonal_naive_7d
18,2011-08-09,2011-08-10,21232,1,7.0,8.0,seasonal_naive_7d
18,2011-08-09,2011-08-10,21977,1,0.0,78.0,seasonal_naive_7d
18,2011-08-09,2011-08-10,21980,1,24.0,0.0,seasonal_naive_7d
18,2011-08-09,2011-08-10,21982,1,27.0,6.0,seasonal_naive_7d
18,2011-08-09,2011-08-10,21984,1,12.0,0.0,seasonal_naive_7d
18,2011-08-09,2011-08-10,22197,1,600.0,15.0,seasonal_naive_7d
18,2011-08-09,2011-08-10,84077,1,97.0,96.0,seasonal_naive_7d
18,2011-08-09,2011-08-10,84270,1,0.0,0.0,seasonal_naive_7d
18,2011-08-09,2011-08-10,84347,1,0.0,0.0,seasonal_naive_7d
18,2011-08-09,2011-08-10,84568,1,0.0,0.0,seasonal_naive_7d
18,2011-08-09,2011-08-10,84755,1,216.0,88.0,seasonal_naive_7d
18,2011-08-09,2011-08-10,84879,1,96.0,82.0,seasonal_naive_7d
18,2011-08-09,2011-08-10,84991,1,25.0,32.0,seasonal_naive_7d
18,2011-08-09,2011-08-10,84992,1,0.0,54.0,seasonal_naive_7d
18,2011-08-09,2011-08-10,85099B,1,557.0,38.0,seasonal_naive_7d
18,2011-08-09,2011-08-10,85123A,1,132.0,91.0,seasonal_naive_7d
18,2011-08-09,2011-08-11,17003,2,36.0,0.0,seasonal_naive_7d
18,2011-08-09,2011-08-11,20725,2,218.0,246.0,seasonal_naive_7d
18,2011-08-09,2011-08-11,21212,2,27.0,198.0,seasonal_naive_7d
18,2011-08-09,2011-08-11,21213,2,26.0,25.0,seasonal_naive_7d
18,2011-08-09,2011-08-11,21232,2,21.0,85.0,seasonal_naive_7d
18,2011-08-09,2011-08-11,21977,2,26.0,72.0,seasonal_naive_7d
18,2011-08-09,2011-08-11,21980,2,26.0,1.0,seasonal_naive_7d
18,2011-08-09,2011-08-11,21982,2,0.0,25.0,seasonal_naive_7d
18,2011-08-09,2011-08-11,21984,2,48.0,24.0,seasonal_naive_7d
18,2011-08-09,2011-08-11,22197,2,691.0,2036.0,seasonal_naive_7d
18,2011-08-09,2011-08-11,84077,2,336.0,2.0,seasonal_naive_7d
18,2011-08-09,2011-08-11,84270,2,0.0,0.0,seasonal_naive_7d
18,2011-08-09,2011-08-11,84347,2,0.0,12.0,seasonal_naive_7d
18,2011-08-09,2011-08-11,84568,2,0.0,0.0,seasonal_naive_7d
18,2011-08-09,2011-08-11,84755,2,412.0,68.0,seasonal_naive_7d
18,2011-08-09,2011-08-11,84879,2,1008.0,3359.0,seasonal_naive_7d
18,2011-08-09,2011-08-11,84991,2,0.0,48.0,seasonal_naive_7d
18,2011-08-09,2011-08-11,84992,2,3.0,120.0,seasonal_naive_7d
18,2011-08-09,2011-08-11,85099B,2,147.0,453.0,seasonal_naive_7d
18,2011-08-09,2011-08-11,85123A,2,71.0,130.0,seasonal_naive_7d
18,2011-08-09,2011-08-12,17003,3,72.0,1.0,seasonal_naive_7d
18,2011-08-09,2011-08-12,20725,3,71.0,6.0,seasonal_naive_7d
18,2011-08-09,2011-08-12,21212,3,74.0,30.0,seasonal_naive_7d
18,2011-08-09,2011-08-12,21213,3,0.0,0.0,seasonal_naive_7d
18,2011-08-09,2011-08-12,21232,3,2.0,2.0,seasonal_naive_7d
18,2011-08-09,2011-08-12,21977,3,48.0,0.0,seasonal_naive_7d
18,2011-08-09,2011-08-12,21980,3,0.0,0.0,seasonal_naive_7d
18,2011-08-09,2011-08-12,21982,3,2.0,12.0,seasonal_naive_7d
18,2011-08-09,2011-08-12,21984,3,0.0,0.0,seasonal_naive_7d
18,2011-08-09,2011-08-12,22197,3,160.0,61.0,seasonal_naive_7d
18,2011-08-09,2011-08-12,84077,3,48.0,0.0,seasonal_naive_7d
18,2011-08-09,2011-08-12,84270,3,0.0,0.0,seasonal_naive_7d
18,2011-08-09,2011-08-12,84347,3,6.0,0.0,seasonal_naive_7d
18,2011-08-09,2011-08-12,84568,3,31.0,17.0,seasonal_naive_7d
18,2011-08-09,2011-08-12,84755,3,4.0,8.0,seasonal_naive_7d
18,2011-08-09,2011-08-12,84879,3,32.0,86.0,seasonal_naive_7d
18,2011-08-09,2011-08-12,84991,3,48.0,90.0,seasonal_naive_7d
18,2011-08-09,2011-08-12,84992,3,1.0,0.0,seasonal_naive_7d
18,2011-08-09,2011-08-12,85099B,3,26.0,134.0,seasonal_naive_7d
18,2011-08-09,2011-08-12,85123A,3,28.0,38.0,seasonal_naive_7d
18,2011-08-09,2011-08-13,17003,4,0.0,0.0,seasonal_naive_7d
18,2011-08-09,2011-08-13,20725,4,0.0,0.0,seasonal_naive_7d
18,2011-08-09,2011-08-13,21212,4,0.0,0.0,seasonal_naive_7d
18,2011-08-09,2011-08-13,21213,4,0.0,0.0,seasonal_naive_7d
18,2011-08-09,2011-08-13,21232,4,0.0,0.0,seasonal_naive_7d
18,2011-08-09,2011-08-13,21977,4,0.0,0.0,seasonal_naive_7d
18,2011-08-09,2011-08-13,21980,4,0.0,0.0,seasonal_naive_7d
18,2011-08-09,2011-08-13,21982,4,0.0,0.0,seasonal_naive_7d
18,2011-08-09,2011-08-13,21984,4,0.0,0.0,seasonal_naive_7d
18,2011-08-09,2011-08-13,22197,4,0.0,0.0,seasonal_naive_7d
18,2011-08-09,2011-08-13,84077,4,0.0,0.0,seasonal_naive_7d
18,2011-08-09,2011-08-13,84270,4,0.0,0.0,seasonal_naive_7d
18,2011-08-09,2011-08-13,84347,4,0.0,0.0,seasonal_naive_7d
18,2011-08-09,2011-08-13,84568,4,0.0,0.0,seasonal_naive_7d
18,2011-08-09,2011-08-13,84755,4,0.0,0.0,seasonal_naive_7d
18,2011-08-09,2011-08-13,84879,4,0.0,0.0,seasonal_naive_7d
18,2011-08-09,2011-08-13,84991,4,0.0,0.0,seasonal_naive_7d
18,2011-08-09,2011-08-13,84992,4,0.0,0.0,seasonal_naive_7d
18,2011-08-09,2011-08-13,85099B,4,0.0,0.0,seasonal_naive_7d
18,2011-08-09,2011-08-13,85123A,4,0.0,0.0,seasonal_naive_7d
18,2011-08-09,2011-08-14,17003,5,0.0,36.0,seasonal_naive_7d
18,2011-08-09,2011-08-14,20725,5,13.0,4.0,seasonal_naive_7d
18,2011-08-09,2011-08-14,21212,5,3.0,26.0,seasonal_naive_7d
18,2011-08-09,2011-08-14,21213,5,4.0,0.0,seasonal_naive_7d
18,2011-08-09,2011-08-14,21232,5,72.0,0.0,seasonal_naive_7d
18,2011-08-09,2011-08-14,21977,5,0.0,48.0,seasonal_naive_7d
18,2011-08-09,2011-08-14,21980,5,0.0,4.0,seasonal_naive_7d
18,2011-08-09,2011-08-14,21982,5,0.0,20.0,seasonal_naive_7d
18,2011-08-09,2011-08-14,21984,5,0.0,4.0,seasonal_naive_7d
18,2011-08-09,2011-08-14,22197,5,24.0,0.0,seasonal_naive_7d
18,2011-08-09,2011-08-14,84077,5,0.0,0.0,seasonal_naive_7d
18,2011-08-09,2011-08-14,84270,5,0.0,0.0,seasonal_naive_7d
18,2011-08-09,2011-08-14,84347,5,0.0,0.0,seasonal_naive_7d
18,2011-08-09,2011-08-14,84568,5,0.0,0.0,seasonal_naive_7d
18,2011-08-09,2011-08-14,84755,5,0.0,0.0,seasonal_naive_7d
18,2011-08-09,2011-08-14,84879,5,11.0,161.0,seasonal_naive_7d
18,2011-08-09,2011-08-14,84991,5,0.0,4.0,seasonal_naive_7d
18,2011-08-09,2011-08-14,84992,5,5.0,3.0,seasonal_naive_7d
18,2011-08-09,2011-08-14,85099B,5,22.0,23.0,seasonal_naive_7d
18,2011-08-09,2011-08-14,85123A,5,52.0,89.0,seasonal_naive_7d
18,2011-08-09,2011-08-15,17003,6,0.0,0.0,seasonal_naive_7d
18,2011-08-09,2011-08-15,20725,6,40.0,157.0,seasonal_naive_7d
18,2011-08-09,2011-08-15,21212,6,78.0,51.0,seasonal_naive_7d
18,2011-08-09,2011-08-15,21213,6,0.0,52.0,seasonal_naive_7d
18,2011-08-09,2011-08-15,21232,6,24.0,5.0,seasonal_naive_7d
18,2011-08-09,2011-08-15,21977,6,4.0,25.0,seasonal_naive_7d
18,2011-08-09,2011-08-15,21980,6,0.0,12.0,seasonal_naive_7d
18,2011-08-09,2011-08-15,21982,6,0.0,0.0,seasonal_naive_7d
18,2011-08-09,2011-08-15,21984,6,2.0,0.0,seasonal_naive_7d
18,2011-08-09,2011-08-15,22197,6,100.0,257.0,seasonal_naive_7d
18,2011-08-09,2011-08-15,84077,6,144.0,96.0,seasonal_naive_7d
18,2011-08-09,2011-08-15,84270,6,0.0,0.0,seasonal_naive_7d
18,2011-08-09,2011-08-15,84347,6,6.0,0.0,seasonal_naive_7d
18,2011-08-09,2011-08-15,84568,6,0.0,0.0,seasonal_naive_7d
18,2011-08-09,2011-08-15,84755,6,64.0,0.0,seasonal_naive_7d
18,2011-08-09,2011-08-15,84879,6,64.0,128.0,seasonal_naive_7d
18,2011-08-09,2011-08-15,84991,6,54.0,122.0,seasonal_naive_7d
18,2011-08-09,2011-08-15,84992,6,24.0,74.0,seasonal_naive_7d
18,2011-08-09,2011-08-15,85099B,6,62.0,358.0,seasonal_naive_7d
18,2011-08-09,2011-08-15,85123A,6,104.0,73.0,seasonal_naive_7d
18,2011-08-09,2011-08-16,17003,7,42.0,0.0,seasonal_naive_7d
18,2011-08-09,2011-08-16,20725,7,120.0,91.0,seasonal_naive_7d
18,2011-08-09,2011-08-16,21212,7,51.0,144.0,seasonal_naive_7d
18,2011-08-09,2011-08-16,21213,7,6.0,6.0,seasonal_naive_7d
18,2011-08-09,2011-08-16,21232,7,1.0,12.0,seasonal_naive_7d
18,2011-08-09,2011-08-16,21977,7,24.0,149.0,seasonal_naive_7d
18,2011-08-09,2011-08-16,21980,7,36.0,0.0,seasonal_naive_7d
18,2011-08-09,2011-08-16,21982,7,24.0,24.0,seasonal_naive_7d
18,2011-08-09,2011-08-16,21984,7,24.0,0.0,seasonal_naive_7d
18,2011-08-09,2011-08-16,22197,7,33.0,3.0,seasonal_naive_7d
18,2011-08-09,2011-08-16,84077,7,144.0,0.0,seasonal_naive_7d
18,2011-08-09,2011-08-16,84270,7,0.0,0.0,seasonal_naive_7d
18,2011-08-09,2011-08-16,84347,7,0.0,0.0,seasonal_naive_7d
18,2011-08-09,2011-08-16,84568,7,0.0,4.0,seasonal_naive_7d
18,2011-08-09,2011-08-16,84755,7,16.0,56.0,seasonal_naive_7d
18,2011-08-09,2011-08-16,84879,7,60.0,48.0,seasonal_naive_7d
18,2011-08-09,2011-08-16,84991,7,0.0,145.0,seasonal_naive_7d
18,2011-08-09,2011-08-16,84992,7,0.0,24.0,seasonal_naive_7d
18,2011-08-09,2011-08-16,85099B,7,45.0,263.0,seasonal_naive_7d
18,2011-08-09,2011-08-16,85123A,7,87.0,121.0,seasonal_naive_7d
18,2011-08-09,2011-08-17,17003,8,0.0,36.0,seasonal_naive_7d
18,2011-08-09,2011-08-17,20725,8,122.0,34.0,seasonal_naive_7d
18,2011-08-09,2011-08-17,21212,8,72.0,127.0,seasonal_naive_7d
18,2011-08-09,2011-08-17,21213,8,48.0,144.0,seasonal_naive_7d
18,2011-08-09,2011-08-17,21232,8,63.0,8.0,seasonal_naive_7d
18,2011-08-09,2011-08-17,21977,8,24.0,78.0,seasonal_naive_7d
18,2011-08-09,2011-08-17,21980,8,28.0,0.0,seasonal_naive_7d
18,2011-08-09,2011-08-17,21982,8,30.0,6.0,seasonal_naive_7d
18,2011-08-09,2011-08-17,21984,8,24.0,0.0,seasonal_naive_7d
18,2011-08-09,2011-08-17,22197,8,194.0,15.0,seasonal_naive_7d
18,2011-08-09,2011-08-17,84077,8,48.0,96.0,seasonal_naive_7d
18,2011-08-09,2011-08-17,84270,8,0.0,0.0,seasonal_naive_7d
18,2011-08-09,2011-08-17,84347,8,0.0,0.0,seasonal_naive_7d
18,2011-08-09,2011-08-17,84568,8,0.0,0.0,seasonal_naive_7d
18,2011-08-09,2011-08-17,84755,8,20.0,88.0,seasonal_naive_7d
18,2011-08-09,2011-08-17,84879,8,32.0,82.0,seasonal_naive_7d
18,2011-08-09,2011-08-17,84991,8,48.0,32.0,seasonal_naive_7d
18,2011-08-09,2011-08-17,84992,8,25.0,54.0,seasonal_naive_7d
18,2011-08-09,2011-08-17,85099B,8,281.0,38.0,seasonal_naive_7d
18,2011-08-09,2011-08-17,85123A,8,70.0,91.0,seasonal_naive_7d
18,2011-08-09,2011-08-18,17003,9,36.0,0.0,seasonal_naive_7d
18,2011-08-09,2011-08-18,20725,9,95.0,246.0,seasonal_naive_7d
18,2011-08-09,2011-08-18,21212,9,1369.0,198.0,seasonal_naive_7d
18,2011-08-09,2011-08-18,21213,9,721.0,25.0,seasonal_naive_7d
18,2011-08-09,2011-08-18,21232,9,12.0,85.0,seasonal_naive_7d
18,2011-08-09,2011-08-18,21977,9,792.0,72.0,seasonal_naive_7d
18,2011-08-09,2011-08-18,21980,9,24.0,1.0,seasonal_naive_7d
18,2011-08-09,2011-08-18,21982,9,0.0,25.0,seasonal_naive_7d
18,2011-08-09,2011-08-18,21984,9,0.0,24.0,seasonal_naive_7d
18,2011-08-09,2011-08-18,22197,9,38.0,2036.0,seasonal_naive_7d
18,2011-08-09,2011-08-18,84077,9,0.0,2.0,seasonal_naive_7d
18,2011-08-09,2011-08-18,84270,9,0.0,0.0,seasonal_naive_7d
18,2011-08-09,2011-08-18,84347,9,0.0,12.0,seasonal_naive_7d
18,2011-08-09,2011-08-18,84568,9,0.0,0.0,seasonal_naive_7d
18,2011-08-09,2011-08-18,84755,9,32.0,68.0,seasonal_naive_7d
18,2011-08-09,2011-08-18,84879,9,95.0,3359.0,seasonal_naive_7d
18,2011-08-09,2011-08-18,84991,9,492.0,48.0,seasonal_naive_7d
18,2011-08-09,2011-08-18,84992,9,37.0,120.0,seasonal_naive_7d
18,2011-08-09,2011-08-18,85099B,9,390.0,453.0,seasonal_naive_7d
18,2011-08-09,2011-08-18,85123A,9,15.0,130.0,seasonal_naive_7d
18,2011-08-09,2011-08-19,17003,10,0.0,1.0,seasonal_naive_7d
18,2011-08-09,2011-08-19,20725,10,30.0,6.0,seasonal_naive_7d
18,2011-08-09,2011-08-19,21212,10,72.0,30.0,seasonal_naive_7d
18,2011-08-09,2011-08-19,21213,10,48.0,0.0,seasonal_naive_7d
18,2011-08-09,2011-08-19,21232,10,12.0,2.0,seasonal_naive_7d
18,2011-08-09,2011-08-19,21977,10,24.0,0.0,seasonal_naive_7d
18,2011-08-09,2011-08-19,21980,10,0.0,0.0,seasonal_naive_7d
18,2011-08-09,2011-08-19,21982,10,24.0,12.0,seasonal_naive_7d
18,2011-08-09,2011-08-19,21984,10,0.0,0.0,seasonal_naive_7d
18,2011-08-09,2011-08-19,22197,10,98.0,61.0,seasonal_naive_7d
18,2011-08-09,2011-08-19,84077,10,144.0,0.0,seasonal_naive_7d
18,2011-08-09,2011-08-19,84270,10,0.0,0.0,seasonal_naive_7d
18,2011-08-09,2011-08-19,84347,10,6.0,0.0,seasonal_naive_7d
18,2011-08-09,2011-08-19,84568,10,0.0,17.0,seasonal_naive_7d
18,2011-08-09,2011-08-19,84755,10,32.0,8.0,seasonal_naive_7d
18,2011-08-09,2011-08-19,84879,10,224.0,86.0,seasonal_naive_7d
18,2011-08-09,2011-08-19,84991,10,48.0,90.0,seasonal_naive_7d
18,2011-08-09,2011-08-19,84992,10,0.0,0.0,seasonal_naive_7d
18,2011-08-09,2011-08-19,85099B,10,100.0,134.0,seasonal_naive_7d
18,2011-08-09,2011-08-19,85123A,10,6.0,38.0,seasonal_naive_7d
18,2011-08-09,2011-08-20,17003,11,0.0,0.0,seasonal_naive_7d
18,2011-08-09,2011-08-20,20725,11,0.0,0.0,seasonal_naive_7d
18,2011-08-09,2011-08-20,21212,11,0.0,0.0,seasonal_naive_7d
18,2011-08-09,2011-08-20,21213,11,0.0,0.0,seasonal_naive_7d
18,2011-08-09,2011-08-20,21232,11,0.0,0.0,seasonal_naive_7d
18,2011-08-09,2011-08-20,21977,11,0.0,0.0,seasonal_naive_7d
18,2011-08-09,2011-08-20,21980,11,0.0,0.0,seasonal_naive_7d
18,2011-08-09,2011-08-20,21982,11,0.0,0.0,seasonal_naive_7d
18,2011-08-09,2011-08-20,21984,11,0.0,0.0,seasonal_naive_7d
18,2011-08-09,2011-08-20,22197,11,0.0,0.0,seasonal_naive_7d
18,2011-08-09,2011-08-20,84077,11,0.0,0.0,seasonal_naive_7d
18,2011-08-09,2011-08-20,84270,11,0.0,0.0,seasonal_naive_7d
18,2011-08-09,2011-08-20,84347,11,0.0,0.0,seasonal_naive_7d
18,2011-08-09,2011-08-20,84568,11,0.0,0.0,seasonal_naive_7d
18,2011-08-09,2011-08-20,84755,11,0.0,0.0,seasonal_naive_7d
18,2011-08-09,2011-08-20,84879,11,0.0,0.0,seasonal_naive_7d
18,2011-08-09,2011-08-20,84991,11,0.0,0.0,seasonal_naive_7d
18,2011-08-09,2011-08-20,84992,11,0.0,0.0,seasonal_naive_7d
18,2011-08-09,2011-08-20,85099B,11,0.0,0.0,seasonal_naive_7d
18,2011-08-09,2011-08-20,85123A,11,0.0,0.0,seasonal_naive_7d
18,2011-08-09,2011-08-21,17003,12,0.0,36.0,seasonal_naive_7d
18,2011-08-09,2011-08-21,20725,12,26.0,4.0,seasonal_naive_7d
18,2011-08-09,2011-08-21,21212,12,8.0,26.0,seasonal_naive_7d
18,2011-08-09,2011-08-21,21213,12,29.0,0.0,seasonal_naive_7d
18,2011-08-09,2011-08-21,21232,12,0.0,0.0,seasonal_naive_7d
18,2011-08-09,2011-08-21,21977,12,11.0,48.0,seasonal_naive_7d
18,2011-08-09,2011-08-21,21980,12,0.0,4.0,seasonal_naive_7d
18,2011-08-09,2011-08-21,21982,12,1.0,20.0,seasonal_naive_7d
18,2011-08-09,2011-08-21,21984,12,12.0,4.0,seasonal_naive_7d
18,2011-08-09,2011-08-21,22197,12,55.0,0.0,seasonal_naive_7d
18,2011-08-09,2011-08-21,84077,12,48.0,0.0,seasonal_naive_7d
18,2011-08-09,2011-08-21,84270,12,0.0,0.0,seasonal_naive_7d
18,2011-08-09,2011-08-21,84347,12,5.0,0.0,seasonal_naive_7d
18,2011-08-09,2011-08-21,84568,12,0.0,0.0,seasonal_naive_7d
18,2011-08-09,2011-08-21,84755,12,40.0,0.0,seasonal_naive_7d
18,2011-08-09,2011-08-21,84879,12,81.0,161.0,seasonal_naive_7d
18,2011-08-09,2011-08-21,84991,12,6.0,4.0,seasonal_naive_7d
18,2011-08-09,2011-08-21,84992,12,3.0,3.0,seasonal_naive_7d
18,2011-08-09,2011-08-21,85099B,12,478.0,23.0,seasonal_naive_7d
18,2011-08-09,2011-08-21,85123A,12,15.0,89.0,seasonal_naive_7d
18,2011-08-09,2011-08-22,17003,13,0.0,0.0,seasonal_naive_7d
18,2011-08-09,2011-08-22,20725,13,55.0,157.0,seasonal_naive_7d
18,2011-08-09,2011-08-22,21212,13,72.0,51.0,seasonal_naive_7d
18,2011-08-09,2011-08-22,21213,13,72.0,52.0,seasonal_naive_7d
18,2011-08-09,2011-08-22,21232,13,4.0,5.0,seasonal_naive_7d
18,2011-08-09,2011-08-22,21977,13,24.0,25.0,seasonal_naive_7d
18,2011-08-09,2011-08-22,21980,13,3.0,12.0,seasonal_naive_7d
18,2011-08-09,2011-08-22,21982,13,0.0,0.0,seasonal_naive_7d
18,2011-08-09,2011-08-22,21984,13,2.0,0.0,seasonal_naive_7d
18,2011-08-09,2011-08-22,22197,13,36.0,257.0,seasonal_naive_7d
18,2011-08-09,2011-08-22,84077,13,48.0,96.0,seasonal_naive_7d
18,2011-08-09,2011-08-22,84270,13,0.0,0.0,seasonal_naive_7d
18,2011-08-09,2011-08-22,84347,13,0.0,0.0,seasonal_naive_7d
18,2011-08-09,2011-08-22,84568,13,0.0,0.0,seasonal_naive_7d
18,2011-08-09,2011-08-22,84755,13,88.0,0.0,seasonal_naive_7d
18,2011-08-09,2011-08-22,84879,13,206.0,128.0,seasonal_naive_7d
18,2011-08-09,2011-08-22,84991,13,0.0,122.0,seasonal_naive_7d
18,2011-08-09,2011-08-22,84992,13,0.0,74.0,seasonal_naive_7d
18,2011-08-09,2011-08-22,85099B,13,130.0,358.0,seasonal_naive_7d
18,2011-08-09,2011-08-22,85123A,13,420.0,73.0,seasonal_naive_7d
18,2011-08-09,2011-08-23,17003,14,108.0,0.0,seasonal_naive_7d
18,2011-08-09,2011-08-23,20725,14,127.0,91.0,seasonal_naive_7d
18,2011-08-09,2011-08-23,21212,14,132.0,144.0,seasonal_naive_7d
18,2011-08-09,2011-08-23,21213,14,36.0,6.0,seasonal_naive_7d
18,2011-08-09,2011-08-23,21232,14,0.0,12.0,seasonal_naive_7d
18,2011-08-09,2011-08-23,21977,14,698.0,149.0,seasonal_naive_7d
18,2011-08-09,2011-08-23,21980,14,0.0,0.0,seasonal_naive_7d
18,2011-08-09,2011-08-23,21982,14,28.0,24.0,seasonal_naive_7d
18,2011-08-09,2011-08-23,21984,14,4.0,0.0,seasonal_naive_7d
18,2011-08-09,2011-08-23,22197,14,49.0,3.0,seasonal_naive_7d
18,2011-08-09,2011-08-23,84077,14,240.0,0.0,seasonal_naive_7d
18,2011-08-09,2011-08-23,84270,14,0.0,0.0,seasonal_naive_7d
18,2011-08-09,2011-08-23,84347,14,6.0,0.0,seasonal_naive_7d
18,2011-08-09,2011-08-23,84568,14,0.0,4.0,seasonal_naive_7d
18,2011-08-09,2011-08-23,84755,14,32.0,56.0,seasonal_naive_7d
18,2011-08-09,2011-08-23,84879,14,48.0,48.0,seasonal_naive_7d
18,2011-08-09,2011-08-23,84991,14,41.0,145.0,seasonal_naive_7d
18,2011-08-09,2011-08-23,84992,14,48.0,24.0,seasonal_naive_7d
18,2011-08-09,2011-08-23,85099B,14,151.0,263.0,seasonal_naive_7d
18,2011-08-09,2011-08-23,85123A,14,122.0,121.0,seasonal_naive_7d
19,2011-08-23,2011-08-24,17003,1,760.0,0.0,seasonal_naive_7d
19,2011-08-23,2011-08-24,20725,1,40.0,122.0,seasonal_naive_7d
19,2011-08-23,2011-08-24,21212,1,78.0,72.0,seasonal_naive_7d
19,2011-08-23,2011-08-24,21213,1,21.0,48.0,seasonal_naive_7d
19,2011-08-23,2011-08-24,21232,1,75.0,63.0,seasonal_naive_7d
19,2011-08-23,2011-08-24,21977,1,150.0,24.0,seasonal_naive_7d
19,2011-08-23,2011-08-24,21980,1,2.0,28.0,seasonal_naive_7d
19,2011-08-23,2011-08-24,21982,1,1.0,30.0,seasonal_naive_7d
19,2011-08-23,2011-08-24,21984,1,0.0,24.0,seasonal_naive_7d
19,2011-08-23,2011-08-24,22197,1,76.0,194.0,seasonal_naive_7d
19,2011-08-23,2011-08-24,84077,1,576.0,48.0,seasonal_naive_7d
19,2011-08-23,2011-08-24,84270,1,0.0,0.0,seasonal_naive_7d
19,2011-08-23,2011-08-24,84347,1,0.0,0.0,seasonal_naive_7d
19,2011-08-23,2011-08-24,84568,1,0.0,0.0,seasonal_naive_7d
19,2011-08-23,2011-08-24,84755,1,144.0,20.0,seasonal_naive_7d
19,2011-08-23,2011-08-24,84879,1,96.0,32.0,seasonal_naive_7d
19,2011-08-23,2011-08-24,84991,1,17.0,48.0,seasonal_naive_7d
19,2011-08-23,2011-08-24,84992,1,4.0,25.0,seasonal_naive_7d
19,2011-08-23,2011-08-24,85099B,1,1068.0,281.0,seasonal_naive_7d
19,2011-08-23,2011-08-24,85123A,1,61.0,70.0,seasonal_naive_7d
19,2011-08-23,2011-08-25,17003,2,36.0,36.0,seasonal_naive_7d
19,2011-08-23,2011-08-25,20725,2,80.0,95.0,seasonal_naive_7d
19,2011-08-23,2011-08-25,21212,2,24.0,1369.0,seasonal_naive_7d
19,2011-08-23,2011-08-25,21213,2,96.0,721.0,seasonal_naive_7d
19,2011-08-23,2011-08-25,21232,2,15.0,12.0,seasonal_naive_7d
19,2011-08-23,2011-08-25,21977,2,0.0,792.0,seasonal_naive_7d
19,2011-08-23,2011-08-25,21980,2,0.0,24.0,seasonal_naive_7d
19,2011-08-23,2011-08-25,21982,2,36.0,0.0,seasonal_naive_7d
19,2011-08-23,2011-08-25,21984,2,12.0,0.0,seasonal_naive_7d
19,2011-08-23,2011-08-25,22197,2,34.0,38.0,seasonal_naive_7d
19,2011-08-23,2011-08-25,84077,2,0.0,0.0,seasonal_naive_7d
19,2011-08-23,2011-08-25,84270,2,0.0,0.0,seasonal_naive_7d
19,2011-08-23,2011-08-25,84347,2,0.0,0.0,seasonal_naive_7d
19,2011-08-23,2011-08-25,84568,2,0.0,0.0,seasonal_naive_7d
19,2011-08-23,2011-08-25,84755,2,184.0,32.0,seasonal_naive_7d
19,2011-08-23,2011-08-25,84879,2,400.0,95.0,seasonal_naive_7d
19,2011-08-23,2011-08-25,84991,2,0.0,492.0,seasonal_naive_7d
19,2011-08-23,2011-08-25,84992,2,2.0,37.0,seasonal_naive_7d
19,2011-08-23,2011-08-25,85099B,2,108.0,390.0,seasonal_naive_7d
19,2011-08-23,2011-08-25,85123A,2,106.0,15.0,seasonal_naive_7d
19,2011-08-23,2011-08-26,17003,3,0.0,0.0,seasonal_naive_7d
19,2011-08-23,2011-08-26,20725,3,20.0,30.0,seasonal_naive_7d
19,2011-08-23,2011-08-26,21212,3,197.0,72.0,seasonal_naive_7d
19,2011-08-23,2011-08-26,21213,3,2.0,48.0,seasonal_naive_7d
19,2011-08-23,2011-08-26,21232,3,51.0,12.0,seasonal_naive_7d
19,2011-08-23,2011-08-26,21977,3,0.0,24.0,seasonal_naive_7d
19,2011-08-23,2011-08-26,21980,3,0.0,0.0,seasonal_naive_7d
19,2011-08-23,2011-08-26,21982,3,48.0,24.0,seasonal_naive_7d
19,2011-08-23,2011-08-26,21984,3,24.0,0.0,seasonal_naive_7d
19,2011-08-23,2011-08-26,22197,3,613.0,98.0,seasonal_naive_7d
19,2011-08-23,2011-08-26,84077,3,96.0,144.0,seasonal_naive_7d
19,2011-08-23,2011-08-26,84270,3,0.0,0.0,seasonal_naive_7d
19,2011-08-23,2011-08-26,84347,3,12.0,6.0,seasonal_naive_7d
19,2011-08-23,2011-08-26,84568,3,0.0,0.0,seasonal_naive_7d
19,2011-08-23,2011-08-26,84755,3,0.0,32.0,seasonal_naive_7d
19,2011-08-23,2011-08-26,84879,3,40.0,224.0,seasonal_naive_7d
19,2011-08-23,2011-08-26,84991,3,96.0,48.0,seasonal_naive_7d
19,2011-08-23,2011-08-26,84992,3,48.0,0.0,seasonal_naive_7d
19,2011-08-23,2011-08-26,85099B,3,50.0,100.0,seasonal_naive_7d
19,2011-08-23,2011-08-26,85123A,3,24.0,6.0,seasonal_naive_7d
19,2011-08-23,2011-08-27,17003,4,0.0,0.0,seasonal_naive_7d
19,2011-08-23,2011-08-27,20725,4,0.0,0.0,seasonal_naive_7d
19,2011-08-23,2011-08-27,21212,4,0.0,0.0,seasonal_naive_7d
19,2011-08-23,2011-08-27,21213,4,0.0,0.0,seasonal_naive_7d
19,2011-08-23,2011-08-27,21232,4,0.0,0.0,seasonal_naive_7d
19,2011-08-23,2011-08-27,21977,4,0.0,0.0,seasonal_naive_7d
19,2011-08-23,2011-08-27,21980,4,0.0,0.0,seasonal_naive_7d
19,2011-08-23,2011-08-27,21982,4,0.0,0.0,seasonal_naive_7d
19,2011-08-23,2011-08-27,21984,4,0.0,0.0,seasonal_naive_7d
19,2011-08-23,2011-08-27,22197,4,0.0,0.0,seasonal_naive_7d
19,2011-08-23,2011-08-27,84077,4,0.0,0.0,seasonal_naive_7d
19,2011-08-23,2011-08-27,84270,4,0.0,0.0,seasonal_naive_7d
19,2011-08-23,2011-08-27,84347,4,0.0,0.0,seasonal_naive_7d
19,2011-08-23,2011-08-27,84568,4,0.0,0.0,seasonal_naive_7d
19,2011-08-23,2011-08-27,84755,4,0.0,0.0,seasonal_naive_7d
19,2011-08-23,2011-08-27,84879,4,0.0,0.0,seasonal_naive_7d
19,2011-08-23,2011-08-27,84991,4,0.0,0.0,seasonal_naive_7d
19,2011-08-23,2011-08-27,84992,4,0.0,0.0,seasonal_naive_7d
19,2011-08-23,2011-08-27,85099B,4,0.0,0.0,seasonal_naive_7d
19,2011-08-23,2011-08-27,85123A,4,0.0,0.0,seasonal_naive_7d
19,2011-08-23,2011-08-28,17003,5,36.0,0.0,seasonal_naive_7d
19,2011-08-23,2011-08-28,20725,5,19.0,26.0,seasonal_naive_7d
19,2011-08-23,2011-08-28,21212,5,5.0,8.0,seasonal_naive_7d
19,2011-08-23,2011-08-28,21213,5,4.0,29.0,seasonal_naive_7d
19,2011-08-23,2011-08-28,21232,5,4.0,0.0,seasonal_naive_7d
19,2011-08-23,2011-08-28,21977,5,4.0,11.0,seasonal_naive_7d
19,2011-08-23,2011-08-28,21980,5,0.0,0.0,seasonal_naive_7d
19,2011-08-23,2011-08-28,21982,5,0.0,1.0,seasonal_naive_7d
19,2011-08-23,2011-08-28,21984,5,12.0,12.0,seasonal_naive_7d
19,2011-08-23,2011-08-28,22197,5,18.0,55.0,seasonal_naive_7d
19,2011-08-23,2011-08-28,84077,5,96.0,48.0,seasonal_naive_7d
19,2011-08-23,2011-08-28,84270,5,0.0,0.0,seasonal_naive_7d
19,2011-08-23,2011-08-28,84347,5,0.0,5.0,seasonal_naive_7d
19,2011-08-23,2011-08-28,84568,5,0.0,0.0,seasonal_naive_7d
19,2011-08-23,2011-08-28,84755,5,16.0,40.0,seasonal_naive_7d
19,2011-08-23,2011-08-28,84879,5,60.0,81.0,seasonal_naive_7d
19,2011-08-23,2011-08-28,84991,5,1.0,6.0,seasonal_naive_7d
19,2011-08-23,2011-08-28,84992,5,24.0,3.0,seasonal_naive_7d
19,2011-08-23,2011-08-28,85099B,5,11.0,478.0,seasonal_naive_7d
19,2011-08-23,2011-08-28,85123A,5,42.0,15.0,seasonal_naive_7d
19,2011-08-23,2011-08-29,17003,6,0.0,0.0,seasonal_naive_7d
19,2011-08-23,2011-08-29,20725,6,0.0,55.0,seasonal_naive_7d
19,2011-08-23,2011-08-29,21212,6,0.0,72.0,seasonal_naive_7d
19,2011-08-23,2011-08-29,21213,6,0.0,72.0,seasonal_naive_7d
19,2011-08-23,2011-08-29,21232,6,0.0,4.0,seasonal_naive_7d
19,2011-08-23,2011-08-29,21977,6,0.0,24.0,seasonal_naive_7d
19,2011-08-23,2011-08-29,21980,6,0.0,3.0,seasonal_naive_7d
19,2011-08-23,2011-08-29,21982,6,0.0,0.0,seasonal_naive_7d
19,2011-08-23,2011-08-29,21984,6,0.0,2.0,seasonal_naive_7d
19,2011-08-23,2011-08-29,22197,6,0.0,36.0,seasonal_naive_7d
19,2011-08-23,2011-08-29,84077,6,0.0,48.0,seasonal_naive_7d
19,2011-08-23,2011-08-29,84270,6,0.0,0.0,seasonal_naive_7d
19,2011-08-23,2011-08-29,84347,6,0.0,0.0,seasonal_naive_7d
19,2011-08-23,2011-08-29,84568,6,0.0,0.0,seasonal_naive_7d
19,2011-08-23,2011-08-29,84755,6,0.0,88.0,seasonal_naive_7d
19,2011-08-23,2011-08-29,84879,6,0.0,206.0,seasonal_naive_7d
19,2011-08-23,2011-08-29,84991,6,0.0,0.0,seasonal_naive_7d
19,2011-08-23,2011-08-29,84992,6,0.0,0.0,seasonal_naive_7d
19,2011-08-23,2011-08-29,85099B,6,0.0,130.0,seasonal_naive_7d
19,2011-08-23,2011-08-29,85123A,6,0.0,420.0,seasonal_naive_7d
19,2011-08-23,2011-08-30,17003,7,2.0,108.0,seasonal_naive_7d
19,2011-08-23,2011-08-30,20725,7,21.0,127.0,seasonal_naive_7d
19,2011-08-23,2011-08-30,21212,7,39.0,132.0,seasonal_naive_7d
19,2011-08-23,2011-08-30,21213,7,10.0,36.0,seasonal_naive_7d
19,2011-08-23,2011-08-30,21232,7,27.0,0.0,seasonal_naive_7d
19,2011-08-23,2011-08-30,21977,7,4.0,698.0,seasonal_naive_7d
19,2011-08-23,2011-08-30,21980,7,0.0,0.0,seasonal_naive_7d
19,2011-08-23,2011-08-30,21982,7,0.0,28.0,seasonal_naive_7d
19,2011-08-23,2011-08-30,21984,7,0.0,4.0,seasonal_naive_7d
19,2011-08-23,2011-08-30,22197,7,40.0,49.0,seasonal_naive_7d
19,2011-08-23,2011-08-30,84077,7,2.0,240.0,seasonal_naive_7d
19,2011-08-23,2011-08-30,84270,7,0.0,0.0,seasonal_naive_7d
19,2011-08-23,2011-08-30,84347,7,3.0,6.0,seasonal_naive_7d
19,2011-08-23,2011-08-30,84568,7,92.0,0.0,seasonal_naive_7d
19,2011-08-23,2011-08-30,84755,7,8.0,32.0,seasonal_naive_7d
19,2011-08-23,2011-08-30,84879,7,8.0,48.0,seasonal_naive_7d
19,2011-08-23,2011-08-30,84991,7,4.0,41.0,seasonal_naive_7d
19,2011-08-23,2011-08-30,84992,7,29.0,48.0,seasonal_naive_7d
19,2011-08-23,2011-08-30,85099B,7,38.0,151.0,seasonal_naive_7d
19,2011-08-23,2011-08-30,85123A,7,63.0,122.0,seasonal_naive_7d
19,2011-08-23,2011-08-31,17003,8,180.0,0.0,seasonal_naive_7d
19,2011-08-23,2011-08-31,20725,8,31.0,122.0,seasonal_naive_7d
19,2011-08-23,2011-08-31,21212,8,37.0,72.0,seasonal_naive_7d
19,2011-08-23,2011-08-31,21213,8,0.0,48.0,seasonal_naive_7d
19,2011-08-23,2011-08-31,21232,8,0.0,63.0,seasonal_naive_7d
19,2011-08-23,2011-08-31,21977,8,5.0,24.0,seasonal_naive_7d
19,2011-08-23,2011-08-31,21980,8,24.0,28.0,seasonal_naive_7d
19,2011-08-23,2011-08-31,21982,8,25.0,30.0,seasonal_naive_7d
19,2011-08-23,2011-08-31,21984,8,26.0,24.0,seasonal_naive_7d
19,2011-08-23,2011-08-31,22197,8,124.0,194.0,seasonal_naive_7d
19,2011-08-23,2011-08-31,84077,8,0.0,48.0,seasonal_naive_7d
19,2011-08-23,2011-08-31,84270,8,0.0,0.0,seasonal_naive_7d
19,2011-08-23,2011-08-31,84347,8,60.0,0.0,seasonal_naive_7d
19,2011-08-23,2011-08-31,84568,8,0.0,0.0,seasonal_naive_7d
19,2011-08-23,2011-08-31,84755,8,48.0,20.0,seasonal_naive_7d
19,2011-08-23,2011-08-31,84879,8,16.0,32.0,seasonal_naive_7d
19,2011-08-23,2011-08-31,84991,8,28.0,48.0,seasonal_naive_7d
19,2011-08-23,2011-08-31,84992,8,15.0,25.0,seasonal_naive_7d
19,2011-08-23,2011-08-31,85099B,8,167.0,281.0,seasonal_naive_7d
19,2011-08-23,2011-08-31,85123A,8,39.0,70.0,seasonal_naive_7d
19,2011-08-23,2011-09-01,17003,9,108.0,36.0,seasonal_naive_7d
19,2011-08-23,2011-09-01,20725,9,55.0,95.0,seasonal_naive_7d
19,2011-08-23,2011-09-01,21212,9,75.0,1369.0,seasonal_naive_7d
19,2011-08-23,2011-09-01,21213,9,2.0,721.0,seasonal_naive_7d
19,2011-08-23,2011-09-01,21232,9,36.0,12.0,seasonal_naive_7d
19,2011-08-23,2011-09-01,21977,9,48.0,792.0,seasonal_naive_7d
19,2011-08-23,2011-09-01,21980,9,0.0,24.0,seasonal_naive_7d
19,2011-08-23,2011-09-01,21982,9,1.0,0.0,seasonal_naive_7d
19,2011-08-23,2011-09-01,21984,9,24.0,0.0,seasonal_naive_7d
19,2011-08-23,2011-09-01,22197,9,101.0,38.0,seasonal_naive_7d
19,2011-08-23,2011-09-01,84077,9,144.0,0.0,seasonal_naive_7d
19,2011-08-23,2011-09-01,84270,9,0.0,0.0,seasonal_naive_7d
19,2011-08-23,2011-09-01,84347,9,0.0,0.0,seasonal_naive_7d
19,2011-08-23,2011-09-01,84568,9,1440.0,0.0,seasonal_naive_7d
19,2011-08-23,2011-09-01,84755,9,144.0,32.0,seasonal_naive_7d
19,2011-08-23,2011-09-01,84879,9,96.0,95.0,seasonal_naive_7d
19,2011-08-23,2011-09-01,84991,9,48.0,492.0,seasonal_naive_7d
19,2011-08-23,2011-09-01,84992,9,72.0,37.0,seasonal_naive_7d
19,2011-08-23,2011-09-01,85099B,9,301.0,390.0,seasonal_naive_7d
19,2011-08-23,2011-09-01,85123A,9,112.0,15.0,seasonal_naive_7d
19,2011-08-23,2011-09-02,17003,10,1.0,0.0,seasonal_naive_7d
19,2011-08-23,2011-09-02,20725,10,57.0,30.0,seasonal_naive_7d
19,2011-08-23,2011-09-02,21212,10,229.0,72.0,seasonal_naive_7d
19,2011-08-23,2011-09-02,21213,10,154.0,48.0,seasonal_naive_7d
19,2011-08-23,2011-09-02,21232,10,11.0,12.0,seasonal_naive_7d
19,2011-08-23,2011-09-02,21977,10,147.0,24.0,seasonal_naive_7d
19,2011-08-23,2011-09-02,21980,10,0.0,0.0,seasonal_naive_7d
19,2011-08-23,2011-09-02,21982,10,2.0,24.0,seasonal_naive_7d
19,2011-08-23,2011-09-02,21984,10,1.0,0.0,seasonal_naive_7d
19,2011-08-23,2011-09-02,22197,10,667.0,98.0,seasonal_naive_7d
19,2011-08-23,2011-09-02,84077,10,48.0,144.0,seasonal_naive_7d
19,2011-08-23,2011-09-02,84270,10,0.0,0.0,seasonal_naive_7d
19,2011-08-23,2011-09-02,84347,10,1.0,6.0,seasonal_naive_7d
19,2011-08-23,2011-09-02,84568,10,0.0,0.0,seasonal_naive_7d
19,2011-08-23,2011-09-02,84755,10,48.0,32.0,seasonal_naive_7d
19,2011-08-23,2011-09-02,84879,10,16.0,224.0,seasonal_naive_7d
19,2011-08-23,2011-09-02,84991,10,27.0,48.0,seasonal_naive_7d
19,2011-08-23,2011-09-02,84992,10,49.0,0.0,seasonal_naive_7d
19,2011-08-23,2011-09-02,85099B,10,153.0,100.0,seasonal_naive_7d
19,2011-08-23,2011-09-02,85123A,10,166.0,6.0,seasonal_naive_7d
19,2011-08-23,2011-09-03,17003,11,0.0,0.0,seasonal_naive_7d
19,2011-08-23,2011-09-03,20725,11,0.0,0.0,seasonal_naive_7d
19,2011-08-23,2011-09-03,21212,11,0.0,0.0,seasonal_naive_7d
19,2011-08-23,2011-09-03,21213,11,0.0,0.0,seasonal_naive_7d
19,2011-08-23,2011-09-03,21232,11,0.0,0.0,seasonal_naive_7d
19,2011-08-23,2011-09-03,21977,11,0.0,0.0,seasonal_naive_7d
19,2011-08-23,2011-09-03,21980,11,0.0,0.0,seasonal_naive_7d
19,2011-08-23,2011-09-03,21982,11,0.0,0.0,seasonal_naive_7d
19,2011-08-23,2011-09-03,21984,11,0.0,0.0,seasonal_naive_7d
19,2011-08-23,2011-09-03,22197,11,0.0,0.0,seasonal_naive_7d
19,2011-08-23,2011-09-03,84077,11,0.0,0.0,seasonal_naive_7d
19,2011-08-23,2011-09-03,84270,11,0.0,0.0,seasonal_naive_7d
19,2011-08-23,2011-09-03,84347,11,0.0,0.0,seasonal_naive_7d
19,2011-08-23,2011-09-03,84568,11,0.0,0.0,seasonal_naive_7d
19,2011-08-23,2011-09-03,84755,11,0.0,0.0,seasonal_naive_7d
19,2011-08-23,2011-09-03,84879,11,0.0,0.0,seasonal_naive_7d
19,2011-08-23,2011-09-03,84991,11,0.0,0.0,seasonal_naive_7d
19,2011-08-23,2011-09-03,84992,11,0.0,0.0,seasonal_naive_7d
19,2011-08-23,2011-09-03,85099B,11,0.0,0.0,seasonal_naive_7d
19,2011-08-23,2011-09-03,85123A,11,0.0,0.0,seasonal_naive_7d
19,2011-08-23,2011-09-04,17003,12,0.0,0.0,seasonal_naive_7d
19,2011-08-23,2011-09-04,20725,12,38.0,26.0,seasonal_naive_7d
19,2011-08-23,2011-09-04,21212,12,79.0,8.0,seasonal_naive_7d
19,2011-08-23,2011-09-04,21213,12,53.0,29.0,seasonal_naive_7d
19,2011-08-23,2011-09-04,21232,12,0.0,0.0,seasonal_naive_7d
19,2011-08-23,2011-09-04,21977,12,1.0,11.0,seasonal_naive_7d
19,2011-08-23,2011-09-04,21980,12,84.0,0.0,seasonal_naive_7d
19,2011-08-23,2011-09-04,21982,12,0.0,1.0,seasonal_naive_7d
19,2011-08-23,2011-09-04,21984,12,12.0,12.0,seasonal_naive_7d
19,2011-08-23,2011-09-04,22197,12,24.0,55.0,seasonal_naive_7d
19,2011-08-23,2011-09-04,84077,12,96.0,48.0,seasonal_naive_7d
19,2011-08-23,2011-09-04,84270,12,0.0,0.0,seasonal_naive_7d
19,2011-08-23,2011-09-04,84347,12,0.0,5.0,seasonal_naive_7d
19,2011-08-23,2011-09-04,84568,12,0.0,0.0,seasonal_naive_7d
19,2011-08-23,2011-09-04,84755,12,24.0,40.0,seasonal_naive_7d
19,2011-08-23,2011-09-04,84879,12,80.0,81.0,seasonal_naive_7d
19,2011-08-23,2011-09-04,84991,12,34.0,6.0,seasonal_naive_7d
19,2011-08-23,2011-09-04,84992,12,27.0,3.0,seasonal_naive_7d
19,2011-08-23,2011-09-04,85099B,12,58.0,478.0,seasonal_naive_7d
19,2011-08-23,2011-09-04,85123A,12,16.0,15.0,seasonal_naive_7d
19,2011-08-23,2011-09-05,17003,13,0.0,0.0,seasonal_naive_7d
19,2011-08-23,2011-09-05,20725,13,209.0,55.0,seasonal_naive_7d
19,2011-08-23,2011-09-05,21212,13,156.0,72.0,seasonal_naive_7d
19,2011-08-23,2011-09-05,21213,13,35.0,72.0,seasonal_naive_7d
19,2011-08-23,2011-09-05,21232,13,4.0,4.0,seasonal_naive_7d
19,2011-08-23,2011-09-05,21977,13,49.0,24.0,seasonal_naive_7d
19,2011-08-23,2011-09-05,21980,13,96.0,3.0,seasonal_naive_7d
19,2011-08-23,2011-09-05,21982,13,84.0,0.0,seasonal_naive_7d
19,2011-08-23,2011-09-05,21984,13,96.0,2.0,seasonal_naive_7d
19,2011-08-23,2011-09-05,22197,13,105.0,36.0,seasonal_naive_7d
19,2011-08-23,2011-09-05,84077,13,144.0,48.0,seasonal_naive_7d
19,2011-08-23,2011-09-05,84270,13,0.0,0.0,seasonal_naive_7d
19,2011-08-23,2011-09-05,84347,13,0.0,0.0,seasonal_naive_7d
19,2011-08-23,2011-09-05,84568,13,3.0,0.0,seasonal_naive_7d
19,2011-08-23,2011-09-05,84755,13,0.0,88.0,seasonal_naive_7d
19,2011-08-23,2011-09-05,84879,13,48.0,206.0,seasonal_naive_7d
19,2011-08-23,2011-09-05,84991,13,296.0,0.0,seasonal_naive_7d
19,2011-08-23,2011-09-05,84992,13,122.0,0.0,seasonal_naive_7d
19,2011-08-23,2011-09-05,85099B,13,54.0,130.0,seasonal_naive_7d
19,2011-08-23,2011-09-05,85123A,13,95.0,420.0,seasonal_naive_7d
19,2011-08-23,2011-09-06,17003,14,0.0,108.0,seasonal_naive_7d
19,2011-08-23,2011-09-06,20725,14,66.0,127.0,seasonal_naive_7d
19,2011-08-23,2011-09-06,21212,14,37.0,132.0,seasonal_naive_7d
19,2011-08-23,2011-09-06,21213,14,281.0,36.0,seasonal_naive_7d
19,2011-08-23,2011-09-06,21232,14,35.0,0.0,seasonal_naive_7d
19,2011-08-23,2011-09-06,21977,14,4.0,698.0,seasonal_naive_7d
19,2011-08-23,2011-09-06,21980,14,84.0,0.0,seasonal_naive_7d
19,2011-08-23,2011-09-06,21982,14,30.0,28.0,seasonal_naive_7d
19,2011-08-23,2011-09-06,21984,14,48.0,4.0,seasonal_naive_7d
19,2011-08-23,2011-09-06,22197,14,27.0,49.0,seasonal_naive_7d
19,2011-08-23,2011-09-06,84077,14,0.0,240.0,seasonal_naive_7d
19,2011-08-23,2011-09-06,84270,14,0.0,0.0,seasonal_naive_7d
19,2011-08-23,2011-09-06,84347,14,12.0,6.0,seasonal_naive_7d
19,2011-08-23,2011-09-06,84568,14,0.0,0.0,seasonal_naive_7d
19,2011-08-23,2011-09-06,84755,14,64.0,32.0,seasonal_naive_7d
19,2011-08-23,2011-09-06,84879,14,88.0,48.0,seasonal_naive_7d
19,2011-08-23,2011-09-06,84991,14,0.0,41.0,seasonal_naive_7d
19,2011-08-23,2011-09-06,84992,14,0.0,48.0,seasonal_naive_7d
19,2011-08-23,2011-09-06,85099B,14,84.0,151.0,seasonal_naive_7d
19,2011-08-23,2011-09-06,85123A,14,184.0,122.0,seasonal_naive_7d
